frame,timestamp,landmark_id,landmark_name,x,y,z,visibility,presence
58,2.28,0,NOSE,0.8988237977027893,0.3082146942615509,-0.049631185829639435,0.9524520635604858,0.8459809422492981
58,2.28,1,LEFT_EYE_INNER,0.9015184640884399,0.29791054129600525,-0.07868926227092743,0.939286470413208,0.8043268918991089
58,2.28,2,LEFT_EYE,0.9027354717254639,0.29733163118362427,-0.07878253608942032,0.9433826804161072,0.7911956310272217
58,2.28,3,LEFT_EYE_OUTER,0.9060526490211487,0.29681098461151123,-0.07883794605731964,0.955045759677887,0.7823905348777771
58,2.28,4,RIGHT_EYE_INNER,0.9016818404197693,0.29770010709762573,-0.03069559670984745,0.9345365762710571,0.8449426889419556
58,2.28,5,RIGHT_EYE,0.9031592011451721,0.296938419342041,-0.030658962205052376,0.9305671453475952,0.8533511161804199
58,2.28,6,RIGHT_EYE_OUTER,0.9043328762054443,0.2961805462837219,-0.030849916860461235,0.9458972811698914,0.8581081628799438
58,2.28,7,LEFT_EAR,0.928255558013916,0.2917556166648865,-0.1771177500486374,0.9461471438407898,0.824565052986145
58,2.28,8,RIGHT_EAR,0.9293826818466187,0.2929123044013977,0.04042787849903107,0.9389356374740601,0.9085009694099426
58,2.28,9,MOUTH_LEFT,0.9104074835777283,0.316253662109375,-0.08221686631441116,0.9568904638290405,0.8787710666656494
58,2.28,10,MOUTH_RIGHT,0.9103302955627441,0.31608089804649353,-0.01899172179400921,0.9337894916534424,0.8914555311203003
58,2.28,11,LEFT_SHOULDER,0.9788769483566284,0.33053916692733765,-0.30754780769348145,0.9988269209861755,0.9714836478233337
58,2.28,12,RIGHT_SHOULDER,0.9766273498535156,0.3336871862411499,0.16617873311042786,0.9872791767120361,0.9802916049957275
58,2.28,13,LEFT_ELBOW,0.9414713382720947,0.4188942313194275,-0.33759671449661255,0.8727956414222717,0.9570767283439636
58,2.28,14,RIGHT_ELBOW,0.9573705792427063,0.4131467938423157,0.21083837747573853,0.014776673167943954,0.9730666279792786
58,2.28,15,LEFT_WRIST,0.8516597151756287,0.47561749815940857,-0.2555590271949768,0.7229920625686646,0.8214067816734314
58,2.28,16,RIGHT_WRIST,0.8823294639587402,0.456105500459671,0.1647988259792328,0.024432379752397537,0.858762800693512
58,2.28,17,LEFT_PINKY,0.8385986089706421,0.49046817421913147,-0.28626036643981934,0.6519269943237305,0.7038446068763733
58,2.28,18,RIGHT_PINKY,0.8662477731704712,0.4663603603839874,0.178156316280365,0.02842501550912857,0.8069391846656799
58,2.28,19,LEFT_INDEX,0.8231109976768494,0.4868050217628479,-0.2723909318447113,0.6482365131378174,0.6888665556907654
58,2.28,20,RIGHT_INDEX,0.8550233840942383,0.46515336632728577,0.1401553601026535,0.028544917702674866,0.7812663316726685
58,2.28,21,LEFT_THUMB,0.8297266364097595,0.48114216327667236,-0.2463969737291336,0.5786224007606506,0.7276298403739929
58,2.28,22,RIGHT_THUMB,0.8621712327003479,0.462371289730072,0.1469181329011917,0.03327907249331474,0.8073263168334961
58,2.28,23,LEFT_HIP,0.9749789834022522,0.4660089313983917,-0.1394847333431244,0.983246386051178,0.9371876120567322
58,2.28,24,RIGHT_HIP,0.9680173397064209,0.45951521396636963,0.1393899768590927,0.9783133864402771,0.9474972486495972
58,2.28,25,LEFT_KNEE,0.8450693488121033,0.48300474882125854,-0.14081576466560364,0.5060685276985168,0.5896869897842407
58,2.28,26,RIGHT_KNEE,0.8737146258354187,0.4776906371116638,0.19172537326812744,0.0926763117313385,0.742189347743988
58,2.28,27,LEFT_ANKLE,0.8191047310829163,0.5398175120353699,0.07334154099225998,0.14887037873268127,0.2897416353225708
58,2.28,28,RIGHT_ANKLE,0.8407319784164429,0.5362576842308044,0.2870647609233856,0.05673244222998619,0.3786742091178894
58,2.28,29,LEFT_HEEL,0.8336946964263916,0.5534539818763733,0.09463094919919968,0.16158263385295868,0.2957451045513153
58,2.28,30,RIGHT_HEEL,0.8486123085021973,0.5499683022499084,0.29558485746383667,0.11505860090255737,0.32499799132347107
58,2.28,31,LEFT_FOOT_INDEX,0.7569249868392944,0.5414130091667175,0.1014517992734909,0.14386042952537537,0.27235546708106995
58,2.28,32,RIGHT_FOOT_INDEX,0.7779402136802673,0.5401000380516052,0.28284773230552673,0.07685939967632294,0.3706696927547455
59,2.32,0,NOSE,0.803746223449707,0.30821794271469116,-0.12945710122585297,0.9547619819641113,0.9815632104873657
59,2.32,1,LEFT_EYE_INNER,0.8112737536430359,0.29787346720695496,-0.15907786786556244,0.9431300163269043,0.9778428673744202
59,2.32,2,LEFT_EYE,0.8157116770744324,0.2972742021083832,-0.1591244488954544,0.9470062255859375,0.9803004264831543
59,2.32,3,LEFT_EYE_OUTER,0.8179107308387756,0.29674190282821655,-0.15920813381671906,0.958385705947876,0.9835774898529053
59,2.32,4,RIGHT_EYE_INNER,0.8111221194267273,0.29768458008766174,-0.11420968919992447,0.9367368221282959,0.9664402008056641
59,2.32,5,RIGHT_EYE,0.8128281831741333,0.29692426323890686,-0.1140858456492424,0.9316760301589966,0.9606180787086487
59,2.32,6,RIGHT_EYE_OUTER,0.8180364966392517,0.2961689233779907,-0.11417274177074432,0.9469156861305237,0.9526535272598267
59,2.32,7,LEFT_EAR,0.8399429321289062,0.2922132611274719,-0.25686949491500854,0.9501433372497559,0.9916256070137024
59,2.32,8,RIGHT_EAR,0.840569257736206,0.2929394543170929,-0.05868825688958168,0.9397891759872437,0.9629260301589966
59,2.32,9,MOUTH_LEFT,0.8164013624191284,0.31626424193382263,-0.16178907454013824,0.9598928093910217,0.9916040301322937
59,2.32,10,MOUTH_RIGHT,0.8160032629966736,0.31608855724334717,-0.10385829955339432,0.9374724626541138,0.9850873947143555
59,2.32,11,LEFT_SHOULDER,0.8906729817390442,0.3370460569858551,-0.3758792281150818,0.9989354610443115,0.9995847344398499
59,2.32,12,RIGHT_SHOULDER,0.9054961204528809,0.3329848051071167,0.08295945078134537,0.987720787525177,0.9955885410308838
59,2.32,13,LEFT_ELBOW,0.8109515309333801,0.42341992259025574,-0.39852049946784973,0.880804717540741,0.999516487121582
59,2.32,14,RIGHT_ELBOW,0.8553150296211243,0.40250810980796814,0.13773055374622345,0.01515162829309702,0.9975570440292358
59,2.32,15,LEFT_WRIST,0.7223817706108093,0.4973399043083191,-0.3317566514015198,0.7472754716873169,0.998414158821106
59,2.32,16,RIGHT_WRIST,0.7944602370262146,0.4372349679470062,0.12336548417806625,0.026038432493805885,0.9916529059410095
59,2.32,17,LEFT_PINKY,0.702290952205658,0.5111989974975586,-0.3748646080493927,0.6814730167388916,0.9943191409111023
59,2.32,18,RIGHT_PINKY,0.7889829277992249,0.4414195716381073,0.13909702003002167,0.02996094711124897,0.9853158593177795
59,2.32,19,LEFT_INDEX,0.6813908219337463,0.508557915687561,-0.35764771699905396,0.6780425906181335,0.9936922788619995
59,2.32,20,RIGHT_INDEX,0.7761197090148926,0.4401003420352936,0.10100887715816498,0.030039822682738304,0.9845108985900879
59,2.32,21,LEFT_THUMB,0.6866847276687622,0.5030494332313538,-0.3223929703235626,0.6126099228858948,0.9958328604698181
59,2.32,22,RIGHT_THUMB,0.7774012088775635,0.440935343503952,0.10675054043531418,0.03469979390501976,0.9891484379768372
59,2.32,23,LEFT_HIP,0.8960741758346558,0.46603116393089294,-0.1294136494398117,0.9848963618278503,0.9997521042823792
59,2.32,24,RIGHT_HIP,0.899781346321106,0.45688503980636597,0.129160538315773,0.9804038405418396,0.9994052648544312
59,2.32,25,LEFT_KNEE,0.7716122269630432,0.4648509621620178,-0.124732106924057,0.511214017868042,0.994594156742096
59,2.32,26,RIGHT_KNEE,0.8045215010643005,0.45126083493232727,0.19520901143550873,0.0933479517698288,0.9939733147621155
59,2.32,27,LEFT_ANKLE,0.7441835403442383,0.536199688911438,0.06960396468639374,0.16130556166172028,0.9863471388816833
59,2.32,28,RIGHT_ANKLE,0.7815101146697998,0.5307153463363647,0.2811529040336609,0.06251230835914612,0.9817319512367249
59,2.32,29,LEFT_HEEL,0.7571951746940613,0.5500457882881165,0.09073317795991898,0.17976224422454834,0.9827944040298462
59,2.32,30,RIGHT_HEEL,0.79523766040802,0.5458440184593201,0.28952649235725403,0.12195923179388046,0.9757039546966553
59,2.32,31,LEFT_FOOT_INDEX,0.687721848487854,0.541491687297821,0.10484111309051514,0.16405922174453735,0.9697400331497192
59,2.32,32,RIGHT_FOOT_INDEX,0.7180343866348267,0.5408220291137695,0.2831915318965912,0.08593809604644775,0.964272677898407
60,2.36,0,NOSE,0.758989691734314,0.3085227608680725,-0.15393686294555664,0.9576836824417114,0.997901439666748
60,2.36,1,LEFT_EYE_INNER,0.7651215195655823,0.2978690266609192,-0.18392471969127655,0.9476984739303589,0.9979711174964905
60,2.36,2,LEFT_EYE,0.767089307308197,0.29726260900497437,-0.18395742774009705,0.9512037038803101,0.9982941746711731
60,2.36,3,LEFT_EYE_OUTER,0.768642246723175,0.2966983914375305,-0.18412254750728607,0.9619439840316772,0.9986271858215332
60,2.36,4,RIGHT_EYE_INNER,0.7653302550315857,0.2976776957511902,-0.13772040605545044,0.9409253597259521,0.996625542640686
60,2.36,5,RIGHT_EYE,0.7673661708831787,0.2969020903110504,-0.13769027590751648,0.9361101388931274,0.9960623383522034
60,2.36,6,RIGHT_EYE_OUTER,0.769511342048645,0.2961060404777527,-0.13776512444019318,0.950295090675354,0.9952189326286316
60,2.36,7,LEFT_EAR,0.7951338291168213,0.2930450141429901,-0.27828076481819153,0.9539914727210999,0.9994251728057861
60,2.36,8,RIGHT_EAR,0.796475887298584,0.2930099070072174,-0.07158555090427399,0.9423308968544006,0.9972466230392456
60,2.36,9,MOUTH_LEFT,0.7681349515914917,0.31617623567581177,-0.1846463680267334,0.9625129103660583,0.9991148114204407
60,2.36,10,MOUTH_RIGHT,0.7678287625312805,0.31604310870170593,-0.12403540313243866,0.9407060146331787,0.9985345602035522
60,2.36,11,LEFT_SHOULDER,0.8390697240829468,0.3420615792274475,-0.3834019601345062,0.9990359544754028,0.9999532699584961
60,2.36,12,RIGHT_SHOULDER,0.8634986281394958,0.3289393484592438,0.061420124024152756,0.988425076007843,0.9994377493858337
60,2.36,13,LEFT_ELBOW,0.761259913444519,0.426065057516098,-0.4049241244792938,0.8753901124000549,0.999836802482605
60,2.36,14,RIGHT_ELBOW,0.8142212629318237,0.39297863841056824,0.12444055080413818,0.01442172285169363,0.9981098175048828
60,2.36,15,LEFT_WRIST,0.6612478494644165,0.48804280161857605,-0.3622318208217621,0.7585027813911438,0.9989653825759888
60,2.36,16,RIGHT_WRIST,0.7634751200675964,0.4070996344089508,0.11488643288612366,0.024920178577303886,0.9920269846916199
60,2.36,17,LEFT_PINKY,0.6453425884246826,0.4916398227214813,-0.4169485569000244,0.6953582167625427,0.9971509575843811
60,2.36,18,RIGHT_PINKY,0.7664765119552612,0.40270107984542847,0.13124026358127594,0.029015645384788513,0.9893738627433777
60,2.36,19,LEFT_INDEX,0.6341866254806519,0.48526477813720703,-0.39496681094169617,0.6913813948631287,0.9967567324638367
60,2.36,20,RIGHT_INDEX,0.747883141040802,0.39962098002433777,0.09025949984788895,0.028961163014173508,0.9876236915588379
60,2.36,21,LEFT_THUMB,0.6409755945205688,0.48219671845436096,-0.35429200530052185,0.6253604292869568,0.9975998997688293
60,2.36,22,RIGHT_THUMB,0.7436428666114807,0.40324655175209045,0.09748880565166473,0.033377792686223984,0.9909586906433105
60,2.36,23,LEFT_HIP,0.8517495393753052,0.465381920337677,-0.13276667892932892,0.9863852858543396,0.9999779462814331
60,2.36,24,RIGHT_HIP,0.8636170029640198,0.45064404606819153,0.13235554099082947,0.9822229146957397,0.9999263286590576
60,2.36,25,LEFT_KNEE,0.7293137311935425,0.4461452066898346,-0.1640525758266449,0.5150521993637085,0.9996355772018433
60,2.36,26,RIGHT_KNEE,0.7811974883079529,0.4268370568752289,0.19521571695804596,0.08609829097986221,0.999333918094635
60,2.36,27,LEFT_ANKLE,0.641657292842865,0.5226715207099915,-0.05248897895216942,0.19639737904071808,0.9965178966522217
60,2.36,28,RIGHT_ANKLE,0.6527895331382751,0.5170519948005676,0.2817740738391876,0.0615537129342556,0.9963890314102173
60,2.36,29,LEFT_HEEL,0.6428429484367371,0.5389453768730164,-0.042447809129953384,0.2026626020669937,0.9943201541900635
60,2.36,30,RIGHT_HEEL,0.6561200618743896,0.5311502814292908,0.28967979550361633,0.11743103712797165,0.9945893287658691
60,2.36,31,LEFT_FOOT_INDEX,0.555017352104187,0.526071310043335,-0.06949836015701294,0.19194382429122925,0.9899075031280518
60,2.36,32,RIGHT_FOOT_INDEX,0.5786069631576538,0.5271227955818176,0.28209441900253296,0.08588571846485138,0.9899145364761353
61,2.4,0,NOSE,0.6820281147956848,0.3111039996147156,0.037347812205553055,0.9616448283195496,0.9989942908287048
61,2.4,1,LEFT_EYE_INNER,0.6887668967247009,0.29988664388656616,0.009257609024643898,0.9527310729026794,0.998394787311554
61,2.4,2,LEFT_EYE,0.6907278299331665,0.29935675859451294,0.009177218191325665,0.9558777809143066,0.9983693957328796
61,2.4,3,LEFT_EYE_OUTER,0.6926316022872925,0.2987932860851288,0.009035306982696056,0.9655910134315491,0.9983280301094055
61,2.4,4,RIGHT_EYE_INNER,0.6893264651298523,0.29966169595718384,0.04905952513217926,0.9466620683670044,0.9985818862915039
61,2.4,5,RIGHT_EYE,0.691832959651947,0.299024373292923,0.04918823763728142,0.9423232674598694,0.9985988736152649
61,2.4,6,RIGHT_EYE_OUTER,0.6944816708564758,0.298366904258728,0.049152228981256485,0.9551150798797607,0.998487114906311
61,2.4,7,LEFT_EAR,0.713952362537384,0.29625841975212097,-0.08798699080944061,0.9584065079689026,0.9991273283958435
61,2.4,8,RIGHT_EAR,0.7174219489097595,0.29627227783203125,0.09243252873420715,0.9479194283485413,0.9992545247077942
61,2.4,9,MOUTH_LEFT,0.6928284168243408,0.3179393708705902,0.0041723717004060745,0.9659870266914368,0.9991939663887024
61,2.4,10,MOUTH_RIGHT,0.6929223537445068,0.31786873936653137,0.05671912431716919,0.9463457465171814,0.9993903636932373
61,2.4,11,LEFT_SHOULDER,0.7545566558837891,0.32920587062835693,-0.1927795112133026,0.9991235733032227,0.9995896220207214
61,2.4,12,RIGHT_SHOULDER,0.7982111573219299,0.32907533645629883,0.17791536450386047,0.9895156621932983,0.9997159838676453
61,2.4,13,LEFT_ELBOW,0.7323945164680481,0.39146220684051514,-0.14589820802211761,0.8317346572875977,0.9953463673591614
61,2.4,14,RIGHT_ELBOW,0.7969070076942444,0.39580267667770386,0.19296705722808838,0.014362816698849201,0.9927214980125427
61,2.4,15,LEFT_WRIST,0.6948904395103455,0.39665642380714417,0.012222371064126492,0.6990123987197876,0.9699602127075195
61,2.4,16,RIGHT_WRIST,0.7845807075500488,0.41393497586250305,0.13016679883003235,0.02350076287984848,0.9643042683601379
61,2.4,17,LEFT_PINKY,0.6861559152603149,0.3937435448169708,0.0028983515221625566,0.643132746219635,0.964195191860199
61,2.4,18,RIGHT_PINKY,0.7879472374916077,0.4123557209968567,0.13698714971542358,0.02769223041832447,0.9573942422866821
61,2.4,19,LEFT_INDEX,0.6877075433731079,0.38984325528144836,0.020699862390756607,0.638736367225647,0.9623756408691406
61,2.4,20,RIGHT_INDEX,0.7762778401374817,0.41057902574539185,0.12022791057825089,0.027555793523788452,0.9560126066207886
61,2.4,21,LEFT_THUMB,0.6936015486717224,0.39147159457206726,0.02386264130473137,0.5779972076416016,0.9650596380233765
61,2.4,22,RIGHT_THUMB,0.774381160736084,0.4094028174877167,0.12173966318368912,0.0316598042845726,0.9615228176116943
61,2.4,23,LEFT_HIP,0.7822738885879517,0.448449045419693,-0.13133931159973145,0.9876474738121033,0.9996905326843262
61,2.4,24,RIGHT_HIP,0.8047218322753906,0.448855459690094,0.13097815215587616,0.9837967157363892,0.9996065497398376
61,2.4,25,LEFT_KNEE,0.6773781776428223,0.4293084740638733,-0.16378554701805115,0.5378649830818176,0.9980022311210632
61,2.4,26,RIGHT_KNEE,0.7244731783866882,0.43871480226516724,0.19310685992240906,0.08195441216230392,0.997003972530365
61,2.4,27,LEFT_ANKLE,0.5233954787254333,0.5048492550849915,-0.07936910539865494,0.2446707785129547,0.9746321439743042
61,2.4,28,RIGHT_ANKLE,0.6161501407623291,0.5083820819854736,0.2320088893175125,0.06708051264286041,0.9614160656929016
61,2.4,29,LEFT_HEEL,0.5089203715324402,0.518770158290863,-0.07409433275461197,0.24488773941993713,0.9618366360664368
61,2.4,30,RIGHT_HEEL,0.6106152534484863,0.5252057909965515,0.2315972000360489,0.12538132071495056,0.9472044110298157
61,2.4,31,LEFT_FOOT_INDEX,0.4664304554462433,0.4961906373500824,-0.10432060807943344,0.23317109048366547,0.9005439281463623
61,2.4,32,RIGHT_FOOT_INDEX,0.5484344363212585,0.5066953301429749,0.21885263919830322,0.09354088455438614,0.9080825448036194
62,2.44,0,NOSE,0.6446834802627563,0.3112678527832031,0.5739977359771729,0.9586385488510132,0.9998102784156799
62,2.44,1,LEFT_EYE_INNER,0.6513415575027466,0.30046704411506653,0.5588635206222534,0.9511882662773132,0.9995653033256531
62,2.44,2,LEFT_EYE,0.6518571972846985,0.29986876249313354,0.5588587522506714,0.9526864886283875,0.9995123147964478
62,2.44,3,LEFT_EYE_OUTER,0.6519812345504761,0.29919561743736267,0.5586467981338501,0.9636037945747375,0.9994257688522339
62,2.44,4,RIGHT_EYE_INNER,0.6573933362960815,0.3003538250923157,0.5812875628471375,0.9459488987922668,0.9997056126594543
62,2.44,5,RIGHT_EYE,0.6612909436225891,0.2998136878013611,0.5815350413322449,0.9412357807159424,0.9997197985649109
62,2.44,6,RIGHT_EYE_OUTER,0.664821207523346,0.2992544174194336,0.5813756585121155,0.9532732963562012,0.999702513217926
62,2.44,7,LEFT_EAR,0.6656586527824402,0.2968187630176544,0.42700937390327454,0.9553963541984558,0.9995679259300232
62,2.44,8,RIGHT_EAR,0.6881746649742126,0.29769498109817505,0.5329623222351074,0.9479119777679443,0.9998315572738647
62,2.44,9,MOUTH_LEFT,0.6550121307373047,0.31851428747177124,0.5206325054168701,0.964785099029541,0.9997245669364929
62,2.44,10,MOUTH_RIGHT,0.6587086915969849,0.3186131715774536,0.5520200729370117,0.9463745951652527,0.9998378753662109
62,2.44,11,LEFT_SHOULDER,0.6644046902656555,0.3225192725658417,0.2549761235713959,0.9991822242736816,0.9995494484901428
62,2.44,12,RIGHT_SHOULDER,0.7831339240074158,0.33436119556427,0.41819798946380615,0.990431547164917,0.9997381567955017
62,2.44,13,LEFT_ELBOW,0.710297167301178,0.3896224796772003,0.14551575481891632,0.7534294724464417,0.9889326095581055
62,2.44,14,RIGHT_ELBOW,0.8378018140792847,0.4118887484073639,0.3216838240623474,0.014459093101322651,0.996056079864502
62,2.44,15,LEFT_WRIST,0.7337186336517334,0.4327825903892517,0.06126514822244644,0.6346019506454468,0.9181042313575745
62,2.44,16,RIGHT_WRIST,0.8031161427497864,0.4710839092731476,0.2562509775161743,0.023735148832201958,0.9583770036697388
62,2.44,17,LEFT_PINKY,0.706186056137085,0.43941137194633484,0.02958681806921959,0.5850597620010376,0.9205131530761719
62,2.44,18,RIGHT_PINKY,0.8259854912757874,0.47928792238235474,0.24242646992206573,0.027858788147568703,0.9451408386230469
62,2.44,19,LEFT_INDEX,0.7390866875648499,0.43580880761146545,0.0399910993874073,0.5808084607124329,0.9120503664016724
62,2.44,20,RIGHT_INDEX,0.7996534705162048,0.4812995493412018,0.2347533106803894,0.027354102581739426,0.9333043694496155
62,2.44,21,LEFT_THUMB,0.7336397171020508,0.4331153929233551,0.060391947627067566,0.5263205170631409,0.9105862379074097
62,2.44,22,RIGHT_THUMB,0.7796152234077454,0.47845232486724854,0.24713289737701416,0.03139334172010422,0.9520622491836548
62,2.44,23,LEFT_HIP,0.7179033756256104,0.4184568226337433,-0.06004016846418381,0.9888661503791809,0.9999030828475952
62,2.44,24,RIGHT_HIP,0.8001613616943359,0.4299716055393219,0.058696139603853226,0.9853823781013489,0.9998655319213867
62,2.44,25,LEFT_KNEE,0.6368749737739563,0.43023717403411865,0.1203315481543541,0.5621939897537231,0.9972890615463257
62,2.44,26,RIGHT_KNEE,0.760574996471405,0.4578268229961395,0.23697878420352936,0.12646076083183289,0.9965447783470154
62,2.44,27,LEFT_ANKLE,0.4938656985759735,0.48722532391548157,-0.02045459859073162,0.2964555323123932,0.9791066646575928
62,2.44,28,RIGHT_ANKLE,0.6891600489616394,0.5357657670974731,0.11002510786056519,0.1312895119190216,0.9672470688819885
62,2.44,29,LEFT_HEEL,0.4832776188850403,0.5018500089645386,-0.014438223093748093,0.2902841866016388,0.9712719917297363
62,2.44,30,RIGHT_HEEL,0.6844392418861389,0.5525724291801453,0.08968213945627213,0.19277790188789368,0.9519493579864502
62,2.44,31,LEFT_FOOT_INDEX,0.4335702955722809,0.48500993847846985,-0.03361052647233009,0.24859967827796936,0.9527987837791443
62,2.44,32,RIGHT_FOOT_INDEX,0.6216945052146912,0.5483055710792542,0.047709498554468155,0.12424229830503464,0.9502912759780884
63,2.48,0,NOSE,0.5948548316955566,0.31122520565986633,0.49793922901153564,0.9595146179199219,0.9998644590377808
63,2.48,1,LEFT_EYE_INNER,0.5974622368812561,0.30102598667144775,0.4547581970691681,0.9540935754776001,0.999869704246521
63,2.48,2,LEFT_EYE,0.5964931845664978,0.30068475008010864,0.45457524061203003,0.9554601907730103,0.9998670816421509
63,2.48,3,LEFT_EYE_OUTER,0.5950961112976074,0.3003816604614258,0.4543549120426178,0.9652514457702637,0.9998499155044556
63,2.48,4,RIGHT_EYE_INNER,0.6075465679168701,0.30053746700286865,0.4714667499065399,0.9488157033920288,0.9998794794082642
63,2.48,5,RIGHT_EYE,0.6109062433242798,0.300094336271286,0.47162526845932007,0.9444759488105774,0.9998738765716553
63,2.48,6,RIGHT_EYE_OUTER,0.6190699338912964,0.2994316518306732,0.47147509455680847,0.9550259113311768,0.999841570854187
63,2.48,7,LEFT_EAR,0.6047434210777283,0.30210641026496887,0.28222107887268066,0.9590194821357727,0.9998807907104492
63,2.48,8,RIGHT_EAR,0.6357772946357727,0.3005733788013458,0.3615608513355255,0.951102614402771,0.9998756647109985
63,2.48,9,MOUTH_LEFT,0.5980851054191589,0.3188610076904297,0.443421870470047,0.9625527858734131,0.9997746348381042
63,2.48,10,MOUTH_RIGHT,0.6083983778953552,0.3188472390174866,0.46574273705482483,0.9450459480285645,0.9998237490653992
63,2.48,11,LEFT_SHOULDER,0.5815374851226807,0.35072624683380127,0.1323566883802414,0.9992374777793884,0.9998241066932678
63,2.48,12,RIGHT_SHOULDER,0.7189140319824219,0.3410549461841583,0.269118994474411,0.9913538098335266,0.9997279047966003
63,2.48,13,LEFT_ELBOW,0.49634936451911926,0.39468371868133545,0.09598943591117859,0.7776361107826233,0.9963016510009766
63,2.48,14,RIGHT_ELBOW,0.8523358106613159,0.38851308822631836,0.21828465163707733,0.11180389672517776,0.995023250579834
63,2.48,15,LEFT_WRIST,0.4365991950035095,0.42748990654945374,0.17896348237991333,0.6271722316741943,0.9873331785202026
63,2.48,16,RIGHT_WRIST,0.9161131381988525,0.4377345144748688,0.21083983778953552,0.08367247134447098,0.9826400876045227
63,2.48,17,LEFT_PINKY,0.4256696105003357,0.4314647614955902,0.1647794097661972,0.5609947443008423,0.9885460734367371
63,2.48,18,RIGHT_PINKY,0.9436700940132141,0.4484063386917114,0.21287505328655243,0.0636487528681755,0.9822015166282654
63,2.48,19,LEFT_INDEX,0.4306861460208893,0.4236920177936554,0.1883884072303772,0.5559234023094177,0.9884384274482727
63,2.48,20,RIGHT_INDEX,0.935356616973877,0.446812242269516,0.19429247081279755,0.059025838971138,0.9838136434555054
63,2.48,21,LEFT_THUMB,0.44437694549560547,0.43036749958992004,0.19019190967082977,0.5008084177970886,0.9877731204032898
63,2.48,22,RIGHT_THUMB,0.9199277758598328,0.4444572627544403,0.20173394680023193,0.060363199561834335,0.983697235584259
63,2.48,23,LEFT_HIP,0.6606447100639343,0.46275651454925537,-0.038364700973033905,0.9898952841758728,0.9995941519737244
63,2.48,24,RIGHT_HIP,0.746347963809967,0.4566219449043274,0.0377676784992218,0.9865078926086426,0.9989418387413025
63,2.48,25,LEFT_KNEE,0.7059671878814697,0.5266467332839966,0.1795606166124344,0.5285069942474365,0.9947835803031921
63,2.48,26,RIGHT_KNEE,0.7785496711730957,0.5104853510856628,0.25792765617370605,0.14240896701812744,0.9947070479393005
63,2.48,27,LEFT_ANKLE,0.7363829612731934,0.6206321120262146,0.3101179301738739,0.2792241871356964,0.9783756136894226
63,2.48,28,RIGHT_ANKLE,0.7974579334259033,0.6089266538619995,0.41352733969688416,0.13245922327041626,0.9867401123046875
63,2.48,29,LEFT_HEEL,0.7508071660995483,0.6415287256240845,0.32124292850494385,0.2934667468070984,0.9700008630752563
63,2.48,30,RIGHT_HEEL,0.791377067565918,0.6301401257514954,0.43146592378616333,0.21585282683372498,0.9807302951812744
63,2.48,31,LEFT_FOOT_INDEX,0.7412386536598206,0.6252635717391968,0.3170892000198364,0.23153968155384064,0.9773524403572083
63,2.48,32,RIGHT_FOOT_INDEX,0.818513035774231,0.6191550493240356,0.4412422180175781,0.12146735936403275,0.9885496497154236
64,2.52,0,NOSE,0.5750951766967773,0.3115200102329254,0.49875086545944214,0.9631373882293701,0.9998483657836914
64,2.52,1,LEFT_EYE_INNER,0.5771369338035583,0.30128273367881775,0.4426499307155609,0.9584952592849731,0.9998466968536377
64,2.52,2,LEFT_EYE,0.5762833952903748,0.3010607361793518,0.4426040053367615,0.9596968293190002,0.9998437166213989
64,2.52,3,LEFT_EYE_OUTER,0.5714571475982666,0.3011218309402466,0.44247540831565857,0.9685266017913818,0.9998258948326111
64,2.52,4,RIGHT_EYE_INNER,0.5881821513175964,0.3007086217403412,0.4526415467262268,0.9537113308906555,0.9998525381088257
64,2.52,5,RIGHT_EYE,0.5928341150283813,0.3003696799278259,0.45286983251571655,0.949745237827301,0.9998494386672974
64,2.52,6,RIGHT_EYE_OUTER,0.6013999581336975,0.2994333803653717,0.4528124928474426,0.9592486619949341,0.9998121857643127
64,2.52,7,LEFT_EAR,0.5814207196235657,0.3055182695388794,0.24083684384822845,0.962995171546936,0.9998412132263184
64,2.52,8,RIGHT_EAR,0.6211116313934326,0.30239740014076233,0.28816017508506775,0.9557045102119446,0.9998268485069275
64,2.52,9,MOUTH_LEFT,0.5800422430038452,0.319892019033432,0.4364014267921448,0.9654223322868347,0.9997091889381409
64,2.52,10,MOUTH_RIGHT,0.5923975110054016,0.32006123661994934,0.44916561245918274,0.9497786164283752,0.9997522234916687
64,2.52,11,LEFT_SHOULDER,0.546546459197998,0.36149996519088745,0.10214274376630783,0.9992823600769043,0.9995903372764587
64,2.52,12,RIGHT_SHOULDER,0.7385610342025757,0.3490018844604492,0.1363525092601776,0.9921831488609314,0.9994208812713623
64,2.52,13,LEFT_ELBOW,0.3964982032775879,0.42451757192611694,0.14352817833423615,0.7997589111328125,0.9962434768676758
64,2.52,14,RIGHT_ELBOW,0.8592449426651001,0.39179161190986633,0.07796584069728851,0.20040461421012878,0.9953457713127136
64,2.52,15,LEFT_WRIST,0.40976932644844055,0.4016651511192322,0.30182701349258423,0.6511304974555969,0.9968063831329346
64,2.52,16,RIGHT_WRIST,0.9612435698509216,0.4391704797744751,0.04860963672399521,0.1669968217611313,0.9753904938697815
64,2.52,17,LEFT_PINKY,0.405442476272583,0.3907487094402313,0.29207852482795715,0.5769135355949402,0.9963729381561279
64,2.52,18,RIGHT_PINKY,0.9848525524139404,0.44849851727485657,0.01185202319175005,0.1381412297487259,0.9665297269821167
64,2.52,19,LEFT_INDEX,0.41675832867622375,0.38892489671707153,0.2920597791671753,0.5716630220413208,0.9964162111282349
64,2.52,20,RIGHT_INDEX,0.9833395481109619,0.4473479688167572,0.024603065103292465,0.1316981166601181,0.9707865118980408
64,2.52,21,LEFT_THUMB,0.4250391125679016,0.3899068534374237,0.304795503616333,0.5160083174705505,0.9966570138931274
64,2.52,22,RIGHT_THUMB,0.9700055122375488,0.4450776278972626,0.04992419481277466,0.128427654504776,0.9727507829666138
64,2.52,23,LEFT_HIP,0.661987841129303,0.5019034147262573,-0.008557407185435295,0.990659773349762,0.9987006187438965
64,2.52,24,RIGHT_HIP,0.7588329911231995,0.4920760691165924,0.00818530935794115,0.9872668385505676,0.9979168772697449
64,2.52,25,LEFT_KNEE,0.735081136226654,0.5895853042602539,0.13349762558937073,0.4928458631038666,0.9895347952842712
64,2.52,26,RIGHT_KNEE,0.8454886078834534,0.580443799495697,0.12744756042957306,0.16929660737514496,0.9939792156219482
64,2.52,27,LEFT_ANKLE,0.8149857521057129,0.7036040425300598,0.26291584968566895,0.2685833275318146,0.9763131141662598
64,2.52,28,RIGHT_ANKLE,0.8507676720619202,0.7006222009658813,0.34928709268569946,0.16630059480667114,0.9854233264923096
64,2.52,29,LEFT_HEEL,0.8269862532615662,0.7224239110946655,0.2729127109050751,0.3058561682701111,0.9636853337287903
64,2.52,30,RIGHT_HEEL,0.8365943431854248,0.7188469767570496,0.38478702306747437,0.26281359791755676,0.974326491355896
64,2.52,31,LEFT_FOOT_INDEX,0.8241543173789978,0.7242659330368042,0.23197872936725616,0.22434821724891663,0.9759302139282227
64,2.52,32,RIGHT_FOOT_INDEX,0.8719069361686707,0.7206233739852905,0.3305177688598633,0.1411900520324707,0.9860240817070007
65,2.56,0,NOSE,0.539234459400177,0.3123314678668976,0.799620509147644,0.9651092886924744,0.9999619722366333
65,2.56,1,LEFT_EYE_INNER,0.5401117205619812,0.3014748990535736,0.7293094992637634,0.96159428358078,0.999955415725708
65,2.56,2,LEFT_EYE,0.5373712182044983,0.3013066053390503,0.7293806672096252,0.9625676274299622,0.9999591112136841
65,2.56,3,LEFT_EYE_OUTER,0.5359659790992737,0.3013608157634735,0.7292882800102234,0.970589280128479,0.9999517202377319
65,2.56,4,RIGHT_EYE_INNER,0.5503594875335693,0.30096232891082764,0.7501718997955322,0.9573395252227783,0.9999493360519409
65,2.56,5,RIGHT_EYE,0.5562179684638977,0.3006078898906708,0.7503771185874939,0.9535962343215942,0.9999455213546753
65,2.56,6,RIGHT_EYE_OUTER,0.5620068311691284,0.29992473125457764,0.7501958608627319,0.9621070623397827,0.9999275207519531
65,2.56,7,LEFT_EAR,0.5458738207817078,0.3058399260044098,0.4582800567150116,0.965741753578186,0.9999669790267944
65,2.56,8,RIGHT_EAR,0.5825675129890442,0.3034926652908325,0.5495067238807678,0.9590680599212646,0.9999351501464844
65,2.56,9,MOUTH_LEFT,0.5413022637367249,0.3207598924636841,0.7126134634017944,0.9634318947792053,0.9999513626098633
65,2.56,10,MOUTH_RIGHT,0.5522792935371399,0.3213379681110382,0.7388458251953125,0.9494588971138,0.9999431371688843
65,2.56,11,LEFT_SHOULDER,0.49275675415992737,0.3623911142349243,0.2077758014202118,0.9993180632591248,0.9999349117279053
65,2.56,12,RIGHT_SHOULDER,0.7124725580215454,0.3584531247615814,0.4273628890514374,0.9927327632904053,0.99962317943573
65,2.56,13,LEFT_ELBOW,0.3532366156578064,0.4183662235736847,0.2545064091682434,0.8190627098083496,0.9994602799415588
65,2.56,14,RIGHT_ELBOW,0.8555762767791748,0.3865756094455719,0.38645416498184204,0.27819475531578064,0.9983580708503723
65,2.56,15,LEFT_WRIST,0.35693901777267456,0.38919776678085327,0.4776887595653534,0.6589661240577698,0.997225284576416
65,2.56,16,RIGHT_WRIST,0.913612961769104,0.4589444100856781,0.3178500235080719,0.23610350489616394,0.9942218661308289
65,2.56,17,LEFT_PINKY,0.3546551465988159,0.3824118375778198,0.47235631942749023,0.5724701881408691,0.9953219294548035
65,2.56,18,RIGHT_PINKY,0.9298943877220154,0.4741286337375641,0.29826876521110535,0.2004760205745697,0.9924519658088684
65,2.56,19,LEFT_INDEX,0.3697469234466553,0.3794693648815155,0.4762513339519501,0.5669201016426086,0.9943482279777527
65,2.56,20,RIGHT_INDEX,0.9206794500350952,0.47496482729911804,0.2916623055934906,0.1925038993358612,0.9916961789131165
65,2.56,21,LEFT_THUMB,0.375802218914032,0.38200506567955017,0.484195739030838,0.5153538584709167,0.9949199557304382
65,2.56,22,RIGHT_THUMB,0.9110109210014343,0.47216781973838806,0.3134409189224243,0.18337970972061157,0.9928164482116699
65,2.56,23,LEFT_HIP,0.646933376789093,0.5381625294685364,-0.12743163108825684,0.9915735125541687,0.9999864101409912
65,2.56,24,RIGHT_HIP,0.7455817461013794,0.5300240516662598,0.12657859921455383,0.9883476495742798,0.9999326467514038
65,2.56,25,LEFT_KNEE,0.6189755201339722,0.6748517155647278,-0.16205602884292603,0.5301326513290405,0.9976143836975098
65,2.56,26,RIGHT_KNEE,0.7107722759246826,0.6502543687820435,0.26044291257858276,0.1634691059589386,0.9890193343162537
65,2.56,27,LEFT_ANKLE,0.7146429419517517,0.8145580291748047,-0.29201698303222656,0.2975327670574188,0.9765679240226746
65,2.56,28,RIGHT_ANKLE,0.7449188828468323,0.7798788547515869,0.31295403838157654,0.1568559855222702,0.9529147744178772
65,2.56,29,LEFT_HEEL,0.7902048230171204,0.837500810623169,-0.3062869906425476,0.35388869047164917,0.9576760530471802
65,2.56,30,RIGHT_HEEL,0.7636085152626038,0.8022361397743225,0.33645156025886536,0.2563399374485016,0.941015899181366
65,2.56,31,LEFT_FOOT_INDEX,0.682670533657074,0.8403891921043396,-0.3548259735107422,0.2367357611656189,0.9470402598381042
65,2.56,32,RIGHT_FOOT_INDEX,0.7185156345367432,0.8028366565704346,0.2922002971172333,0.13309703767299652,0.9710822701454163
66,2.6,0,NOSE,0.5311511158943176,0.3128519356250763,0.7806358933448792,0.9662290811538696,0.9999465942382812
66,2.6,1,LEFT_EYE_INNER,0.5299043655395508,0.30183136463165283,0.6997461318969727,0.9639948010444641,0.9999188184738159
66,2.6,2,LEFT_EYE,0.5265130996704102,0.30169418454170227,0.6997207403182983,0.9648756980895996,0.9999178647994995
66,2.6,3,LEFT_EYE_OUTER,0.524064302444458,0.30180373787879944,0.6996516585350037,0.9720807671546936,0.9999010562896729
66,2.6,4,RIGHT_EYE_INNER,0.5413728952407837,0.3011719286441803,0.721962034702301,0.9602290391921997,0.9999252557754517
66,2.6,5,RIGHT_EYE,0.548502504825592,0.30070409178733826,0.7221834659576416,0.9566442370414734,0.9999169111251831
66,2.6,6,RIGHT_EYE_OUTER,0.5545701384544373,0.3000726103782654,0.7221128940582275,0.9640467762947083,0.9998917579650879
66,2.6,7,LEFT_EAR,0.5308353900909424,0.30609261989593506,0.42087632417678833,0.9678851366043091,0.9999210834503174
66,2.6,8,RIGHT_EAR,0.5716351270675659,0.3034002184867859,0.5230486392974854,0.9616202116012573,0.9999027252197266
66,2.6,9,MOUTH_LEFT,0.5308456420898438,0.32127076387405396,0.6930989623069763,0.9629001617431641,0.9999301433563232
66,2.6,10,MOUTH_RIGHT,0.5439529418945312,0.3217531442642212,0.7217790484428406,0.9494170546531677,0.9999185800552368
66,2.6,11,LEFT_SHOULDER,0.4762081503868103,0.3599640727043152,0.1320299506187439,0.9993535876274109,0.9997891783714294
66,2.6,12,RIGHT_SHOULDER,0.6840553283691406,0.3618985116481781,0.4321650266647339,0.9930054545402527,0.9993330836296082
66,2.6,13,LEFT_ELBOW,0.34727853536605835,0.3987274467945099,0.028309717774391174,0.8353387117385864,0.9961910247802734
66,2.6,14,RIGHT_ELBOW,0.8534634709358215,0.37507203221321106,0.3523235619068146,0.34982064366340637,0.9976781010627747
66,2.6,15,LEFT_WRIST,0.33917391300201416,0.39341774582862854,-0.26681527495384216,0.6589265465736389,0.9698936343193054
66,2.6,16,RIGHT_WRIST,0.9774326086044312,0.41113975644111633,0.24615421891212463,0.3007810711860657,0.9825813174247742
66,2.6,17,LEFT_PINKY,0.3295319974422455,0.3945378065109253,-0.3460195064544678,0.5730105042457581,0.9700498580932617
66,2.6,18,RIGHT_PINKY,1.008116364479065,0.4207674264907837,0.28428784012794495,0.2604433596134186,0.9786035418510437
66,2.6,19,LEFT_INDEX,0.3346768617630005,0.3920912742614746,-0.3338559865951538,0.5676068663597107,0.9644659161567688
66,2.6,20,RIGHT_INDEX,1.008614182472229,0.4214859902858734,0.2229013442993164,0.2521776854991913,0.9726973176002502
66,2.6,21,LEFT_THUMB,0.34602832794189453,0.39229246973991394,-0.2672213017940521,0.5171079635620117,0.958152174949646
66,2.6,22,RIGHT_THUMB,0.9807521104812622,0.41671690344810486,0.23949845135211945,0.23732970654964447,0.9750444889068604
66,2.6,23,LEFT_HIP,0.611158549785614,0.569512128829956,-0.1960609257221222,0.992401659488678,0.9999860525131226
66,2.6,24,RIGHT_HIP,0.7266049385070801,0.5528779625892639,0.19517375528812408,0.9892628192901611,0.9998912811279297
66,2.6,25,LEFT_KNEE,0.6230210661888123,0.723847508430481,-0.39041778445243835,0.5709757208824158,0.9985756874084473
66,2.6,26,RIGHT_KNEE,0.6325832009315491,0.68147873878479,0.36096110939979553,0.16198818385601044,0.9808312058448792
66,2.6,27,LEFT_ANKLE,0.7303303480148315,0.8805490136146545,-0.5511114001274109,0.35231685638427734,0.976061224937439
66,2.6,28,RIGHT_ANKLE,0.7007907629013062,0.8194161057472229,0.5613682270050049,0.1507551223039627,0.9771973490715027
66,2.6,29,LEFT_HEEL,0.7880871891975403,0.9023483991622925,-0.5652063488960266,0.40211787819862366,0.9605409502983093
66,2.6,30,RIGHT_HEEL,0.7299605011940002,0.839432954788208,0.5802915692329407,0.24820217490196228,0.9778338670730591
66,2.6,31,LEFT_FOOT_INDEX,0.6778169870376587,0.922697126865387,-0.6959829926490784,0.2852134704589844,0.9563525319099426
66,2.6,32,RIGHT_FOOT_INDEX,0.6487517952919006,0.8566848635673523,0.5437004566192627,0.13110679388046265,0.9876848459243774
67,2.64,0,NOSE,0.512820303440094,0.3144299387931824,0.7695329189300537,0.969525933265686,0.9999880790710449
67,2.64,1,LEFT_EYE_INNER,0.5094780921936035,0.30349379777908325,0.6924253106117249,0.9675382971763611,0.9999836683273315
67,2.64,2,LEFT_EYE,0.505379855632782,0.3030973970890045,0.6923282742500305,0.9683289527893066,0.9999829530715942
67,2.64,3,LEFT_EYE_OUTER,0.5013425946235657,0.3028000593185425,0.6923221945762634,0.9748070240020752,0.99997878074646
67,2.64,4,RIGHT_EYE_INNER,0.5226783156394958,0.303156316280365,0.7096648216247559,0.9641522169113159,0.9999861717224121
67,2.64,5,RIGHT_EYE,0.5284727811813354,0.3025646209716797,0.7097345590591431,0.9609259366989136,0.9999847412109375
67,2.64,6,RIGHT_EYE_OUTER,0.5338325500488281,0.3019809126853943,0.709639310836792,0.9675928354263306,0.9999812841415405
67,2.64,7,LEFT_EAR,0.5029793977737427,0.3067627251148224,0.4275401830673218,0.9710668921470642,0.9999862909317017
67,2.64,8,RIGHT_EAR,0.5480732321739197,0.305057555437088,0.5097516179084778,0.9654075503349304,0.9999808073043823
67,2.64,9,MOUTH_LEFT,0.5096733570098877,0.3224419355392456,0.6874194145202637,0.9664689898490906,0.9999794960021973
67,2.64,10,MOUTH_RIGHT,0.5235018730163574,0.32313016057014465,0.7091894745826721,0.9543021321296692,0.9999762773513794
67,2.64,11,LEFT_SHOULDER,0.4386064410209656,0.3576894998550415,0.19066914916038513,0.9994152188301086,0.9999583959579468
67,2.64,12,RIGHT_SHOULDER,0.6629765033721924,0.36827099323272705,0.4116089344024658,0.9936828017234802,0.9999111890792847
67,2.64,13,LEFT_ELBOW,0.30815842747688293,0.39192110300064087,0.35218483209609985,0.8513299226760864,0.9995700716972351
67,2.64,14,RIGHT_ELBOW,0.8372324109077454,0.3769966661930084,0.3528280258178711,0.4147152304649353,0.9996098875999451
67,2.64,15,LEFT_WRIST,0.2859821021556854,0.4016368091106415,0.70880126953125,0.6815195679664612,0.9978116154670715
67,2.64,16,RIGHT_WRIST,0.9495476484298706,0.41539081931114197,0.2997845709323883,0.36766722798347473,0.9986851811408997
67,2.64,17,LEFT_PINKY,0.2745784819126129,0.4091757833957672,0.7245708107948303,0.5904416441917419,0.9964463114738464
67,2.64,18,RIGHT_PINKY,0.9914671778678894,0.4275606572628021,0.28956276178359985,0.3276519775390625,0.9978575110435486
67,2.64,19,LEFT_INDEX,0.28015148639678955,0.40925130248069763,0.7378148436546326,0.5862641930580139,0.9963974356651306
67,2.64,20,RIGHT_INDEX,0.9971120357513428,0.4286540150642395,0.2719663083553314,0.3199526071548462,0.9978511333465576
67,2.64,21,LEFT_THUMB,0.2875097095966339,0.40805748105049133,0.7277102470397949,0.537364661693573,0.9967895150184631
67,2.64,22,RIGHT_THUMB,0.9712314009666443,0.42390596866607666,0.2998976409435272,0.3039768636226654,0.9981698989868164
67,2.64,23,LEFT_HIP,0.5313103199005127,0.576055645942688,-0.20054753124713898,0.993159294128418,0.9999879598617554
67,2.64,24,RIGHT_HIP,0.6434635519981384,0.5715286731719971,0.19990693032741547,0.9903224110603333,0.9999697208404541
67,2.64,25,LEFT_KNEE,0.5607664585113525,0.7389181852340698,-0.39707982540130615,0.6132156848907471,0.9997854828834534
67,2.64,26,RIGHT_KNEE,0.5178511738777161,0.7058225870132446,0.38656309247016907,0.20332247018814087,0.9986492991447449
67,2.64,27,LEFT_ANKLE,0.7771083116531372,0.8615533709526062,-0.5430124998092651,0.4162299931049347,0.9993764758110046
67,2.64,28,RIGHT_ANKLE,0.5121833682060242,0.8460266590118408,0.5572652816772461,0.21724765002727509,0.9989712238311768
67,2.64,29,LEFT_HEEL,0.8356993794441223,0.8667484521865845,-0.5571026802062988,0.46116819977760315,0.9990628361701965
67,2.64,30,RIGHT_HEEL,0.4923332631587982,0.8581413626670837,0.5675598978996277,0.3086373805999756,0.998663067817688
67,2.64,31,LEFT_FOOT_INDEX,0.7604840397834778,0.9091121554374695,-0.6754027605056763,0.3555058240890503,0.9983121156692505
67,2.64,32,RIGHT_FOOT_INDEX,0.44925591349601746,0.8874102234840393,0.4986714720726013,0.20480430126190186,0.9985975623130798
68,2.68,0,NOSE,0.4970404803752899,0.3161379098892212,0.8677045702934265,0.9725069403648376,0.9999959468841553
68,2.68,1,LEFT_EYE_INNER,0.4927760362625122,0.30588898062705994,0.7995079755783081,0.9707237482070923,0.9999933242797852
68,2.68,2,LEFT_EYE,0.48825427889823914,0.3054533004760742,0.7993220090866089,0.9714276194572449,0.9999926090240479
68,2.68,3,LEFT_EYE_OUTER,0.4831899106502533,0.30505210161209106,0.7992954254150391,0.9772597551345825,0.999990701675415
68,2.68,4,RIGHT_EYE_INNER,0.5073633193969727,0.30574560165405273,0.8180668950080872,0.9676762223243713,0.9999947547912598
68,2.68,5,RIGHT_EYE,0.5129415392875671,0.30536720156669617,0.8182523846626282,0.9647679924964905,0.9999938011169434
68,2.68,6,RIGHT_EYE_OUTER,0.5179693102836609,0.30494794249534607,0.8181326389312744,0.9707750678062439,0.9999922513961792
68,2.68,7,LEFT_EAR,0.48220062255859375,0.30906298756599426,0.5402432084083557,0.9738926291465759,0.9999911785125732
68,2.68,8,RIGHT_EAR,0.5321483016014099,0.30773022770881653,0.6271765232086182,0.9687675833702087,0.9999879598617554
68,2.68,9,MOUTH_LEFT,0.490926057100296,0.32443052530288696,0.7833167314529419,0.9696274399757385,0.9999871253967285
68,2.68,10,MOUTH_RIGHT,0.5080099105834961,0.3249911963939667,0.8067882061004639,0.9585862159729004,0.9999855756759644
68,2.68,11,LEFT_SHOULDER,0.4108579754829407,0.3559032082557678,0.25395992398262024,0.9994721412658691,0.9999737739562988
68,2.68,12,RIGHT_SHOULDER,0.6454941630363464,0.3710390031337738,0.4965009391307831,0.9943053722381592,0.9999332427978516
68,2.68,13,LEFT_ELBOW,0.28713759779930115,0.3897154629230499,0.34913796186447144,0.8656318187713623,0.9998708963394165
68,2.68,14,RIGHT_ELBOW,0.8293051719665527,0.38098669052124023,0.3900655210018158,0.4731998145580292,0.9998917579650879
68,2.68,15,LEFT_WRIST,0.25183212757110596,0.4116562604904175,0.5598176717758179,0.7083826065063477,0.999826967716217
68,2.68,16,RIGHT_WRIST,0.968531608581543,0.43844637274742126,0.28239917755126953,0.42995685338974,0.9997150301933289
68,2.68,17,LEFT_PINKY,0.2421189546585083,0.41755613684654236,0.5426473021507263,0.6191309094429016,0.9997212290763855
68,2.68,18,RIGHT_PINKY,1.0075793266296387,0.450285941362381,0.26178961992263794,0.39213722944259644,0.999510645866394
68,2.68,19,LEFT_INDEX,0.2519274055957794,0.4150652289390564,0.5773288011550903,0.6159874200820923,0.9997310042381287
68,2.68,20,RIGHT_INDEX,1.0092556476593018,0.4513661563396454,0.24380634725093842,0.3850278854370117,0.9994950294494629
68,2.68,21,LEFT_THUMB,0.25820523500442505,0.41491326689720154,0.5843230485916138,0.5693092942237854,0.9997721314430237
68,2.68,22,RIGHT_THUMB,0.9890772104263306,0.44845882058143616,0.27960556745529175,0.3691816031932831,0.9995900988578796
68,2.68,23,LEFT_HIP,0.46411702036857605,0.567230761051178,-0.2067706435918808,0.9938419461250305,0.999994158744812
68,2.68,24,RIGHT_HIP,0.5943053960800171,0.5639688968658447,0.20624136924743652,0.9912828207015991,0.9999823570251465
68,2.68,25,LEFT_KNEE,0.47486013174057007,0.720928966999054,-0.4125227928161621,0.6504360437393188,0.999943733215332
68,2.68,26,RIGHT_KNEE,0.4599449336528778,0.6878090500831604,0.41870447993278503,0.24609243869781494,0.9997807145118713
68,2.68,27,LEFT_ANKLE,0.7514926195144653,0.835054337978363,-0.5873271822929382,0.4736602306365967,0.9999104738235474
68,2.68,28,RIGHT_ANKLE,0.3676901161670685,0.8151975870132446,0.6324523091316223,0.2830830514431,0.9998682737350464
68,2.68,29,LEFT_HEEL,0.8157058358192444,0.8315225839614868,-0.6024264693260193,0.5144944190979004,0.9998916387557983
68,2.68,30,RIGHT_HEEL,0.3630017042160034,0.8396161198616028,0.6491847038269043,0.3667808473110199,0.9998326301574707
68,2.68,31,LEFT_FOOT_INDEX,0.7617849707603455,0.9078118801116943,-0.6983728408813477,0.41885906457901,0.9997672438621521
68,2.68,32,RIGHT_FOOT_INDEX,0.3175976276397705,0.8662996888160706,0.5931293964385986,0.2744147777557373,0.9998096823692322
69,2.72,0,NOSE,0.48015689849853516,0.32333406805992126,0.7097295522689819,0.9752057790756226,0.9999831914901733
69,2.72,1,LEFT_EYE_INNER,0.47399672865867615,0.31332528591156006,0.641400933265686,0.9736073017120361,0.9999690055847168
69,2.72,2,LEFT_EYE,0.4673633575439453,0.31265687942504883,0.6412463784217834,0.9742448329925537,0.9999676942825317
69,2.72,3,LEFT_EYE_OUTER,0.4603893458843231,0.31190598011016846,0.6412424445152283,0.9794900417327881,0.9999642372131348
69,2.72,4,RIGHT_EYE_INNER,0.4930553436279297,0.3141029477119446,0.6467477679252625,0.9708583354949951,0.9999654293060303
69,2.72,5,RIGHT_EYE,0.4997759759426117,0.31387442350387573,0.646882951259613,0.9682379961013794,0.9999552965164185
69,2.72,6,RIGHT_EYE_OUTER,0.5060634016990662,0.3136027753353119,0.6467745900154114,0.9736360907554626,0.9999411106109619
69,2.72,7,LEFT_EAR,0.45041215419769287,0.31397441029548645,0.38035351037979126,0.9764509201049805,0.9999681711196899
69,2.72,8,RIGHT_EAR,0.5141687393188477,0.3162408769130707,0.5392246246337891,0.9718024730682373,0.9998958110809326
69,2.72,9,MOUTH_LEFT,0.46694087982177734,0.33014124631881714,0.6251903176307678,0.9725033640861511,0.9999446868896484
69,2.72,10,MOUTH_RIGHT,0.487443208694458,0.3313004672527313,0.6320739388465881,0.9624713063240051,0.9999138116836548
69,2.72,11,LEFT_SHOULDER,0.3640928864479065,0.3573269844055176,0.12697698175907135,0.9995235204696655,0.9999393224716187
69,2.72,12,RIGHT_SHOULDER,0.6016368269920349,0.379663348197937,0.3048143684864044,0.9948632121086121,0.999743640422821
69,2.72,13,LEFT_ELBOW,0.23283158242702484,0.4029178321361542,0.2819207012653351,0.8789355158805847,0.9998090863227844
69,2.72,14,RIGHT_ELBOW,0.758010983467102,0.41180986166000366,0.21274279057979584,0.5258360505104065,0.9997931122779846
69,2.72,15,LEFT_WRIST,0.17577575147151947,0.47595688700675964,0.13520881533622742,0.7353695631027222,0.9998096823692322
69,2.72,16,RIGHT_WRIST,0.891139805316925,0.48602673411369324,0.156682088971138,0.4864281117916107,0.9996356964111328
69,2.72,17,LEFT_PINKY,0.1627272069454193,0.49514681100845337,0.09517119824886322,0.650503396987915,0.9996606111526489
69,2.72,18,RIGHT_PINKY,0.9470624327659607,0.5064333081245422,0.1447935849428177,0.4513617157936096,0.9993465542793274
69,2.72,19,LEFT_INDEX,0.17738796770572662,0.49709847569465637,0.1292189210653305,0.6476301550865173,0.9996774196624756
69,2.72,20,RIGHT_INDEX,0.9435550570487976,0.5076678395271301,0.13864222168922424,0.4448406994342804,0.9993703961372375
69,2.72,21,LEFT_THUMB,0.18320901691913605,0.4919470548629761,0.1555909961462021,0.6031400561332703,0.9997391104698181
69,2.72,22,RIGHT_THUMB,0.9194811582565308,0.5032526850700378,0.1615408957004547,0.4295477271080017,0.9995087385177612
69,2.72,23,LEFT_HIP,0.39575862884521484,0.5721683502197266,-0.19481152296066284,0.9944512248039246,0.9999451637268066
69,2.72,24,RIGHT_HIP,0.5239436626434326,0.5766950249671936,0.19397400319576263,0.9921351075172424,0.9998863935470581
69,2.72,25,LEFT_KNEE,0.37106388807296753,0.7125377058982849,-0.32275280356407166,0.6833416819572449,0.9998243451118469
69,2.72,26,RIGHT_KNEE,0.38951659202575684,0.6935292482376099,0.3768754005432129,0.2870757281780243,0.9993323683738708
69,2.72,27,LEFT_ANKLE,0.5863888263702393,0.7962979674339294,-0.43437665700912476,0.5247160792350769,0.9993646740913391
69,2.72,28,RIGHT_ANKLE,0.2996285855770111,0.8054140210151672,0.5931544303894043,0.34093233942985535,0.9989951252937317
69,2.72,29,LEFT_HEEL,0.642539381980896,0.8005490899085999,-0.44238796830177307,0.5624014735221863,0.999002993106842
69,2.72,30,RIGHT_HEEL,0.2903743088245392,0.8268235921859741,0.6154389381408691,0.416643887758255,0.9985560774803162
69,2.72,31,LEFT_FOOT_INDEX,0.6030779480934143,0.8653643727302551,-0.5170095562934875,0.47487378120422363,0.9987039566040039
69,2.72,32,RIGHT_FOOT_INDEX,0.24621638655662537,0.8226156234741211,0.5779538154602051,0.3340073227882385,0.9988932013511658
70,2.76,0,NOSE,0.4677068889141083,0.3283770680427551,0.6642948985099792,0.9774214625358582,0.9998548030853271
70,2.76,1,LEFT_EYE_INNER,0.4586804509162903,0.31974926590919495,0.5371782779693604,0.9759914875030518,0.9998043179512024
70,2.76,2,LEFT_EYE,0.45147705078125,0.3193313479423523,0.5369856357574463,0.9766015410423279,0.9998062252998352
70,2.76,3,LEFT_EYE_OUTER,0.44396528601646423,0.3188846707344055,0.5370686650276184,0.9812654256820679,0.9997943043708801
70,2.76,4,RIGHT_EYE_INNER,0.47831425070762634,0.32001620531082153,0.5107424259185791,0.9734330773353577,0.9997838139533997
70,2.76,5,RIGHT_EYE,0.4847507178783417,0.31981077790260315,0.5106730461120605,0.9711050391197205,0.9997370839118958
70,2.76,6,RIGHT_EYE_OUTER,0.49102044105529785,0.3196185529232025,0.5105032324790955,0.975884199142456,0.9996699094772339
70,2.76,7,LEFT_EAR,0.43337494134902954,0.32177236676216125,0.21889059245586395,0.9786020517349243,0.9998453855514526
70,2.76,8,RIGHT_EAR,0.503576397895813,0.32279348373413086,0.2291213572025299,0.9742980003356934,0.9995589852333069
70,2.76,9,MOUTH_LEFT,0.4558373987674713,0.3352543115615845,0.5214517116546631,0.9748024344444275,0.9997484087944031
70,2.76,10,MOUTH_RIGHT,0.47747406363487244,0.33605530858039856,0.4939226508140564,0.9656212329864502,0.999660849571228
70,2.76,11,LEFT_SHOULDER,0.3419859707355499,0.364083468914032,0.014121206477284431,0.999565064907074,0.9998618364334106
70,2.76,12,RIGHT_SHOULDER,0.5852533578872681,0.38592520356178284,0.09782633930444717,0.9953616857528687,0.9997062087059021
70,2.76,13,LEFT_ELBOW,0.21180854737758636,0.41575145721435547,-0.02035529911518097,0.8909659385681152,0.9996944665908813
70,2.76,14,RIGHT_ELBOW,0.7302093505859375,0.43501126766204834,-0.010701267048716545,0.5731798410415649,0.9996103644371033
70,2.76,15,LEFT_WRIST,0.16002771258354187,0.4924890398979187,0.040151968598365784,0.7581056356430054,0.9993804693222046
70,2.76,16,RIGHT_WRIST,0.8174597024917603,0.5200004577636719,-0.06933145970106125,0.5368494391441345,0.999340832233429
70,2.76,17,LEFT_PINKY,0.14601737260818481,0.5101560354232788,0.027529766783118248,0.6741812825202942,0.998868465423584
70,2.76,18,RIGHT_PINKY,0.8471549153327942,0.5376368761062622,-0.06978237628936768,0.5034958124160767,0.9987467527389526
70,2.76,19,LEFT_INDEX,0.16430480778217316,0.5136309862136841,0.05770311877131462,0.6714332103729248,0.9988160133361816
70,2.76,20,RIGHT_INDEX,0.8355053663253784,0.5369844436645508,-0.06756820529699326,0.49746179580688477,0.9988155364990234
70,2.76,21,LEFT_THUMB,0.17278999090194702,0.509090006351471,0.058539584279060364,0.6270999312400818,0.9991325736045837
70,2.76,22,RIGHT_THUMB,0.822173535823822,0.5318008065223694,-0.06243116036057472,0.48238080739974976,0.999052107334137
70,2.76,23,LEFT_HIP,0.36443835496902466,0.5705260634422302,-0.14603982865810394,0.9949842095375061,0.9997394680976868
70,2.76,24,RIGHT_HIP,0.49504542350769043,0.5768358707427979,0.14512014389038086,0.9928740859031677,0.9995367527008057
70,2.76,25,LEFT_KNEE,0.3366079330444336,0.7043275833129883,-0.06159099191427231,0.7111338973045349,0.9984146356582642
70,2.76,26,RIGHT_KNEE,0.36551111936569214,0.7016979455947876,0.26620063185691833,0.31894683837890625,0.9961963891983032
70,2.76,27,LEFT_ANKLE,0.44745901226997375,0.8124750256538391,-0.2779846787452698,0.5689812302589417,0.9972673654556274
70,2.76,28,RIGHT_ANKLE,0.28733474016189575,0.8046733736991882,0.15706570446491241,0.3837796449661255,0.9948872923851013
70,2.76,29,LEFT_HEEL,0.48437947034835815,0.8219712972640991,-0.30904272198677063,0.6047669649124146,0.9959372282028198
70,2.76,30,RIGHT_HEEL,0.27861711382865906,0.828914999961853,0.14607544243335724,0.46387362480163574,0.9918856620788574
70,2.76,31,LEFT_FOOT_INDEX,0.4446137249469757,0.8624995350837708,-0.34931015968322754,0.5222898721694946,0.9935839772224426
70,2.76,32,RIGHT_FOOT_INDEX,0.25927290320396423,0.8343474268913269,0.07164447754621506,0.3796526789665222,0.9928228855133057
71,2.8,0,NOSE,0.4258122742176056,0.3422030508518219,0.31219586730003357,0.9794338345527649,0.9993481040000916
71,2.8,1,LEFT_EYE_INNER,0.4189622402191162,0.3337446451187134,0.22887343168258667,0.9779605269432068,0.998873770236969
71,2.8,2,LEFT_EYE,0.412840336561203,0.33308255672454834,0.2289031445980072,0.9785778522491455,0.9987797141075134
71,2.8,3,LEFT_EYE_OUTER,0.40651246905326843,0.3325311839580536,0.22905638813972473,0.9826309680938721,0.9986262321472168
71,2.8,4,RIGHT_EYE_INNER,0.4376033544540405,0.3343738317489624,0.2426820546388626,0.9756762981414795,0.9990864992141724
71,2.8,5,RIGHT_EYE,0.44407209753990173,0.3344022333621979,0.2425912618637085,0.9736276865005493,0.9990125894546509
71,2.8,6,RIGHT_EYE_OUTER,0.4504886269569397,0.3344535827636719,0.24230436980724335,0.9778469204902649,0.9989572763442993
71,2.8,7,LEFT_EAR,0.3993827998638153,0.334160715341568,-0.06285976618528366,0.9801903367042542,0.9987264275550842
71,2.8,8,RIGHT_EAR,0.46182772517204285,0.3370673358440399,0.011537875980138779,0.9763755202293396,0.9988359808921814
71,2.8,9,MOUTH_LEFT,0.41383224725723267,0.348455011844635,0.21804825961589813,0.9767513871192932,0.9987599849700928
71,2.8,10,MOUTH_RIGHT,0.43475478887557983,0.3489125370979309,0.23754261434078217,0.9684804677963257,0.9987898468971252
71,2.8,11,LEFT_SHOULDER,0.3264334201812744,0.37506455183029175,-0.21469709277153015,0.9995752573013306,0.9982693195343018
71,2.8,12,RIGHT_SHOULDER,0.5442160964012146,0.39461565017700195,-0.06387989968061447,0.9958028793334961,0.9994895458221436
71,2.8,13,LEFT_ELBOW,0.19004468619823456,0.42702433466911316,-0.2611028254032135,0.9013895392417908,0.9980712532997131
71,2.8,14,RIGHT_ELBOW,0.6574830412864685,0.46331438422203064,-0.010228965431451797,0.6156178712844849,0.9992730021476746
71,2.8,15,LEFT_WRIST,0.11457930505275726,0.5043283104896545,-0.17971006035804749,0.7773492336273193,0.997319757938385
71,2.8,16,RIGHT_WRIST,0.6682663559913635,0.5520734786987305,0.08426659554243088,0.5798266530036926,0.998786985874176
71,2.8,17,LEFT_PINKY,0.09170488268136978,0.5170925855636597,-0.1747293919324875,0.6964851021766663,0.9965535402297974
71,2.8,18,RIGHT_PINKY,0.6756206750869751,0.5740148425102234,0.160435751080513,0.5456632971763611,0.9980447292327881
71,2.8,19,LEFT_INDEX,0.10534951835870743,0.5200156569480896,-0.15681327879428864,0.6936815977096558,0.9962170720100403
71,2.8,20,RIGHT_INDEX,0.6642038822174072,0.5729310512542725,0.1600486785173416,0.5397515296936035,0.9980236291885376
71,2.8,21,LEFT_THUMB,0.11869172006845474,0.5167127251625061,-0.16444475948810577,0.6478914022445679,0.9968409538269043
71,2.8,22,RIGHT_THUMB,0.6570045948028564,0.5660688281059265,0.10911674797534943,0.5237534046173096,0.9983370304107666
71,2.8,23,LEFT_HIP,0.32994186878204346,0.5645886063575745,-0.09836012125015259,0.9953771829605103,0.9984081387519836
71,2.8,24,RIGHT_HIP,0.45151692628860474,0.5786481499671936,0.09701424837112427,0.9935141801834106,0.9992228746414185
71,2.8,25,LEFT_KNEE,0.24471333622932434,0.6805459856987,0.06666500121355057,0.7356129884719849,0.9963626265525818
71,2.8,26,RIGHT_KNEE,0.35577234625816345,0.6910140514373779,0.2404760867357254,0.37022465467453003,0.9980652928352356
71,2.8,27,LEFT_ANKLE,0.2579943537712097,0.7799158096313477,-0.06841538846492767,0.6089418530464172,0.9980531930923462
71,2.8,28,RIGHT_ANKLE,0.2647966146469116,0.8066878914833069,0.08273053914308548,0.43927648663520813,0.9967542290687561
71,2.8,29,LEFT_HEEL,0.2828427255153656,0.7882365584373474,-0.07919097691774368,0.6422860026359558,0.9976849555969238
71,2.8,30,RIGHT_HEEL,0.2555685043334961,0.8260917663574219,0.06789439916610718,0.5131781697273254,0.9935877323150635
71,2.8,31,LEFT_FOOT_INDEX,0.21236541867256165,0.8246928453445435,-0.0857628807425499,0.5655055642127991,0.9954562187194824
71,2.8,32,RIGHT_FOOT_INDEX,0.19476190209388733,0.8322805762290955,-0.006091985385864973,0.43209564685821533,0.9909995198249817
72,2.84,0,NOSE,0.40067386627197266,0.35036247968673706,0.3271837532520294,0.9813812971115112,0.9998352527618408
72,2.84,1,LEFT_EYE_INNER,0.3950512707233429,0.34149304032325745,0.24502359330654144,0.9799886345863342,0.9997137188911438
72,2.84,2,LEFT_EYE,0.3899803161621094,0.3407629132270813,0.24497412145137787,0.9806057214736938,0.9997174143791199
72,2.84,3,LEFT_EYE_OUTER,0.384758859872818,0.3400798738002777,0.24504487216472626,0.9841838479042053,0.99970942735672
72,2.84,4,RIGHT_EYE_INNER,0.41122013330459595,0.3421715199947357,0.274588018655777,0.9778833389282227,0.9997051358222961
72,2.84,5,RIGHT_EYE,0.41728273034095764,0.3420664966106415,0.27461233735084534,0.9761062264442444,0.9996604919433594
72,2.84,6,RIGHT_EYE_OUTER,0.42350009083747864,0.3420095443725586,0.27441638708114624,0.9797970056533813,0.9996005892753601
72,2.84,7,LEFT_EAR,0.3827574849128723,0.34118229150772095,-0.057011935859918594,0.9820039868354797,0.9997671246528625
72,2.84,8,RIGHT_EAR,0.4377937614917755,0.3433986306190491,0.08114539831876755,0.9784217476844788,0.9994698166847229
72,2.84,9,MOUTH_LEFT,0.3915483355522156,0.3561784327030182,0.2315274327993393,0.9788211584091187,0.9997547268867493
72,2.84,10,MOUTH_RIGHT,0.40982934832572937,0.35669687390327454,0.27043697237968445,0.971253514289856,0.9996680021286011
72,2.84,11,LEFT_SHOULDER,0.3236030638217926,0.3794654607772827,-0.25414615869522095,0.9996107816696167,0.9997981190681458
72,2.84,12,RIGHT_SHOULDER,0.5298196077346802,0.40667077898979187,0.033270806074142456,0.9961830377578735,0.9995331764221191
72,2.84,13,LEFT_ELBOW,0.181444451212883,0.43169933557510376,-0.34347212314605713,0.9111617207527161,0.9997842907905579
72,2.84,14,RIGHT_ELBOW,0.6258581876754761,0.48072922229766846,0.07195563614368439,0.6523710489273071,0.9995482563972473
72,2.84,15,LEFT_WRIST,0.09512317180633545,0.5079475045204163,-0.27284395694732666,0.7984440326690674,0.9995827078819275
72,2.84,16,RIGHT_WRIST,0.593039870262146,0.5562013387680054,0.2593671381473541,0.6068369150161743,0.9993125200271606
72,2.84,17,LEFT_PINKY,0.0703914538025856,0.5255071520805359,-0.29158779978752136,0.7238962650299072,0.9993306398391724
72,2.84,18,RIGHT_PINKY,0.594990611076355,0.5774566531181335,0.3104136288166046,0.5682599544525146,0.9989461302757263
72,2.84,19,LEFT_INDEX,0.07604599744081497,0.5270363092422485,-0.2622300088405609,0.7212173342704773,0.9993189573287964
72,2.84,20,RIGHT_INDEX,0.5769170522689819,0.5740985870361328,0.29313090443611145,0.5613227486610413,0.998967170715332
72,2.84,21,LEFT_THUMB,0.091731496155262,0.5215683579444885,-0.25383734703063965,0.6769754886627197,0.9994459748268127
72,2.84,22,RIGHT_THUMB,0.5686089992523193,0.5654622912406921,0.2631434202194214,0.5423119068145752,0.9991087317466736
72,2.84,23,LEFT_HIP,0.31678083539009094,0.5610525012016296,-0.10886665433645248,0.9958096742630005,0.9997554421424866
72,2.84,24,RIGHT_HIP,0.4325994849205017,0.5772665739059448,0.10786452144384384,0.9941062927246094,0.9996863603591919
72,2.84,25,LEFT_KNEE,0.2039778232574463,0.6756702661514282,0.02356738969683647,0.7615780234336853,0.9996046423912048
72,2.84,26,RIGHT_KNEE,0.3754618465900421,0.6862055063247681,0.3977414667606354,0.4284360706806183,0.9992634654045105
72,2.84,27,LEFT_ANKLE,0.178730309009552,0.771826446056366,-0.050093166530132294,0.6475001573562622,0.999839186668396
72,2.84,28,RIGHT_ANKLE,0.29592031240463257,0.806969404220581,0.19678504765033722,0.4923318326473236,0.9995864033699036
72,2.84,29,LEFT_HEEL,0.2025728076696396,0.7918968796730042,-0.05027489364147186,0.6776419281959534,0.9997963309288025
72,2.84,30,RIGHT_HEEL,0.28144505620002747,0.8241933584213257,0.1475643813610077,0.5596973896026611,0.9993595480918884
72,2.84,31,LEFT_FOOT_INDEX,0.0830809473991394,0.8133450150489807,-0.06723254173994064,0.6061128377914429,0.9994761347770691
72,2.84,32,RIGHT_FOOT_INDEX,0.28363239765167236,0.8266069889068604,0.17205551266670227,0.475401371717453,0.9989026784896851
73,2.88,0,NOSE,0.3686193823814392,0.35684630274772644,0.3921962380409241,0.9831764698028564,0.9997872710227966
73,2.88,1,LEFT_EYE_INNER,0.36641764640808105,0.3464852273464203,0.2707650065422058,0.981866180896759,0.9997093081474304
73,2.88,2,LEFT_EYE,0.3620452284812927,0.34583812952041626,0.27073466777801514,0.9824662208557129,0.9997254014015198
73,2.88,3,LEFT_EYE_OUTER,0.35749390721321106,0.3453730344772339,0.27054938673973083,0.9856497645378113,0.9997469782829285
73,2.88,4,RIGHT_EYE_INNER,0.38206809759140015,0.3472703695297241,0.3149886727333069,0.9799507260322571,0.9995601773262024
73,2.88,5,RIGHT_EYE,0.3888091444969177,0.3472209572792053,0.3149612545967102,0.9783901572227478,0.9994215965270996
73,2.88,6,RIGHT_EYE_OUTER,0.39606061577796936,0.34731942415237427,0.3148765563964844,0.9816121459007263,0.9992604851722717
73,2.88,7,LEFT_EAR,0.35622987151145935,0.34805867075920105,0.03519994392991066,0.9837173819541931,0.9998325109481812
73,2.88,8,RIGHT_EAR,0.40866219997406006,0.34976303577423096,0.11945506930351257,0.9802974462509155,0.9987608194351196
73,2.88,9,MOUTH_LEFT,0.36125463247299194,0.3634565770626068,0.23432636260986328,0.9807953238487244,0.9998114705085754
73,2.88,10,MOUTH_RIGHT,0.37756723165512085,0.364281564950943,0.3074237108230591,0.9738436937332153,0.9995798468589783
73,2.88,11,LEFT_SHOULDER,0.2956177890300751,0.38913971185684204,-0.16426502168178558,0.9996434450149536,0.999937891960144
73,2.88,12,RIGHT_SHOULDER,0.48572081327438354,0.414447158575058,0.020789775997400284,0.9964152574539185,0.9959923624992371
73,2.88,13,LEFT_ELBOW,0.16568174958229065,0.43320831656455994,-0.28765609860420227,0.9200279712677002,0.9999599456787109
73,2.88,14,RIGHT_ELBOW,0.5762556791305542,0.4882994592189789,0.028102396056056023,0.680340051651001,0.9981733560562134
73,2.88,15,LEFT_WRIST,0.07556141167879105,0.5051146149635315,-0.26323390007019043,0.8182879090309143,0.9999511241912842
73,2.88,16,RIGHT_WRIST,0.4749663174152374,0.5394108295440674,0.13739657402038574,0.5897151231765747,0.9986512064933777
73,2.88,17,LEFT_PINKY,0.04705091938376427,0.5253795981407166,-0.2891424894332886,0.7503990530967712,0.9998869895935059
73,2.88,18,RIGHT_PINKY,0.4599944055080414,0.5542967915534973,0.177009716629982,0.5446213483810425,0.9985520243644714
73,2.88,19,LEFT_INDEX,0.05308222770690918,0.5266262888908386,-0.25469738245010376,0.7478455901145935,0.9999059438705444
73,2.88,20,RIGHT_INDEX,0.44884711503982544,0.5507758855819702,0.16855262219905853,0.537057101726532,0.9986075758934021
73,2.88,21,LEFT_THUMB,0.0669364333152771,0.5203370451927185,-0.24436360597610474,0.7066407203674316,0.9999287128448486
73,2.88,22,RIGHT_THUMB,0.45087823271751404,0.5443193316459656,0.13950225710868835,0.5174226760864258,0.9987144470214844
73,2.88,23,LEFT_HIP,0.2728770077228546,0.5670168399810791,-0.0229959674179554,0.9961618781089783,0.9992604851722717
73,2.88,24,RIGHT_HIP,0.39058735966682434,0.5829609632492065,0.021572178229689598,0.9945588707923889,0.9976804256439209
73,2.88,25,LEFT_KNEE,0.14615261554718018,0.6693993210792542,0.21421651542186737,0.785104513168335,0.9995384216308594
73,2.88,26,RIGHT_KNEE,0.38505154848098755,0.6894820332527161,0.3664904832839966,0.4850536286830902,0.9976680874824524
73,2.88,27,LEFT_ANKLE,0.05194618180394173,0.7678787112236023,0.16965457797050476,0.6822688579559326,0.9997650980949402
73,2.88,28,RIGHT_ANKLE,0.3108707666397095,0.8017621636390686,0.2531704604625702,0.5425119996070862,0.9994055032730103
73,2.88,29,LEFT_HEEL,0.060931093990802765,0.790261447429657,0.17003312706947327,0.709403932094574,0.9996567964553833
73,2.88,30,RIGHT_HEEL,0.29373741149902344,0.8175962567329407,0.23656682670116425,0.6031956672668457,0.9992056488990784
73,2.88,31,LEFT_FOOT_INDEX,0.004793623927980661,0.7827730774879456,0.15718518197536469,0.6371071934700012,0.999516487121582
73,2.88,32,RIGHT_FOOT_INDEX,0.31318697333335876,0.8295484185218811,0.2260955423116684,0.5179643034934998,0.9990535378456116
74,2.92,0,NOSE,0.35622158646583557,0.3596758544445038,0.4822792410850525,0.9847865700721741,0.9995306730270386
74,2.92,1,LEFT_EYE_INNER,0.35210442543029785,0.3504345118999481,0.3974626660346985,0.9835938215255737,0.9994853734970093
74,2.92,2,LEFT_EYE,0.3478280305862427,0.3497943878173828,0.3973853588104248,0.9841605424880981,0.9995238780975342
74,2.92,3,LEFT_EYE_OUTER,0.34343305230140686,0.34937477111816406,0.3974580466747284,0.9870060086250305,0.999566376209259
74,2.92,4,RIGHT_EYE_INNER,0.3673308491706848,0.35125845670700073,0.4062582552433014,0.981846272945404,0.9992127418518066
74,2.92,5,RIGHT_EYE,0.3734903931617737,0.3511277735233307,0.40630584955215454,0.9804614186286926,0.9989996552467346
74,2.92,6,RIGHT_EYE_OUTER,0.3795929551124573,0.3511565029621124,0.4060867726802826,0.9832881689071655,0.9987357258796692
74,2.92,7,LEFT_EAR,0.34184369444847107,0.35242950916290283,0.12640106678009033,0.9852800369262695,0.9997573494911194
74,2.92,8,RIGHT_EAR,0.3931083381175995,0.3545432984828949,0.14538715779781342,0.9820683002471924,0.9982984662055969
74,2.92,9,MOUTH_LEFT,0.3478756844997406,0.3665737211704254,0.3832891285419464,0.9825757145881653,0.9996678829193115
74,2.92,10,MOUTH_RIGHT,0.36446714401245117,0.36757510900497437,0.3975435495376587,0.9761422276496887,0.9992802739143372
74,2.92,11,LEFT_SHOULDER,0.27289023995399475,0.3942103981971741,-0.028324250131845474,0.9996705055236816,0.9999147653579712
74,2.92,12,RIGHT_SHOULDER,0.464753657579422,0.4192034900188446,0.02960345335304737,0.9965654015541077,0.9934642910957336
74,2.92,13,LEFT_ELBOW,0.16260561347007751,0.4309277832508087,-0.18098191916942596,0.9280108213424683,0.9999037981033325
74,2.92,14,RIGHT_ELBOW,0.5550470352172852,0.4903561770915985,0.09522950649261475,0.7058214545249939,0.9954923391342163
74,2.92,15,LEFT_WRIST,0.06412453949451447,0.500948429107666,-0.16729749739170074,0.835787296295166,0.9998542070388794
74,2.92,16,RIGHT_WRIST,0.4405907094478607,0.5382753014564514,0.4100678265094757,0.5544161200523376,0.9959719777107239
74,2.92,17,LEFT_PINKY,0.04118378460407257,0.519963800907135,-0.23762783408164978,0.7728734016418457,0.9996734857559204
74,2.92,18,RIGHT_PINKY,0.4169521927833557,0.5383155941963196,0.460762083530426,0.5059802532196045,0.9954755902290344
74,2.92,19,LEFT_INDEX,0.044519178569316864,0.5212404131889343,-0.1909031867980957,0.7702617049217224,0.9997264742851257
74,2.92,20,RIGHT_INDEX,0.40431100130081177,0.5337433218955994,0.458919882774353,0.49838417768478394,0.9955768585205078
74,2.92,21,LEFT_THUMB,0.055389173328876495,0.5162032246589661,-0.14556151628494263,0.7309005260467529,0.9997891783714294
74,2.92,22,RIGHT_THUMB,0.4096168875694275,0.5295501351356506,0.4189283549785614,0.4806922972202301,0.9959459900856018
74,2.92,23,LEFT_HIP,0.2443942278623581,0.5664160847663879,0.055379658937454224,0.996491014957428,0.9991304278373718
74,2.92,24,RIGHT_HIP,0.36315491795539856,0.5839844942092896,-0.0567655973136425,0.9949861764907837,0.9972798824310303
74,2.92,25,LEFT_KNEE,0.12522783875465393,0.6677636504173279,0.1885157972574234,0.8061720728874207,0.9991462230682373
74,2.92,26,RIGHT_KNEE,0.38123655319213867,0.6873160004615784,0.1602596491575241,0.5362808108329773,0.9959331154823303
74,2.92,27,LEFT_ANKLE,0.01258851308375597,0.7651979923248291,0.11812134832143784,0.713234007358551,0.9992011189460754
74,2.92,28,RIGHT_ANKLE,0.31671765446662903,0.7954619526863098,0.07465679943561554,0.5876156687736511,0.9982774257659912
74,2.92,29,LEFT_HEEL,0.0134428096935153,0.7844709753990173,0.11711379140615463,0.7377768158912659,0.998747706413269
74,2.92,30,RIGHT_HEEL,0.2948703169822693,0.8129442930221558,0.07305601984262466,0.6422569751739502,0.9976018071174622
74,2.92,31,LEFT_FOOT_INDEX,-0.018315451219677925,0.7715154886245728,0.11760233342647552,0.6630741357803345,0.9984656572341919
74,2.92,32,RIGHT_FOOT_INDEX,0.3244309425354004,0.8301197290420532,0.08684112876653671,0.5565388798713684,0.9970646500587463
75,2.96,0,NOSE,0.31519293785095215,0.36200860142707825,0.3945930004119873,0.9858178496360779,0.9994565844535828
75,2.96,1,LEFT_EYE_INNER,0.3147350549697876,0.35285571217536926,0.31108760833740234,0.9846141934394836,0.999530553817749
75,2.96,2,LEFT_EYE,0.31118035316467285,0.3523479998111725,0.3109022378921509,0.9853509664535522,0.9995841383934021
75,2.96,3,LEFT_EYE_OUTER,0.30716732144355774,0.35201242566108704,0.31090229749679565,0.9877949953079224,0.9996438026428223
75,2.96,4,RIGHT_EYE_INNER,0.3286985158920288,0.3536435067653656,0.32565784454345703,0.9828389286994934,0.9993124008178711
75,2.96,5,RIGHT_EYE,0.33499807119369507,0.3536239564418793,0.32566186785697937,0.9817290306091309,0.999177873134613
75,2.96,6,RIGHT_EYE_OUTER,0.34142589569091797,0.35379886627197266,0.32542142271995544,0.9837182760238647,0.999009370803833
75,2.96,7,LEFT_EAR,0.3077038526535034,0.35588207840919495,0.03550492599606514,0.9863430857658386,0.9998301267623901
75,2.96,8,RIGHT_EAR,0.35661396384239197,0.3579397201538086,0.09919509291648865,0.982768714427948,0.9989854693412781
75,2.96,9,MOUTH_LEFT,0.30795392394065857,0.36997541785240173,0.30950209498405457,0.9835092425346375,0.999754011631012
75,2.96,10,MOUTH_RIGHT,0.32296499609947205,0.37094125151634216,0.3288997709751129,0.9770063161849976,0.9994847774505615
75,2.96,11,LEFT_SHOULDER,0.24552617967128754,0.39743688702583313,-0.09444770961999893,0.9996909499168396,0.9999256134033203
75,2.96,12,RIGHT_SHOULDER,0.42908596992492676,0.422664076089859,0.01067271176725626,0.996640145778656,0.9961856007575989
75,2.96,13,LEFT_ELBOW,0.13844619691371918,0.4295787811279297,-0.20905424654483795,0.9351905584335327,0.9998137354850769
75,2.96,14,RIGHT_ELBOW,0.5020446181297302,0.4830609858036041,0.2158939391374588,0.7169220447540283,0.9962100982666016
75,2.96,15,LEFT_WRIST,0.03976920619606972,0.4986487627029419,-0.1306784600019455,0.8512821793556213,0.9995177984237671
75,2.96,16,RIGHT_WRIST,0.4250495433807373,0.4879552125930786,0.660546064376831,0.5076782703399658,0.9963422417640686
75,2.96,17,LEFT_PINKY,0.018614662811160088,0.517498254776001,-0.1638910472393036,0.7929059863090515,0.9991348385810852
75,2.96,18,RIGHT_PINKY,0.4044351279735565,0.4827256500720978,0.7432803511619568,0.46243563294410706,0.9955335855484009
75,2.96,19,LEFT_INDEX,0.021018335595726967,0.5176194310188293,-0.13086196780204773,0.7902763485908508,0.9992092251777649
75,2.96,20,RIGHT_INDEX,0.38736921548843384,0.4816756844520569,0.7415719032287598,0.4553554654121399,0.9957429766654968
75,2.96,21,LEFT_THUMB,0.030836455523967743,0.5121098756790161,-0.11183734238147736,0.7522373795509338,0.9993627667427063
75,2.96,22,RIGHT_THUMB,0.39069807529449463,0.4812479019165039,0.6722234487533569,0.4402559697628021,0.9963341951370239
75,2.96,23,LEFT_HIP,0.2102709412574768,0.572020411491394,0.049971941858530045,0.9967882633209229,0.9997307658195496
75,2.96,24,RIGHT_HIP,0.3216577172279358,0.5887020230293274,-0.05140352621674538,0.9953958988189697,0.9991394281387329
75,2.96,25,LEFT_KNEE,0.11054683476686478,0.6643372774124146,0.30755728483200073,0.8243299722671509,0.9993158578872681
75,2.96,26,RIGHT_KNEE,0.3566936254501343,0.6842710375785828,0.18054229021072388,0.582326352596283,0.9983958601951599
75,2.96,27,LEFT_ANKLE,0.014368227683007717,0.7437202334403992,0.12884649634361267,0.7411750555038452,0.9993120431900024
75,2.96,28,RIGHT_ANKLE,0.3228694200515747,0.7913745045661926,-0.03514423966407776,0.628223180770874,0.9990045428276062
75,2.96,29,LEFT_HEEL,0.010551604442298412,0.7623969316482544,0.12008658796548843,0.7635024785995483,0.9990037083625793
75,2.96,30,RIGHT_HEEL,0.3035176694393158,0.8081977367401123,-0.047619324177503586,0.6774969100952148,0.9984409213066101
75,2.96,31,LEFT_FOOT_INDEX,-0.028186559677124023,0.7512404322624207,0.13089831173419952,0.6916471719741821,0.9986090064048767
75,2.96,32,RIGHT_FOOT_INDEX,0.330322802066803,0.8295993804931641,-0.021812165156006813,0.5952474474906921,0.997706413269043
76,3.0,0,NOSE,0.3071393370628357,0.3657062351703644,0.40118861198425293,0.9865900874137878,0.9996482133865356
76,3.0,1,LEFT_EYE_INNER,0.303968220949173,0.3563757836818695,0.3203654885292053,0.9853402376174927,0.9996898174285889
76,3.0,2,LEFT_EYE,0.30018094182014465,0.355864942073822,0.32018786668777466,0.9862484931945801,0.9997174143791199
76,3.0,3,LEFT_EYE_OUTER,0.29592040181159973,0.35559332370758057,0.3201929032802582,0.9882500171661377,0.9997560381889343
76,3.0,4,RIGHT_EYE_INNER,0.3187479078769684,0.35741251707077026,0.3346618711948395,0.9834356307983398,0.9995664954185486
76,3.0,5,RIGHT_EYE,0.3253221809864044,0.35760653018951416,0.33461993932724,0.9825613498687744,0.9994812607765198
76,3.0,6,RIGHT_EYE_OUTER,0.3313787281513214,0.35799846053123474,0.3344034254550934,0.9837087392807007,0.9993877410888672
76,3.0,7,LEFT_EAR,0.29304438829421997,0.35961949825286865,0.04068496823310852,0.9869368672370911,0.9998776912689209
76,3.0,8,RIGHT_EAR,0.34572842717170715,0.3631749153137207,0.10283752530813217,0.9829477667808533,0.9994126558303833
76,3.0,9,MOUTH_LEFT,0.2992928624153137,0.3738254904747009,0.3148964047431946,0.983988881111145,0.9997603297233582
76,3.0,10,MOUTH_RIGHT,0.31587833166122437,0.3751123547554016,0.33345383405685425,0.9775087237358093,0.9995583891868591
76,3.0,11,LEFT_SHOULDER,0.22723573446273804,0.3993636667728424,-0.10037878155708313,0.9996935129165649,0.9998898506164551
76,3.0,12,RIGHT_SHOULDER,0.4139173924922943,0.4272798001766205,0.00930811744183302,0.9967031478881836,0.9970155954360962
76,3.0,13,LEFT_ELBOW,0.12339498847723007,0.42969077825546265,-0.209177628159523,0.9416152238845825,0.9996994733810425
76,3.0,14,RIGHT_ELBOW,0.48292800784111023,0.4807709753513336,0.20286858081817627,0.7231301069259644,0.9958105087280273
76,3.0,15,LEFT_WRIST,0.02973957732319832,0.49357491731643677,-0.11928821355104446,0.8645007610321045,0.9993494153022766
76,3.0,16,RIGHT_WRIST,0.4083634316921234,0.46994537115097046,0.608500063419342,0.4653027653694153,0.9962073564529419
76,3.0,17,LEFT_PINKY,0.0046186442486941814,0.5072002410888672,-0.14120759069919586,0.8094010949134827,0.9989583492279053
76,3.0,18,RIGHT_PINKY,0.3894968032836914,0.46660467982292175,0.6843188405036926,0.42304491996765137,0.9955211877822876
76,3.0,19,LEFT_INDEX,0.008096901699900627,0.508962094783783,-0.1103459820151329,0.8066568374633789,0.9989854693412781
76,3.0,20,RIGHT_INDEX,0.37022164463996887,0.4644325375556946,0.6887430548667908,0.4165138602256775,0.9956644177436829
76,3.0,21,LEFT_THUMB,0.0222617257386446,0.5054269433021545,-0.10179416090250015,0.7689563035964966,0.9991956353187561
76,3.0,22,RIGHT_THUMB,0.37279367446899414,0.4646620452404022,0.6207008957862854,0.4036729633808136,0.9964044094085693
76,3.0,23,LEFT_HIP,0.18401214480400085,0.5758339166641235,0.04365220293402672,0.9970498085021973,0.9998043179512024
76,3.0,24,RIGHT_HIP,0.3011626899242401,0.5937070250511169,-0.04503626376390457,0.9957931637763977,0.9995328187942505
76,3.0,25,LEFT_KNEE,0.10084880888462067,0.6613429188728333,0.3952156901359558,0.8376481533050537,0.9994460940361023
76,3.0,26,RIGHT_KNEE,0.33680659532546997,0.6813472509384155,0.10407713055610657,0.623292863368988,0.9990206956863403
76,3.0,27,LEFT_ANKLE,0.01682250201702118,0.7388235330581665,0.17712117731571198,0.7661261558532715,0.9993595480918884
76,3.0,28,RIGHT_ANKLE,0.31733590364456177,0.7888343334197998,-0.25057539343833923,0.6645277142524719,0.9991931319236755
76,3.0,29,LEFT_HEEL,0.014913341961801052,0.757463276386261,0.1617659032344818,0.7865164875984192,0.999038577079773
76,3.0,30,RIGHT_HEEL,0.29718518257141113,0.8029201030731201,-0.278489887714386,0.7089821100234985,0.9986215829849243
76,3.0,31,LEFT_FOOT_INDEX,-0.0029600001871585846,0.7460892796516418,0.14862032234668732,0.7172369956970215,0.9986685514450073
76,3.0,32,RIGHT_FOOT_INDEX,0.3319636583328247,0.8288362622261047,-0.2980821132659912,0.630090594291687,0.99777752161026
77,3.04,0,NOSE,0.2848014235496521,0.3674631714820862,0.382858544588089,0.9875312447547913,0.9992876648902893
77,3.04,1,LEFT_EYE_INNER,0.28077414631843567,0.358686625957489,0.3086710572242737,0.9863954186439514,0.9994263648986816
77,3.04,2,LEFT_EYE,0.27667707204818726,0.35815954208374023,0.3084990978240967,0.9873459339141846,0.9995126724243164
77,3.04,3,LEFT_EYE_OUTER,0.2723942995071411,0.35785096883773804,0.3085463047027588,0.989058256149292,0.9995939135551453
77,3.04,4,RIGHT_EYE_INNER,0.29442283511161804,0.3598845303058624,0.31720924377441406,0.9844552278518677,0.9991149306297302
77,3.04,5,RIGHT_EYE,0.3002379536628723,0.36018335819244385,0.3171164393424988,0.9837392568588257,0.9989025592803955
77,3.04,6,RIGHT_EYE_OUTER,0.30625125765800476,0.3606816530227661,0.3168904185295105,0.9843804240226746,0.998685896396637
77,3.04,7,LEFT_EAR,0.26833245158195496,0.3619483411312103,0.04456372931599617,0.9878174066543579,0.9998248219490051
77,3.04,8,RIGHT_EAR,0.3177493214607239,0.3663518726825714,0.08262930810451508,0.9837541580200195,0.9987403750419617
77,3.04,9,MOUTH_LEFT,0.27823036909103394,0.37476059794425964,0.30172571539878845,0.9850514531135559,0.9996308088302612
77,3.04,10,MOUTH_RIGHT,0.29305410385131836,0.3766027092933655,0.3122119903564453,0.9788726568222046,0.9991831183433533
77,3.04,11,LEFT_SHOULDER,0.2015424519777298,0.40119487047195435,-0.07729972153902054,0.9996974468231201,0.9999239444732666
77,3.04,12,RIGHT_SHOULDER,0.376565545797348,0.42593657970428467,-0.022076111286878586,0.9966020584106445,0.9951817393302917
77,3.04,13,LEFT_ELBOW,0.10734541714191437,0.4300679564476013,-0.17188660800457,0.9473779797554016,0.9997988343238831
77,3.04,14,RIGHT_ELBOW,0.4335853159427643,0.4767041504383087,0.19038820266723633,0.7178248167037964,0.9914530515670776
77,3.04,15,LEFT_WRIST,0.00785453524440527,0.48750075697898865,-0.09312434494495392,0.8767802715301514,0.9994475245475769
77,3.04,16,RIGHT_WRIST,0.38364067673683167,0.4655921757221222,0.6649229526519775,0.42387378215789795,0.9880877137184143
77,3.04,17,LEFT_PINKY,-0.021770086139440536,0.49779176712036133,-0.0825013741850853,0.8253957629203796,0.9989838004112244
77,3.04,18,RIGHT_PINKY,0.38359150290489197,0.46718329191207886,0.7487759590148926,0.38553348183631897,0.9875741600990295
77,3.04,19,LEFT_INDEX,-0.020770732313394547,0.5004544854164124,-0.05976032093167305,0.8226849436759949,0.9990013241767883
77,3.04,20,RIGHT_INDEX,0.36716994643211365,0.46343475580215454,0.7517226338386536,0.37962478399276733,0.9874113202095032
77,3.04,21,LEFT_THUMB,-0.0038301541935652494,0.4976838529109955,-0.0770847499370575,0.785467803478241,0.9992202520370483
77,3.04,22,RIGHT_THUMB,0.3644495904445648,0.4635109603404999,0.6790674924850464,0.36852118372917175,0.989066481590271
77,3.04,23,LEFT_HIP,0.1665911078453064,0.5727376341819763,0.07722371071577072,0.9973068833351135,0.9998979568481445
77,3.04,24,RIGHT_HIP,0.27595770359039307,0.5891140103340149,-0.07888002693653107,0.9961734414100647,0.9996812343597412
77,3.04,25,LEFT_KNEE,0.11024729907512665,0.6536655426025391,0.38915225863456726,0.8501554131507874,0.999764621257782
77,3.04,26,RIGHT_KNEE,0.29392436146736145,0.6792905330657959,0.022686567157506943,0.6604868769645691,0.99944669008255
77,3.04,27,LEFT_ANKLE,0.04107026383280754,0.7390619516372681,0.24637863039970398,0.788449227809906,0.9997410178184509
77,3.04,28,RIGHT_ANKLE,0.28128838539123535,0.7779129147529602,-0.22742830216884613,0.6973682045936584,0.9995375871658325
77,3.04,29,LEFT_HEEL,0.030718732625246048,0.7568142414093018,0.23713211715221405,0.8069803714752197,0.9996216297149658
77,3.04,30,RIGHT_HEEL,0.2586686909198761,0.787862241268158,-0.24552185833454132,0.7372901439666748,0.9992094039916992
77,3.04,31,LEFT_FOOT_INDEX,0.04336857050657272,0.738389790058136,0.22211773693561554,0.7394649386405945,0.999169111251831
77,3.04,32,RIGHT_FOOT_INDEX,0.3166293203830719,0.8251272439956665,-0.2810616195201874,0.6616136431694031,0.9982000589370728
78,3.08,0,NOSE,0.26776620745658875,0.3713363707065582,0.3943367004394531,0.9867871403694153,0.9994508624076843
78,3.08,1,LEFT_EYE_INNER,0.26483017206192017,0.3626146912574768,0.3193994462490082,0.9855138063430786,0.9996178150177002
78,3.08,2,LEFT_EYE,0.26131340861320496,0.3621496558189392,0.31926995515823364,0.9869974851608276,0.9996562004089355
78,3.08,3,LEFT_EYE_OUTER,0.25727707147598267,0.3618866801261902,0.3193039000034332,0.9880537986755371,0.9997057318687439
78,3.08,4,RIGHT_EYE_INNER,0.27816712856292725,0.3636193573474884,0.3314223289489746,0.982761561870575,0.9994449019432068
78,3.08,5,RIGHT_EYE,0.2835609018802643,0.3638085722923279,0.33137714862823486,0.9822853207588196,0.9992897510528564
78,3.08,6,RIGHT_EYE_OUTER,0.28883451223373413,0.36418771743774414,0.33116140961647034,0.9807712435722351,0.9991450309753418
78,3.08,7,LEFT_EAR,0.2565802335739136,0.3657887578010559,0.048897210508584976,0.9871634244918823,0.9998646974563599
78,3.08,8,RIGHT_EAR,0.3017892837524414,0.36933091282844543,0.10389716178178787,0.9818293452262878,0.9991115927696228
78,3.08,9,MOUTH_LEFT,0.26277777552604675,0.37856924533843994,0.3108586370944977,0.9843558669090271,0.9996926784515381
78,3.08,10,MOUTH_RIGHT,0.2764107584953308,0.38017454743385315,0.3268112540245056,0.9774020314216614,0.9993327260017395
78,3.08,11,LEFT_SHOULDER,0.19668538868427277,0.4039193391799927,-0.0563928447663784,0.9997036457061768,0.9999494552612305
78,3.08,12,RIGHT_SHOULDER,0.3642107844352722,0.42929962277412415,-0.0032755497377365828,0.9964969754219055,0.9955061674118042
78,3.08,13,LEFT_ELBOW,0.10143908858299255,0.4294123649597168,-0.18244564533233643,0.9525743722915649,0.9999010562896729
78,3.08,14,RIGHT_ELBOW,0.4148050546646118,0.47494110465049744,0.18639905750751495,0.7096026539802551,0.9944275617599487
78,3.08,15,LEFT_WRIST,-0.0009120919858105481,0.48405560851097107,-0.15100516378879547,0.8882176280021667,0.999683141708374
78,3.08,16,RIGHT_WRIST,0.35973596572875977,0.46949708461761475,0.6015291213989258,0.3865917921066284,0.9936776757240295
78,3.08,17,LEFT_PINKY,-0.03207693248987198,0.49183762073516846,-0.14914968609809875,0.8405774831771851,0.9993624091148376
78,3.08,18,RIGHT_PINKY,0.347337543964386,0.471318781375885,0.6716635823249817,0.35158202052116394,0.9933708906173706
78,3.08,19,LEFT_INDEX,-0.03192870318889618,0.4943679869174957,-0.12706516683101654,0.8379709720611572,0.9994093179702759
78,3.08,20,RIGHT_INDEX,0.3314514458179474,0.4687689244747162,0.6761419773101807,0.34627434611320496,0.993411123752594
78,3.08,21,LEFT_THUMB,-0.013412173837423325,0.492764949798584,-0.13723306357860565,0.8017738461494446,0.9995531439781189
78,3.08,22,RIGHT_THUMB,0.33113306760787964,0.46818649768829346,0.6140080094337463,0.3367437720298767,0.9944292306900024
78,3.08,23,LEFT_HIP,0.15680518746376038,0.5717767477035522,0.08093319088220596,0.9975420832633972,0.9999297857284546
78,3.08,24,RIGHT_HIP,0.26740506291389465,0.588420033454895,-0.08256284147500992,0.9964813590049744,0.999667763710022
78,3.08,25,LEFT_KNEE,0.10679145902395248,0.652877926826477,0.3166520297527313,0.8603302836418152,0.999765932559967
78,3.08,26,RIGHT_KNEE,0.2692005932331085,0.6786333322525024,0.026844628155231476,0.693701982498169,0.9992421865463257
78,3.08,27,LEFT_ANKLE,0.028074638918042183,0.7404916286468506,0.047692228108644485,0.8086464405059814,0.9998231530189514
78,3.08,28,RIGHT_ANKLE,0.24472001194953918,0.7616050839424133,-0.3036578893661499,0.7268112897872925,0.999761164188385
78,3.08,29,LEFT_HEEL,0.01869790256023407,0.7578423619270325,0.014130747877061367,0.8257189393043518,0.9997087121009827
78,3.08,30,RIGHT_HEEL,0.22345729172229767,0.7657985687255859,-0.3310551345348358,0.7628512382507324,0.999643087387085
78,3.08,31,LEFT_FOOT_INDEX,0.036160390824079514,0.7474418878555298,-0.04455713927745819,0.7597153782844543,0.9993866682052612
78,3.08,32,RIGHT_FOOT_INDEX,0.2583789527416229,0.816581666469574,-0.3716907203197479,0.6897568702697754,0.9992567896842957
79,3.12,0,NOSE,0.2506849467754364,0.37471964955329895,0.507043719291687,0.9873443841934204,0.9995205402374268
79,3.12,1,LEFT_EYE_INNER,0.24677573144435883,0.36628788709640503,0.4355030655860901,0.9860976934432983,0.9996287822723389
79,3.12,2,LEFT_EYE,0.2429068386554718,0.3656798303127289,0.43539950251579285,0.9876132607460022,0.9996490478515625
79,3.12,3,LEFT_EYE_OUTER,0.23873576521873474,0.36529940366744995,0.4355041980743408,0.9883898496627808,0.9996775388717651
79,3.12,4,RIGHT_EYE_INNER,0.25987449288368225,0.36747416853904724,0.43982118368148804,0.9832339882850647,0.9994770884513855
79,3.12,5,RIGHT_EYE,0.2657071352005005,0.36768263578414917,0.43970832228660583,0.9828634262084961,0.9993125200271606
79,3.12,6,RIGHT_EYE_OUTER,0.2715047299861908,0.3680444359779358,0.43945086002349854,0.9807509183883667,0.9991472959518433
79,3.12,7,LEFT_EAR,0.2340162843465805,0.36848342418670654,0.17147058248519897,0.9877322912216187,0.999832272529602
79,3.12,8,RIGHT_EAR,0.28366824984550476,0.3726278841495514,0.19029787182807922,0.9819909930229187,0.9988982677459717
79,3.12,9,MOUTH_LEFT,0.24462197721004486,0.3811599016189575,0.4233754873275757,0.9849988222122192,0.9996408224105835
79,3.12,10,MOUTH_RIGHT,0.2583693563938141,0.38278451561927795,0.4295084774494171,0.9778314232826233,0.999210000038147
79,3.12,11,LEFT_SHOULDER,0.17345276474952698,0.4058251976966858,0.04175823926925659,0.9997144937515259,0.9999325275421143
79,3.12,12,RIGHT_SHOULDER,0.3398640751838684,0.42790183424949646,0.00775850098580122,0.9964838027954102,0.9927256107330322
79,3.12,13,LEFT_ELBOW,0.08419399708509445,0.43121951818466187,-0.123539038002491,0.9572120904922485,0.9998477697372437
79,3.12,14,RIGHT_ELBOW,0.3956283628940582,0.48212772607803345,0.08533857762813568,0.729763925075531,0.9880115985870361
79,3.12,15,LEFT_WRIST,-0.011516924016177654,0.48377132415771484,-0.1484580636024475,0.8983068466186523,0.9997814297676086
79,3.12,16,RIGHT_WRIST,0.33345723152160645,0.4821908175945282,0.3490799367427826,0.3626955449581146,0.9910978078842163
79,3.12,17,LEFT_PINKY,-0.042490359395742416,0.4899460971355438,-0.1520199328660965,0.8535392880439758,0.999500036239624
79,3.12,18,RIGHT_PINKY,0.3306974768638611,0.4846709072589874,0.39277562499046326,0.327201783657074,0.9908417463302612
79,3.12,19,LEFT_INDEX,-0.0404285192489624,0.49156418442726135,-0.13199134171009064,0.851015567779541,0.9995750784873962
79,3.12,20,RIGHT_INDEX,0.31347769498825073,0.47933369874954224,0.40984952449798584,0.32227036356925964,0.9914149641990662
79,3.12,21,LEFT_THUMB,-0.022057371214032173,0.49026381969451904,-0.13748690485954285,0.815588653087616,0.9996936321258545
79,3.12,22,RIGHT_THUMB,0.3135632574558258,0.47779905796051025,0.3624909520149231,0.31479135155677795,0.9927451014518738
79,3.12,23,LEFT_HIP,0.14847251772880554,0.5708735585212708,0.09227317571640015,0.997747004032135,0.9997993111610413
79,3.12,24,RIGHT_HIP,0.2457086592912674,0.5871360898017883,-0.09358511865139008,0.9966537356376648,0.9988168478012085
79,3.12,25,LEFT_KNEE,0.10594784468412399,0.6502792239189148,0.2100476771593094,0.8696836233139038,0.999647855758667
79,3.12,26,RIGHT_KNEE,0.23581048846244812,0.6705340147018433,0.00620857672765851,0.7236188054084778,0.9976434111595154
79,3.12,27,LEFT_ANKLE,0.024783723056316376,0.7411708235740662,-0.11898447573184967,0.8263499140739441,0.9996039271354675
79,3.12,28,RIGHT_ANKLE,0.1815185397863388,0.7437708377838135,-0.28266170620918274,0.752929151058197,0.9993966817855835
79,3.12,29,LEFT_HEEL,0.013904468156397343,0.7576465010643005,-0.15129369497299194,0.842371940612793,0.9992609620094299
79,3.12,30,RIGHT_HEEL,0.16017211973667145,0.7478750944137573,-0.30557411909103394,0.7857171297073364,0.9992133378982544
79,3.12,31,LEFT_FOOT_INDEX,0.03047926165163517,0.7505037188529968,-0.21453465521335602,0.7769159078598022,0.9986063838005066
79,3.12,32,RIGHT_FOOT_INDEX,0.18178701400756836,0.7962765097618103,-0.33483007550239563,0.7135621309280396,0.998619794845581
80,3.16,0,NOSE,0.25130870938301086,0.3770642578601837,0.4851846694946289,0.9879254698753357,0.9991738200187683
80,3.16,1,LEFT_EYE_INNER,0.2448149174451828,0.3686915636062622,0.4044668674468994,0.986492395401001,0.9993185997009277
80,3.16,2,LEFT_EYE,0.24032634496688843,0.3681420385837555,0.40432804822921753,0.9881120920181274,0.9993315935134888
80,3.16,3,LEFT_EYE_OUTER,0.23528961837291718,0.36777886748313904,0.4043830931186676,0.9885392785072327,0.9993805885314941
80,3.16,4,RIGHT_EYE_INNER,0.25891074538230896,0.36959174275398254,0.42590469121932983,0.9836781620979309,0.9991555213928223
80,3.16,5,RIGHT_EYE,0.26389259099960327,0.36967429518699646,0.4261321425437927,0.983527660369873,0.998953104019165
80,3.16,6,RIGHT_EYE_OUTER,0.26856860518455505,0.36988598108291626,0.42590782046318054,0.9809837341308594,0.9988037347793579
80,3.16,7,LEFT_EAR,0.23031622171401978,0.3705558180809021,0.1473880559206009,0.9881826639175415,0.999642014503479
80,3.16,8,RIGHT_EAR,0.2777354419231415,0.37408730387687683,0.1637195348739624,0.9825271964073181,0.9985388517379761
80,3.16,9,MOUTH_LEFT,0.24215534329414368,0.3835966885089874,0.3946245610713959,0.9856648445129395,0.9993208646774292
80,3.16,10,MOUTH_RIGHT,0.2582577168941498,0.38481342792510986,0.42516952753067017,0.9786808490753174,0.9987484216690063
80,3.16,11,LEFT_SHOULDER,0.16391964256763458,0.4061824381351471,0.047923494130373,0.999722421169281,0.9999066591262817
80,3.16,12,RIGHT_SHOULDER,0.33401599526405334,0.426113098859787,-0.036696020513772964,0.9966802597045898,0.9966222047805786
80,3.16,13,LEFT_ELBOW,0.07471957802772522,0.43271440267562866,-0.07024858891963959,0.9612448215484619,0.9998387098312378
80,3.16,14,RIGHT_ELBOW,0.3884381055831909,0.4863371253013611,-0.01681792363524437,0.7539520263671875,0.9938744902610779
80,3.16,15,LEFT_WRIST,-0.009174314327538013,0.48374345898628235,-0.0784921944141388,0.9052197337150574,0.9997468590736389
80,3.16,16,RIGHT_WRIST,0.3336249887943268,0.497498482465744,0.2013683021068573,0.35983753204345703,0.9953343272209167
80,3.16,17,LEFT_PINKY,-0.034812141209840775,0.489952951669693,-0.07788055390119553,0.8603388071060181,0.9994860887527466
80,3.16,18,RIGHT_PINKY,0.317400187253952,0.5033183097839355,0.23307634890079498,0.3190377652645111,0.9949014186859131
80,3.16,19,LEFT_INDEX,-0.03016088344156742,0.491380900144577,-0.06730031967163086,0.8575816750526428,0.9995511174201965
80,3.16,20,RIGHT_INDEX,0.30816519260406494,0.5006948113441467,0.2540111541748047,0.3146010637283325,0.9950662851333618
80,3.16,21,LEFT_THUMB,-0.01369842141866684,0.49023333191871643,-0.0731532946228981,0.8200579881668091,0.9996752738952637
80,3.16,22,RIGHT_THUMB,0.3112724721431732,0.4949301481246948,0.21532399952411652,0.3081625998020172,0.9959744811058044
80,3.16,23,LEFT_HIP,0.1461048275232315,0.5697376132011414,0.11198333650827408,0.9979404807090759,0.9997872710227966
80,3.16,24,RIGHT_HIP,0.23776988685131073,0.5849809646606445,-0.11315788328647614,0.996885359287262,0.9990466237068176
80,3.16,25,LEFT_KNEE,0.11072257161140442,0.6501419544219971,0.21748685836791992,0.8776261210441589,0.9998202919960022
80,3.16,26,RIGHT_KNEE,0.21977417171001434,0.6684737801551819,0.01311887614428997,0.7508552670478821,0.9987432360649109
80,3.16,27,LEFT_ANKLE,0.028890296816825867,0.7419330477714539,-0.07871738821268082,0.842808187007904,0.9998239874839783
80,3.16,28,RIGHT_ANKLE,0.14159467816352844,0.7332682013511658,-0.2537863850593567,0.7772101759910583,0.9997410178184509
80,3.16,29,LEFT_HEEL,0.01696639508008957,0.7553478479385376,-0.10856857150793076,0.8576374053955078,0.9996657371520996
80,3.16,30,RIGHT_HEEL,0.11602915823459625,0.7342692017555237,-0.273997962474823,0.8068082928657532,0.9996833801269531
80,3.16,31,LEFT_FOOT_INDEX,0.020874300971627235,0.7548272609710693,-0.17683514952659607,0.7955107092857361,0.9991287589073181
80,3.16,32,RIGHT_FOOT_INDEX,0.1489911675453186,0.7857566475868225,-0.30485957860946655,0.7397898435592651,0.9992695450782776
81,3.2,0,NOSE,0.2519606649875641,0.37742552161216736,0.4723619818687439,0.9883344173431396,0.998869001865387
81,3.2,1,LEFT_EYE_INNER,0.2450861930847168,0.36879873275756836,0.39360275864601135,0.9867852926254272,0.9990136623382568
81,3.2,2,LEFT_EYE,0.23973383009433746,0.36808547377586365,0.3934931457042694,0.9884353280067444,0.9990370273590088
81,3.2,3,LEFT_EYE_OUTER,0.2343023717403412,0.36757853627204895,0.39356571435928345,0.9886764883995056,0.9990931749343872
81,3.2,4,RIGHT_EYE_INNER,0.259737491607666,0.36972275376319885,0.4156777262687683,0.9842264652252197,0.9987995624542236
81,3.2,5,RIGHT_EYE,0.2643861770629883,0.36968186497688293,0.4159902036190033,0.984144389629364,0.9985402822494507
81,3.2,6,RIGHT_EYE_OUTER,0.26893186569213867,0.3697725534439087,0.41577407717704773,0.9814383387565613,0.9983482360839844
81,3.2,7,LEFT_EAR,0.2264222800731659,0.37008485198020935,0.1614970564842224,0.9884352684020996,0.9994351267814636
81,3.2,8,RIGHT_EAR,0.2758798897266388,0.3736080825328827,0.14951923489570618,0.9829586148262024,0.9981198906898499
81,3.2,9,MOUTH_LEFT,0.2412523627281189,0.38349971175193787,0.3839241564273834,0.9856665730476379,0.9988885521888733
81,3.2,10,MOUTH_RIGHT,0.25780969858169556,0.384859561920166,0.41653376817703247,0.9790711998939514,0.9982692003250122
81,3.2,11,LEFT_SHOULDER,0.15249103307724,0.40568509697914124,0.07690411061048508,0.9997168779373169,0.9998006224632263
81,3.2,12,RIGHT_SHOULDER,0.32215002179145813,0.42552077770233154,-0.046755172312259674,0.9969140291213989,0.997418999671936
81,3.2,13,LEFT_ELBOW,0.04940539970993996,0.43776941299438477,-0.028755513951182365,0.964507520198822,0.9995959401130676
81,3.2,14,RIGHT_ELBOW,0.37571585178375244,0.4854523241519928,-0.0815783217549324,0.7773241996765137,0.9939140677452087
81,3.2,15,LEFT_WRIST,-0.017589258030056953,0.4778732359409332,-0.05131407082080841,0.9059346914291382,0.9992780089378357
81,3.2,16,RIGHT_WRIST,0.32712170481681824,0.5059905648231506,0.04239591211080551,0.37774521112442017,0.9944115281105042
81,3.2,17,LEFT_PINKY,-0.04021478444337845,0.48096349835395813,-0.0510905459523201,0.8570597171783447,0.9988044500350952
81,3.2,18,RIGHT_PINKY,0.31440991163253784,0.5131734609603882,0.060476191341876984,0.32764846086502075,0.9939458966255188
81,3.2,19,LEFT_INDEX,-0.031744200736284256,0.48082679510116577,-0.04402047023177147,0.8537675738334656,0.998875081539154
81,3.2,20,RIGHT_INDEX,0.30467045307159424,0.5118168592453003,0.08450153470039368,0.3234255313873291,0.993735134601593
81,3.2,21,LEFT_THUMB,-0.016758106648921967,0.48138442635536194,-0.04807388782501221,0.8112975358963013,0.9991384744644165
81,3.2,22,RIGHT_THUMB,0.30672740936279297,0.5079938173294067,0.055715594440698624,0.316143274307251,0.9950422048568726
81,3.2,23,LEFT_HIP,0.14645318686962128,0.5599677562713623,0.11781370639801025,0.9980719089508057,0.999396562576294
81,3.2,24,RIGHT_HIP,0.2301321178674698,0.5687245726585388,-0.11876504868268967,0.9970443844795227,0.9981846213340759
81,3.2,25,LEFT_KNEE,0.12544496357440948,0.6368153095245361,0.22644193470478058,0.8567882180213928,0.9993038177490234
81,3.2,26,RIGHT_KNEE,0.20609253644943237,0.6598841547966003,-0.012019847519695759,0.7736493349075317,0.9979225993156433
81,3.2,27,LEFT_ANKLE,0.051799923181533813,0.726012110710144,-0.05490263178944588,0.8497037887573242,0.9993696808815002
81,3.2,28,RIGHT_ANKLE,0.0877019390463829,0.727539598941803,-0.2919057011604309,0.7976832389831543,0.999244213104248
81,3.2,29,LEFT_HEEL,0.034194473177194595,0.7334995865821838,-0.08425476402044296,0.8681075572967529,0.9989482760429382
81,3.2,30,RIGHT_HEEL,0.060739170759916306,0.7323868870735168,-0.31429097056388855,0.8251474499702454,0.9990125894546509
81,3.2,31,LEFT_FOOT_INDEX,0.03805899992585182,0.7555186152458191,-0.14746111631393433,0.8019101023674011,0.9981433153152466
81,3.2,32,RIGHT_FOOT_INDEX,0.10558643937110901,0.7698525190353394,-0.359084814786911,0.7603607177734375,0.9982894062995911
82,3.24,0,NOSE,0.2517746090888977,0.3760910928249359,0.33879849314689636,0.9885051846504211,0.9973074197769165
82,3.24,1,LEFT_EYE_INNER,0.24590572714805603,0.36751702427864075,0.28067079186439514,0.9867821335792542,0.997563362121582
82,3.24,2,LEFT_EYE,0.24079176783561707,0.3668554127216339,0.2806190252304077,0.9883989691734314,0.9976153373718262
82,3.24,3,LEFT_EYE_OUTER,0.235567107796669,0.36636659502983093,0.28072765469551086,0.9884942770004272,0.9976714253425598
82,3.24,4,RIGHT_EYE_INNER,0.2593342959880829,0.36845460534095764,0.2719658613204956,0.9845842123031616,0.9971545934677124
82,3.24,5,RIGHT_EYE,0.2633971571922302,0.3684714138507843,0.2718786597251892,0.9844860434532166,0.9966781139373779
82,3.24,6,RIGHT_EYE_OUTER,0.267564594745636,0.368638813495636,0.27167999744415283,0.9816857576370239,0.9962641596794128
82,3.24,7,LEFT_EAR,0.226096972823143,0.36911895871162415,0.09179452061653137,0.9885092377662659,0.9984320998191833
82,3.24,8,RIGHT_EAR,0.27362579107284546,0.37254348397254944,0.04010053724050522,0.9833573698997498,0.996006429195404
82,3.24,9,MOUTH_LEFT,0.24155615270137787,0.3822075128555298,0.27929872274398804,0.9859660863876343,0.9981071949005127
82,3.24,10,MOUTH_RIGHT,0.25602367520332336,0.3836197257041931,0.2693571448326111,0.9799373745918274,0.9971978664398193
82,3.24,11,LEFT_SHOULDER,0.15193326771259308,0.4059304893016815,0.0419163815677166,0.999699592590332,0.9994945526123047
82,3.24,12,RIGHT_SHOULDER,0.31691601872444153,0.42498937249183655,-0.12444925308227539,0.9971402883529663,0.99664705991745
82,3.24,13,LEFT_ELBOW,0.04913060739636421,0.4376915991306305,-0.06564785540103912,0.9672539234161377,0.9991838335990906
82,3.24,14,RIGHT_ELBOW,0.37518998980522156,0.484310507774353,-0.174202099442482,0.7983710169792175,0.993290901184082
82,3.24,15,LEFT_WRIST,-0.008100183680653572,0.46984487771987915,-0.12436039000749588,0.9088140726089478,0.9986823201179504
82,3.24,16,RIGHT_WRIST,0.32684481143951416,0.506252646446228,-0.09440429508686066,0.418750137090683,0.9920918941497803
82,3.24,17,LEFT_PINKY,-0.02802351862192154,0.47279441356658936,-0.13843464851379395,0.8586437106132507,0.9978480339050293
82,3.24,18,RIGHT_PINKY,0.31087374687194824,0.5178712606430054,-0.09041357040405273,0.36382821202278137,0.9911049008369446
82,3.24,19,LEFT_INDEX,-0.017954353243112564,0.4717436730861664,-0.13581512868404388,0.8549846410751343,0.9980378746986389
82,3.24,20,RIGHT_INDEX,0.305031418800354,0.5152368545532227,-0.07786356657743454,0.3598836362361908,0.9906191825866699
82,3.24,21,LEFT_THUMB,-0.0056063090451061726,0.46822458505630493,-0.12492270022630692,0.8101401329040527,0.9984350800514221
82,3.24,22,RIGHT_THUMB,0.307434618473053,0.5108331441879272,-0.08573039621114731,0.3506373465061188,0.9923111200332642
82,3.24,23,LEFT_HIP,0.14540138840675354,0.5571664571762085,0.12260312587022781,0.9981066584587097,0.9974164962768555
82,3.24,24,RIGHT_HIP,0.2254113107919693,0.5680579543113708,-0.12331239134073257,0.9971054792404175,0.9943816065788269
82,3.24,25,LEFT_KNEE,0.1297471970319748,0.6338275671005249,0.25364404916763306,0.8320032358169556,0.9973748922348022
82,3.24,26,RIGHT_KNEE,0.20228563249111176,0.6545745134353638,-0.028735732659697533,0.7926539182662964,0.9933244585990906
82,3.24,27,LEFT_ANKLE,0.05507156252861023,0.7187265157699585,0.12221484631299973,0.8523788452148438,0.9967678785324097
82,3.24,28,RIGHT_ANKLE,0.07259946316480637,0.7247048020362854,-0.2305644303560257,0.8153718113899231,0.9955559372901917
82,3.24,29,LEFT_HEEL,0.03028239496052265,0.7269735336303711,0.10574610531330109,0.8748095631599426,0.9944679737091064
82,3.24,30,RIGHT_HEEL,0.04074176773428917,0.7301644086837769,-0.2216017246246338,0.8408668041229248,0.993847668170929
82,3.24,31,LEFT_FOOT_INDEX,0.05016752704977989,0.7516739964485168,0.051700714975595474,0.8041199445724487,0.9921505451202393
82,3.24,32,RIGHT_FOOT_INDEX,0.08521386981010437,0.7595486044883728,-0.33945614099502563,0.778315007686615,0.9921633005142212
83,3.28,0,NOSE,0.2410740852355957,0.37662121653556824,0.31153878569602966,0.9886714816093445,0.9952848553657532
83,3.28,1,LEFT_EYE_INNER,0.23541559278964996,0.3683168590068817,0.25398126244544983,0.9869766235351562,0.9960044026374817
83,3.28,2,LEFT_EYE,0.22995702922344208,0.367758572101593,0.25393950939178467,0.9884499311447144,0.9961447715759277
83,3.28,3,LEFT_EYE_OUTER,0.2244309037923813,0.3673328459262848,0.2540183663368225,0.98841792345047,0.9962525367736816
83,3.28,4,RIGHT_EYE_INNER,0.25008708238601685,0.36894699931144714,0.24320803582668304,0.98521888256073,0.9952168464660645
83,3.28,5,RIGHT_EYE,0.25476449728012085,0.36892634630203247,0.2431066483259201,0.9850577712059021,0.9945135116577148
83,3.28,6,RIGHT_EYE_OUTER,0.25912830233573914,0.36904653906822205,0.24288779497146606,0.9822530746459961,0.9939450621604919
83,3.28,7,LEFT_EAR,0.21768490970134735,0.37022876739501953,0.06727781891822815,0.9887176156044006,0.9973816275596619
83,3.28,8,RIGHT_EAR,0.2661195397377014,0.37323176860809326,0.017131831496953964,0.9838423132896423,0.9935092329978943
83,3.28,9,MOUTH_LEFT,0.23043344914913177,0.3831079602241516,0.2551186680793762,0.9864028096199036,0.9970775842666626
83,3.28,10,MOUTH_RIGHT,0.24697831273078918,0.38432279229164124,0.2421465814113617,0.9810463190078735,0.9960202574729919
83,3.28,11,LEFT_SHOULDER,0.14631491899490356,0.406877726316452,0.03196755051612854,0.9996206760406494,0.9988090991973877
83,3.28,12,RIGHT_SHOULDER,0.308991938829422,0.42419299483299255,-0.15003733336925507,0.9973211884498596,0.9959585070610046
83,3.28,13,LEFT_ELBOW,0.038014188408851624,0.4372606575489044,-0.03794238716363907,0.9700841903686523,0.9984142780303955
83,3.28,14,RIGHT_ELBOW,0.36810219287872314,0.4827231466770172,-0.2152819186449051,0.8172498941421509,0.9903034567832947
83,3.28,15,LEFT_WRIST,-0.00658861268311739,0.4560841917991638,-0.04483902081847191,0.9109289646148682,0.9975413084030151
83,3.28,16,RIGHT_WRIST,0.3355025351047516,0.5050935745239258,-0.1678689867258072,0.44810327887535095,0.9853844046592712
83,3.28,17,LEFT_PINKY,-0.020597383379936218,0.457223117351532,-0.04972813278436661,0.8591817021369934,0.9964836835861206
83,3.28,18,RIGHT_PINKY,0.32238030433654785,0.5164542198181152,-0.17016392946243286,0.3867608308792114,0.9857268929481506
83,3.28,19,LEFT_INDEX,-0.011774207465350628,0.4527140259742737,-0.04986368119716644,0.8550605773925781,0.9968932867050171
83,3.28,20,RIGHT_INDEX,0.31812846660614014,0.513951301574707,-0.15649069845676422,0.3825405538082123,0.985247015953064
83,3.28,21,LEFT_THUMB,0.0012341864639893174,0.45266038179397583,-0.04376831278204918,0.8073686957359314,0.9973191618919373
83,3.28,22,RIGHT_THUMB,0.31960612535476685,0.5094344019889832,-0.15931205451488495,0.3711342513561249,0.9871636629104614
83,3.28,23,LEFT_HIP,0.14037054777145386,0.5555573105812073,0.1265769600868225,0.9977553486824036,0.9904584884643555
83,3.28,24,RIGHT_HIP,0.22090215981006622,0.5660485625267029,-0.12709680199623108,0.9970757365226746,0.9888625741004944
83,3.28,25,LEFT_KNEE,0.1308416873216629,0.6252329349517822,0.3235341012477875,0.8164743185043335,0.9951272010803223
83,3.28,26,RIGHT_KNEE,0.1885814517736435,0.6506391763687134,-0.0815175250172615,0.8109132647514343,0.9939162135124207
83,3.28,27,LEFT_ANKLE,0.05375656858086586,0.7088228464126587,0.35969966650009155,0.8522955775260925,0.9971696734428406
83,3.28,28,RIGHT_ANKLE,0.06249111145734787,0.7285358309745789,-0.18421095609664917,0.8319650292396545,0.9953740239143372
83,3.28,29,LEFT_HEEL,0.029862549155950546,0.7192279696464539,0.3604142367839813,0.8791431784629822,0.9956331849098206
83,3.28,30,RIGHT_HEEL,0.035969704389572144,0.7359009981155396,-0.17431388795375824,0.8554532527923584,0.991755485534668
83,3.28,31,LEFT_FOOT_INDEX,0.05171689763665199,0.7305209636688232,0.34386882185935974,0.7963448762893677,0.9955058097839355
83,3.28,32,RIGHT_FOOT_INDEX,0.07878401130437851,0.7542473673820496,-0.3108707666397095,0.7935065031051636,0.9907132387161255
84,3.32,0,NOSE,0.23472607135772705,0.3772834837436676,0.34998127818107605,0.9889219999313354,0.995688259601593
84,3.32,1,LEFT_EYE_INNER,0.22939078509807587,0.3691714406013489,0.2803672254085541,0.9872881174087524,0.9961340427398682
84,3.32,2,LEFT_EYE,0.22399872541427612,0.36866626143455505,0.2801949977874756,0.9886348247528076,0.996189534664154
84,3.32,3,LEFT_EYE_OUTER,0.21870219707489014,0.36825400590896606,0.2802446782588959,0.9884418249130249,0.9962034821510315
84,3.32,4,RIGHT_EYE_INNER,0.24401703476905823,0.36962205171585083,0.28478747606277466,0.9859189987182617,0.9957116842269897
84,3.32,5,RIGHT_EYE,0.24867482483386993,0.3695738911628723,0.28469201922416687,0.985745370388031,0.995136559009552
84,3.32,6,RIGHT_EYE_OUTER,0.25303754210472107,0.3696599006652832,0.28448113799095154,0.9829496741294861,0.9946630001068115
84,3.32,7,LEFT_EAR,0.2129005491733551,0.3709338307380676,0.11368672549724579,0.9888654351234436,0.9969550371170044
84,3.32,8,RIGHT_EAR,0.26023244857788086,0.3738894760608673,0.05516951531171799,0.9844091534614563,0.9939256310462952
84,3.32,9,MOUTH_LEFT,0.22481124103069305,0.3839299976825714,0.258385568857193,0.9868857860565186,0.9965295195579529
84,3.32,10,MOUTH_RIGHT,0.2410956174135208,0.3849617838859558,0.27980461716651917,0.982135534286499,0.9959024786949158
84,3.32,11,LEFT_SHOULDER,0.14177252352237701,0.40805041790008545,0.08617424964904785,0.999518871307373,0.9986494183540344
84,3.32,12,RIGHT_SHOULDER,0.30314183235168457,0.4228226840496063,-0.11167338490486145,0.9974450469017029,0.9963127970695496
84,3.32,13,LEFT_ELBOW,0.03523511439561844,0.43715032935142517,0.03643098846077919,0.9727007746696472,0.9986581802368164
84,3.32,14,RIGHT_ELBOW,0.3689578175544739,0.4783380925655365,-0.11865166574716568,0.8341550827026367,0.9923678040504456
84,3.32,15,LEFT_WRIST,-0.010860622860491276,0.4537602961063385,0.03715398162603378,0.9141928553581238,0.9970391988754272
84,3.32,16,RIGHT_WRIST,0.34601467847824097,0.504001259803772,0.03400154039263725,0.4606463611125946,0.9828491806983948
84,3.32,17,LEFT_PINKY,-0.03829334303736687,0.458917498588562,0.03150564432144165,0.8623332977294922,0.9957202076911926
84,3.32,18,RIGHT_PINKY,0.33597683906555176,0.514706015586853,0.047712378203868866,0.39227914810180664,0.9833252429962158
84,3.32,19,LEFT_INDEX,-0.0291006900370121,0.4552488923072815,0.03472344949841499,0.8577836751937866,0.996243953704834
84,3.32,20,RIGHT_INDEX,0.3297804892063141,0.512090802192688,0.05774954333901405,0.38742688298225403,0.9829334616661072
84,3.32,21,LEFT_THUMB,-0.016282185912132263,0.45399126410484314,0.03912535309791565,0.8072412610054016,0.9966358542442322
84,3.32,22,RIGHT_THUMB,0.33079782128334045,0.5080633759498596,0.04388298839330673,0.37415993213653564,0.9847492575645447
84,3.32,23,LEFT_HIP,0.13821125030517578,0.553197979927063,0.13239184021949768,0.9974249005317688,0.989734411239624
84,3.32,24,RIGHT_HIP,0.21892249584197998,0.5641054511070251,-0.13296648859977722,0.9970688819885254,0.9906159043312073
84,3.32,25,LEFT_KNEE,0.12662260234355927,0.6262363791465759,0.29874223470687866,0.8246870636940002,0.9968225955963135
84,3.32,26,RIGHT_KNEE,0.1805044561624527,0.6526710987091064,-0.11659406125545502,0.82912677526474,0.9957797527313232
84,3.32,27,LEFT_ANKLE,0.0400862880051136,0.7049499750137329,0.4415738880634308,0.860094428062439,0.9986993074417114
84,3.32,28,RIGHT_ANKLE,0.05564664676785469,0.7319568991661072,-0.11235444992780685,0.8477180004119873,0.9977943897247314
84,3.32,29,LEFT_HEEL,0.018599901348352432,0.7154654264450073,0.45501020550727844,0.8869032859802246,0.9980441331863403
84,3.32,30,RIGHT_HEEL,0.030639739707112312,0.7386021018028259,-0.10658134520053864,0.8690881133079529,0.9960997104644775
84,3.32,31,LEFT_FOOT_INDEX,0.0426965057849884,0.7225320935249329,0.4430975317955017,0.7897480726242065,0.9979984164237976
84,3.32,32,RIGHT_FOOT_INDEX,0.08555413037538528,0.7528923153877258,-0.1937335580587387,0.8050269484519958,0.9948409199714661
85,3.36,0,NOSE,0.2290096879005432,0.38060566782951355,0.3163003921508789,0.9896522164344788,0.9970261454582214
85,3.36,1,LEFT_EYE_INNER,0.22401674091815948,0.37282177805900574,0.2612899839878082,0.9881604313850403,0.9971877932548523
85,3.36,2,LEFT_EYE,0.21904899179935455,0.37232187390327454,0.2612432837486267,0.9893449544906616,0.9973878264427185
85,3.36,3,LEFT_EYE_OUTER,0.21366660296916962,0.37188252806663513,0.2613002061843872,0.9891442060470581,0.9974428415298462
85,3.36,4,RIGHT_EYE_INNER,0.237129345536232,0.37322476506233215,0.25074687600135803,0.9870602488517761,0.9968035221099854
85,3.36,5,RIGHT_EYE,0.24111232161521912,0.37317898869514465,0.2506353259086609,0.986869215965271,0.9963686466217041
85,3.36,6,RIGHT_EYE_OUTER,0.24490728974342346,0.373259961605072,0.2504178285598755,0.9842832088470459,0.9960085153579712
85,3.36,7,LEFT_EAR,0.20638291537761688,0.37434765696525574,0.09683458507061005,0.9896801710128784,0.9983343482017517
85,3.36,8,RIGHT_EAR,0.25170254707336426,0.37711846828460693,0.033475615084171295,0.985602080821991,0.9962061643600464
85,3.36,9,MOUTH_LEFT,0.21919989585876465,0.38706323504447937,0.26007944345474243,0.9878687858581543,0.9979065656661987
85,3.36,10,MOUTH_RIGHT,0.23354700207710266,0.3879353106021881,0.24870829284191132,0.9836429953575134,0.9973999261856079
85,3.36,11,LEFT_SHOULDER,0.13078568875789642,0.41346678137779236,0.0736101046204567,0.9994980692863464,0.9991336464881897
85,3.36,12,RIGHT_SHOULDER,0.2956586480140686,0.42310383915901184,-0.1346094310283661,0.9976465106010437,0.9984322190284729
85,3.36,13,LEFT_ELBOW,0.030906720086932182,0.4392862617969513,0.05370044335722923,0.9748685359954834,0.9983491897583008
85,3.36,14,RIGHT_ELBOW,0.371974378824234,0.4688050448894501,-0.23908191919326782,0.8501782417297363,0.9908525347709656
85,3.36,15,LEFT_WRIST,-0.027605514973402023,0.455665647983551,0.09952139109373093,0.9177206754684448,0.9957911968231201
85,3.36,16,RIGHT_WRIST,0.3724064826965332,0.5048148036003113,-0.23220349848270416,0.4894663393497467,0.970443844795227
85,3.36,17,LEFT_PINKY,-0.060528550297021866,0.4592861831188202,0.09928687661886215,0.8663533329963684,0.9935128092765808
85,3.36,18,RIGHT_PINKY,0.3765104413032532,0.5176172852516174,-0.24973811209201813,0.41807490587234497,0.9729437232017517
85,3.36,19,LEFT_INDEX,-0.05292010307312012,0.4552159309387207,0.10064513236284256,0.8614683151245117,0.9943331480026245
85,3.36,20,RIGHT_INDEX,0.36918923258781433,0.516581654548645,-0.230486661195755,0.4131300747394562,0.9727916121482849
85,3.36,21,LEFT_THUMB,-0.03825196996331215,0.45373407006263733,0.10347019135951996,0.8083513975143433,0.9949775338172913
85,3.36,22,RIGHT_THUMB,0.36668673157691956,0.5123258829116821,-0.22255046665668488,0.3954058289527893,0.9744387269020081
85,3.36,23,LEFT_HIP,0.1363309621810913,0.553523063659668,0.1342342048883438,0.9971378445625305,0.9909808039665222
85,3.36,24,RIGHT_HIP,0.2178919017314911,0.5651968717575073,-0.1346728503704071,0.9971867799758911,0.9937552213668823
85,3.36,25,LEFT_KNEE,0.11097060143947601,0.6219185590744019,0.3448975384235382,0.8232567310333252,0.9968891739845276
85,3.36,26,RIGHT_KNEE,0.1676601618528366,0.651239812374115,-0.1853681057691574,0.8453384637832642,0.9960758090019226
85,3.36,27,LEFT_ANKLE,0.028606820851564407,0.698721170425415,0.5568191409111023,0.8636157512664795,0.9973629117012024
85,3.36,28,RIGHT_ANKLE,0.035682350397109985,0.7303336262702942,-0.17736618220806122,0.8618935942649841,0.9953641891479492
85,3.36,29,LEFT_HEEL,0.0113796666264534,0.7099605798721313,0.5737760066986084,0.8913241028785706,0.9957430958747864
85,3.36,30,RIGHT_HEEL,0.013096579350531101,0.7368414998054504,-0.173072949051857,0.8811574578285217,0.9909434914588928
85,3.36,31,LEFT_FOOT_INDEX,0.030657220631837845,0.7170841097831726,0.5416484475135803,0.7888815402984619,0.9951401948928833
85,3.36,32,RIGHT_FOOT_INDEX,0.060854122042655945,0.7452389597892761,-0.2797927260398865,0.8196435570716858,0.9834604859352112
86,3.4,0,NOSE,0.22585651278495789,0.3842862844467163,0.20493705570697784,0.9904099702835083,0.9963172674179077
86,3.4,1,LEFT_EYE_INNER,0.2205527275800705,0.37694215774536133,0.15527473390102386,0.9890850186347961,0.9963563680648804
86,3.4,2,LEFT_EYE,0.21569885313510895,0.3765096068382263,0.1552623063325882,0.9901120066642761,0.996687114238739
86,3.4,3,LEFT_EYE_OUTER,0.21081633865833282,0.3761439323425293,0.15529131889343262,0.9899287223815918,0.9967972636222839
86,3.4,4,RIGHT_EYE_INNER,0.23287540674209595,0.37717464566230774,0.14289307594299316,0.9881906509399414,0.995753288269043
86,3.4,5,RIGHT_EYE,0.2368081510066986,0.3770652711391449,0.1428202986717224,0.9879838824272156,0.9950981736183167
86,3.4,6,RIGHT_EYE_OUTER,0.24089248478412628,0.37707647681236267,0.14263302087783813,0.9856259226799011,0.9946396946907043
86,3.4,7,LEFT_EAR,0.2027432769536972,0.3783932030200958,0.016595857217907906,0.9905133247375488,0.9980650544166565
86,3.4,8,RIGHT_EAR,0.24735663831233978,0.38043853640556335,-0.04603700712323189,0.9867907762527466,0.9949005246162415
86,3.4,9,MOUTH_LEFT,0.21717098355293274,0.3905516266822815,0.16525787115097046,0.9888399839401245,0.9979617595672607
86,3.4,10,MOUTH_RIGHT,0.23054784536361694,0.3912564814090729,0.14828425645828247,0.9850809574127197,0.9972203969955444
86,3.4,11,LEFT_SHOULDER,0.12827202677726746,0.4173750877380371,0.04065416753292084,0.9994417428970337,0.9988338351249695
86,3.4,12,RIGHT_SHOULDER,0.29097336530685425,0.4240284860134125,-0.19356746971607208,0.9978282451629639,0.9984525442123413
86,3.4,13,LEFT_ELBOW,0.033734213560819626,0.4432486891746521,0.07109900563955307,0.9761592745780945,0.9983226656913757
86,3.4,14,RIGHT_ELBOW,0.3685168921947479,0.46113577485084534,-0.36775296926498413,0.8648258447647095,0.9946305751800537
86,3.4,15,LEFT_WRIST,-0.020095661282539368,0.4577566683292389,0.17104604840278625,0.9167706966400146,0.9971160888671875
86,3.4,16,RIGHT_WRIST,0.3940383791923523,0.504726767539978,-0.48053374886512756,0.5264995694160461,0.9847822785377502
86,3.4,17,LEFT_PINKY,-0.05049512907862663,0.4618043303489685,0.18050424754619598,0.8647490739822388,0.995415449142456
86,3.4,18,RIGHT_PINKY,0.4017661213874817,0.5171107649803162,-0.5160696506500244,0.45674875378608704,0.9854608178138733
86,3.4,19,LEFT_INDEX,-0.042760998010635376,0.45753157138824463,0.17557159066200256,0.8592954277992249,0.9962078332901001
86,3.4,20,RIGHT_INDEX,0.39373040199279785,0.5161513686180115,-0.4956388771533966,0.4523240029811859,0.9853070974349976
86,3.4,21,LEFT_THUMB,-0.028490114957094193,0.45595502853393555,0.17589686810970306,0.8028832077980042,0.9965234398841858
86,3.4,22,RIGHT_THUMB,0.38975802063941956,0.5126307010650635,-0.47299858927726746,0.4301792085170746,0.9863324761390686
86,3.4,23,LEFT_HIP,0.135539248585701,0.5546127557754517,0.12916125357151031,0.9970119595527649,0.9946019649505615
86,3.4,24,RIGHT_HIP,0.21312138438224792,0.567206084728241,-0.12958645820617676,0.9973589181900024,0.996218740940094
86,3.4,25,LEFT_KNEE,0.10039525479078293,0.6199852824211121,0.4157193899154663,0.817462682723999,0.9968975782394409
86,3.4,26,RIGHT_KNEE,0.15636014938354492,0.6493104696273804,-0.12393062561750412,0.8590185642242432,0.9957500696182251
86,3.4,27,LEFT_ANKLE,0.0277207400649786,0.6982344388961792,0.6772092580795288,0.8649145364761353,0.9971163272857666
86,3.4,28,RIGHT_ANKLE,0.03777752444148064,0.7257406115531921,-0.08461881428956985,0.8738607168197632,0.9940990209579468
86,3.4,29,LEFT_HEEL,0.013769710436463356,0.7075305581092834,0.6998405456542969,0.8950629830360413,0.9952123165130615
86,3.4,30,RIGHT_HEEL,0.01730886660516262,0.7350295782089233,-0.07906144857406616,0.8913750052452087,0.9879125952720642
86,3.4,31,LEFT_FOOT_INDEX,0.03480521962046623,0.7087991237640381,0.6714181900024414,0.7871679663658142,0.9945117235183716
86,3.4,32,RIGHT_FOOT_INDEX,0.06572740525007248,0.7424113154411316,-0.1804223358631134,0.83098965883255,0.9786854982376099
87,3.44,0,NOSE,0.22355148196220398,0.38956376910209656,0.19756919145584106,0.991208016872406,0.9978132247924805
87,3.44,1,LEFT_EYE_INNER,0.21866784989833832,0.3823140859603882,0.15262944996356964,0.9900217056274414,0.9978458881378174
87,3.44,2,LEFT_EYE,0.21408845484256744,0.3818961977958679,0.15260370075702667,0.9909310936927795,0.9981228709220886
87,3.44,3,LEFT_EYE_OUTER,0.20963530242443085,0.3815505802631378,0.15262861549854279,0.9907662272453308,0.9982531666755676
87,3.44,4,RIGHT_EYE_INNER,0.2300252914428711,0.38222989439964294,0.134742870926857,0.989273726940155,0.9972410202026367
87,3.44,5,RIGHT_EYE,0.23363837599754333,0.38196393847465515,0.134685680270195,0.989071786403656,0.9967945218086243
87,3.44,6,RIGHT_EYE_OUTER,0.23751237988471985,0.38180288672447205,0.1345020979642868,0.9869306683540344,0.9964120984077454
87,3.44,7,LEFT_EAR,0.20112469792366028,0.3835684657096863,0.0248250849545002,0.9913536906242371,0.9990321397781372
87,3.44,8,RIGHT_EAR,0.24254435300827026,0.3846738934516907,-0.06014440953731537,0.9879884719848633,0.9968199729919434
87,3.44,9,MOUTH_LEFT,0.21525390446186066,0.39594781398773193,0.16285471618175507,0.9898061752319336,0.9990167617797852
87,3.44,10,MOUTH_RIGHT,0.22751465439796448,0.39651116728782654,0.13858026266098022,0.9864634275436401,0.9986207485198975
87,3.44,11,LEFT_SHOULDER,0.12939026951789856,0.4228168725967407,0.047333527356386185,0.9994392991065979,0.9994794726371765
87,3.44,12,RIGHT_SHOULDER,0.28292152285575867,0.4237896203994751,-0.21959906816482544,0.9980270862579346,0.9994677901268005
87,3.44,13,LEFT_ELBOW,0.03643437474966049,0.45447880029678345,0.10513028502464294,0.9775789976119995,0.9991211295127869
87,3.44,14,RIGHT_ELBOW,0.3648567795753479,0.4566207230091095,-0.4164701998233795,0.8782389163970947,0.9976471066474915
87,3.44,15,LEFT_WRIST,-0.01632056199014187,0.47110992670059204,0.20339810848236084,0.9134348630905151,0.9982907176017761
87,3.44,16,RIGHT_WRIST,0.40729913115501404,0.5050142407417297,-0.5572038888931274,0.5689900517463684,0.9924454092979431
87,3.44,17,LEFT_PINKY,-0.04479999840259552,0.47397133708000183,0.21598471701145172,0.858908474445343,0.9971981048583984
87,3.44,18,RIGHT_PINKY,0.4213883578777313,0.5182740688323975,-0.594609260559082,0.502787172794342,0.9919379353523254
87,3.44,19,LEFT_INDEX,-0.03674788773059845,0.4725034832954407,0.2078571319580078,0.8526798486709595,0.9975691437721252
87,3.44,20,RIGHT_INDEX,0.4129875600337982,0.5178566575050354,-0.5701757073402405,0.4989365339279175,0.9920759201049805
87,3.44,21,LEFT_THUMB,-0.022941384464502335,0.47125333547592163,0.2066165804862976,0.7934314608573914,0.9978494644165039
87,3.44,22,RIGHT_THUMB,0.4076611399650574,0.51451575756073,-0.5478101372718811,0.47531235218048096,0.9928401708602905
87,3.44,23,LEFT_HIP,0.1362706422805786,0.5559084415435791,0.13207116723060608,0.9970433115959167,0.9967162609100342
87,3.44,24,RIGHT_HIP,0.21329721808433533,0.5674914121627808,-0.13239765167236328,0.9975547194480896,0.9978122711181641
87,3.44,25,LEFT_KNEE,0.09685409814119339,0.6191276907920837,0.404625803232193,0.8177763223648071,0.9983212351799011
87,3.44,26,RIGHT_KNEE,0.15589335560798645,0.6501098871231079,-0.18075476586818695,0.8719303607940674,0.9977795481681824
87,3.44,27,LEFT_ANKLE,0.03365020826458931,0.6941449046134949,0.627289891242981,0.8682525157928467,0.997500479221344
87,3.44,28,RIGHT_ANKLE,0.0364355593919754,0.7209665179252625,-0.18541356921195984,0.8853651881217957,0.9952770471572876
87,3.44,29,LEFT_HEEL,0.018105601891875267,0.7054288983345032,0.6449845433235168,0.8992911577224731,0.995369017124176
87,3.44,30,RIGHT_HEEL,0.016994472593069077,0.728833019733429,-0.18344064056873322,0.9011439681053162,0.9897661805152893
87,3.44,31,LEFT_FOOT_INDEX,0.027498602867126465,0.7126305103302002,0.6187606453895569,0.7898809909820557,0.9947195053100586
87,3.44,32,RIGHT_FOOT_INDEX,0.05367732420563698,0.7419820427894592,-0.2832030653953552,0.8447534441947937,0.981336772441864
88,3.48,0,NOSE,0.22296956181526184,0.39184990525245667,0.20749083161354065,0.991864025592804,0.9982463121414185
88,3.48,1,LEFT_EYE_INNER,0.21849846839904785,0.3849635422229767,0.15837088227272034,0.9907976388931274,0.9982227683067322
88,3.48,2,LEFT_EYE,0.21419358253479004,0.3845558762550354,0.15836462378501892,0.991602897644043,0.9984073042869568
88,3.48,3,LEFT_EYE_OUTER,0.20984993875026703,0.3841855823993683,0.1583884358406067,0.9914438128471375,0.9984802603721619
88,3.48,4,RIGHT_EYE_INNER,0.22924354672431946,0.38487178087234497,0.14308540523052216,0.9901995658874512,0.9977867603302002
88,3.48,5,RIGHT_EYE,0.23302465677261353,0.3845559358596802,0.14301860332489014,0.9900029301643372,0.9974254965782166
88,3.48,6,RIGHT_EYE_OUTER,0.23695743083953857,0.3842983543872833,0.14283980429172516,0.9880450367927551,0.9971093535423279
88,3.48,7,LEFT_EAR,0.20144455134868622,0.38621771335601807,0.019031399860978127,0.9920772314071655,0.9991359114646912
88,3.48,8,RIGHT_EAR,0.24170376360416412,0.38698068261146545,-0.05590829998254776,0.9890395402908325,0.9972021579742432
88,3.48,9,MOUTH_LEFT,0.2158084660768509,0.3980579078197479,0.16868354380130768,0.990638017654419,0.9990897178649902
88,3.48,10,MOUTH_RIGHT,0.22730223834514618,0.3985355794429779,0.14775648713111877,0.9876813888549805,0.9987313151359558
88,3.48,11,LEFT_SHOULDER,0.13127991557121277,0.42551904916763306,0.044416528195142746,0.999442994594574,0.9994480013847351
88,3.48,12,RIGHT_SHOULDER,0.2815321087837219,0.4237337112426758,-0.21595829725265503,0.9982022643089294,0.9992571473121643
88,3.48,13,LEFT_ELBOW,0.03759380429983139,0.45753535628318787,0.10013467073440552,0.9789125323295593,0.9992631077766418
88,3.48,14,RIGHT_ELBOW,0.3615187704563141,0.45604708790779114,-0.4055955410003662,0.8903300762176514,0.9977810978889465
88,3.48,15,LEFT_WRIST,-0.0021607119124382734,0.4779524803161621,0.22406309843063354,0.9094702005386353,0.9988625049591064
88,3.48,16,RIGHT_WRIST,0.4092796742916107,0.5056371688842773,-0.5434052348136902,0.6067325472831726,0.9954280853271484
88,3.48,17,LEFT_PINKY,-0.02055457979440689,0.48157966136932373,0.24098581075668335,0.8524335026741028,0.9979923963546753
88,3.48,18,RIGHT_PINKY,0.4270607531070709,0.5196894407272339,-0.5792640447616577,0.5432806015014648,0.9948430061340332
88,3.48,19,LEFT_INDEX,-0.019408514723181725,0.48014798760414124,0.23247359693050385,0.8453937768936157,0.9982926249504089
88,3.48,20,RIGHT_INDEX,0.41827645897865295,0.5197574496269226,-0.5569497346878052,0.5399659276008606,0.9951654672622681
88,3.48,21,LEFT_THUMB,-0.008255080319941044,0.4799756705760956,0.2279132753610611,0.7844014763832092,0.9985417127609253
88,3.48,22,RIGHT_THUMB,0.41206350922584534,0.516361653804779,-0.5350940823554993,0.5153288245201111,0.9956905245780945
88,3.48,23,LEFT_HIP,0.13766129314899445,0.5570793151855469,0.12820610404014587,0.9971797466278076,0.9979525804519653
88,3.48,24,RIGHT_HIP,0.21393342316150665,0.5676049590110779,-0.1286005675792694,0.9977365732192993,0.9980913996696472
88,3.48,25,LEFT_KNEE,0.09708820283412933,0.6197346448898315,0.3850477635860443,0.8221290111541748,0.9987711310386658
88,3.48,26,RIGHT_KNEE,0.16167324781417847,0.6492008566856384,-0.14504773914813995,0.8836849927902222,0.9977748990058899
88,3.48,27,LEFT_ANKLE,0.034884992986917496,0.6979209184646606,0.5484603047370911,0.8750757575035095,0.9982836246490479
88,3.48,28,RIGHT_ANKLE,0.043105386197566986,0.7149374485015869,-0.16510449349880219,0.8959125280380249,0.9965417981147766
88,3.48,29,LEFT_HEEL,0.018686773255467415,0.7086086273193359,0.5602580904960632,0.9051451683044434,0.9967299699783325
88,3.48,30,RIGHT_HEEL,0.022084351629018784,0.7229515314102173,-0.15878096222877502,0.9100285768508911,0.9929499626159668
88,3.48,31,LEFT_FOOT_INDEX,0.030170688405632973,0.7164343595504761,0.5292671918869019,0.7970691323280334,0.9951698184013367
88,3.48,32,RIGHT_FOOT_INDEX,0.06822178512811661,0.7441816329956055,-0.26325666904449463,0.8573189377784729,0.9870603084564209
89,3.52,0,NOSE,0.2259383201599121,0.3960006535053253,0.22478821873664856,0.9926239252090454,0.9996955394744873
89,3.52,1,LEFT_EYE_INNER,0.22133122384548187,0.38971051573753357,0.179557666182518,0.9916574358940125,0.9997054934501648
89,3.52,2,LEFT_EYE,0.21735015511512756,0.38931840658187866,0.1795235127210617,0.9923848509788513,0.9997257590293884
89,3.52,3,LEFT_EYE_OUTER,0.21313360333442688,0.3889565169811249,0.1795291304588318,0.9922433495521545,0.9997357726097107
89,3.52,4,RIGHT_EYE_INNER,0.23170341551303864,0.38973894715309143,0.1659550964832306,0.9911373257637024,0.9996602535247803
89,3.52,5,RIGHT_EYE,0.23525463044643402,0.38940492272377014,0.16595561802387238,0.9909603595733643,0.9996115565299988
89,3.52,6,RIGHT_EYE_OUTER,0.23885521292686462,0.38911888003349304,0.16582639515399933,0.9891945719718933,0.999563992023468
89,3.52,7,LEFT_EAR,0.20483183860778809,0.3907187283039093,0.03392309322953224,0.9928382039070129,0.9998540878295898
89,3.52,8,RIGHT_EAR,0.243129700422287,0.39138540625572205,-0.026104092597961426,0.9900985956192017,0.9996316432952881
89,3.52,9,MOUTH_LEFT,0.21899288892745972,0.4018288552761078,0.1862148940563202,0.9914844632148743,0.9997736811637878
89,3.52,10,MOUTH_RIGHT,0.2302583009004593,0.40218275785446167,0.16850480437278748,0.9888430237770081,0.9997273087501526
89,3.52,11,LEFT_SHOULDER,0.1349043846130371,0.4298613667488098,0.0492180772125721,0.9994837045669556,0.9997828602790833
89,3.52,12,RIGHT_SHOULDER,0.28069859743118286,0.424130916595459,-0.18967238068580627,0.9983774423599243,0.9997765421867371
89,3.52,13,LEFT_ELBOW,0.06135915219783783,0.46171292662620544,0.10224999487400055,0.978395402431488,0.9993796348571777
89,3.52,14,RIGHT_ELBOW,0.3547365963459015,0.45788007974624634,-0.3501744568347931,0.9012756943702698,0.9990789890289307
89,3.52,15,LEFT_WRIST,0.06255799531936646,0.48483726382255554,0.2031497061252594,0.8872299194335938,0.9994435906410217
89,3.52,16,RIGHT_WRIST,0.40822872519493103,0.5129720568656921,-0.47275227308273315,0.6449805498123169,0.998866081237793
89,3.52,17,LEFT_PINKY,0.059551868587732315,0.4909372925758362,0.22697700560092926,0.8246691226959229,0.9991724491119385
89,3.52,18,RIGHT_PINKY,0.4220282733440399,0.5265286564826965,-0.5011124610900879,0.5861824154853821,0.9983965754508972
89,3.52,19,LEFT_INDEX,0.06925690919160843,0.49049386382102966,0.21366383135318756,0.8172406554222107,0.9992616772651672
89,3.52,20,RIGHT_INDEX,0.4167507290840149,0.5269005298614502,-0.4718823730945587,0.5832754373550415,0.998572587966919
89,3.52,21,LEFT_THUMB,0.0735093355178833,0.48857468366622925,0.2046654373407364,0.7572834491729736,0.9994107484817505
89,3.52,22,RIGHT_THUMB,0.41099029779434204,0.5231617093086243,-0.4603131413459778,0.5599067211151123,0.9988576173782349
89,3.52,23,LEFT_HIP,0.1395442634820938,0.5575703382492065,0.11109410226345062,0.9974174499511719,0.9995657801628113
89,3.52,24,RIGHT_HIP,0.21765968203544617,0.5672959685325623,-0.11141276359558105,0.9979171752929688,0.9992600083351135
89,3.52,25,LEFT_KNEE,0.10098712891340256,0.6204394102096558,0.25211232900619507,0.8214569687843323,0.9994804263114929
89,3.52,26,RIGHT_KNEE,0.1763208508491516,0.6456027626991272,-0.09660346806049347,0.8938828110694885,0.9992765784263611
89,3.52,27,LEFT_ANKLE,0.03701384365558624,0.6970201134681702,0.10976023972034454,0.881932258605957,0.9988942742347717
89,3.52,28,RIGHT_ANKLE,0.04516032710671425,0.7028570175170898,-0.24138568341732025,0.9057571291923523,0.9988722205162048
89,3.52,29,LEFT_HEEL,0.019858745858073235,0.7047926783561707,0.09146179258823395,0.9109221696853638,0.9976722598075867
89,3.52,30,RIGHT_HEEL,0.023912299424409866,0.7045004367828369,-0.2507992088794708,0.9184189438819885,0.9979802966117859
89,3.52,31,LEFT_FOOT_INDEX,0.030644886195659637,0.7184299826622009,0.054319195449352264,0.8112990856170654,0.9958856701850891
89,3.52,32,RIGHT_FOOT_INDEX,0.07469300180673599,0.7421650290489197,-0.28476932644844055,0.8708133101463318,0.9960299134254456
90,3.56,0,NOSE,0.22758902609348297,0.40093687176704407,0.212494358420372,0.9933323264122009,0.9998487234115601
90,3.56,1,LEFT_EYE_INNER,0.22333140671253204,0.3944143056869507,0.17926852405071259,0.9924628138542175,0.9998650550842285
90,3.56,2,LEFT_EYE,0.219054713845253,0.3939947485923767,0.17924809455871582,0.9931150078773499,0.9998730421066284
90,3.56,3,LEFT_EYE_OUTER,0.21456027030944824,0.39365899562835693,0.17921805381774902,0.9929925203323364,0.9998799562454224
90,3.56,4,RIGHT_EYE_INNER,0.23448149859905243,0.3946508765220642,0.1563919335603714,0.9920035004615784,0.9998379945755005
90,3.56,5,RIGHT_EYE,0.23827409744262695,0.394417405128479,0.15644928812980652,0.9918407201766968,0.9998098015785217
90,3.56,6,RIGHT_EYE_OUTER,0.24199210107326508,0.39423176646232605,0.15636058151721954,0.9902516603469849,0.9997813105583191
90,3.56,7,LEFT_EAR,0.20717449486255646,0.3951911926269531,0.06309282779693604,0.9935329556465149,0.999929666519165
90,3.56,8,RIGHT_EAR,0.24569137394428253,0.3958859145641327,-0.032289452850818634,0.9910653233528137,0.9998007416725159
90,3.56,9,MOUTH_LEFT,0.22073327004909515,0.40646570920944214,0.1848498284816742,0.9922786355018616,0.9998550415039062
90,3.56,10,MOUTH_RIGHT,0.2328070104122162,0.40687334537506104,0.15506702661514282,0.9899130463600159,0.9998295307159424
90,3.56,11,LEFT_SHOULDER,0.13575299084186554,0.43636569380760193,0.08294018357992172,0.9995179772377014,0.9998548030853271
90,3.56,12,RIGHT_SHOULDER,0.2800946831703186,0.4267246127128601,-0.2075316607952118,0.9985355138778687,0.999848484992981
90,3.56,13,LEFT_ELBOW,0.07434577494859695,0.4762669801712036,0.18815109133720398,0.9747765064239502,0.9996185302734375
90,3.56,14,RIGHT_ELBOW,0.3429580330848694,0.45737141370773315,-0.3378250002861023,0.9111356139183044,0.999675989151001
90,3.56,15,LEFT_WRIST,0.1197928786277771,0.5020366907119751,0.3350113034248352,0.8328915238380432,0.999817430973053
90,3.56,16,RIGHT_WRIST,0.4056393802165985,0.5172548890113831,-0.3912835717201233,0.6797114014625549,0.9996556043624878
90,3.56,17,LEFT_PINKY,0.12678158283233643,0.5093300938606262,0.37687113881111145,0.7685752511024475,0.9997325539588928
90,3.56,18,RIGHT_PINKY,0.41634947061538696,0.5317250490188599,-0.40892350673675537,0.625167727470398,0.9994171857833862
90,3.56,19,LEFT_INDEX,0.14769650995731354,0.5034230947494507,0.35515981912612915,0.7611007690429688,0.9997665286064148
90,3.56,20,RIGHT_INDEX,0.4112767279148102,0.5318334102630615,-0.3735245168209076,0.6226533055305481,0.9994890689849854
90,3.56,21,LEFT_THUMB,0.1449344903230667,0.503862202167511,0.3331618309020996,0.7070401310920715,0.9998123049736023
90,3.56,22,RIGHT_THUMB,0.4061431586742401,0.5278965830802917,-0.3744431436061859,0.600297212600708,0.9996356964111328
90,3.56,23,LEFT_HIP,0.14065879583358765,0.5608106851577759,0.10889735817909241,0.9976497292518616,0.9998480081558228
90,3.56,24,RIGHT_HIP,0.2197355329990387,0.5674937963485718,-0.10925000160932541,0.9980832934379578,0.9996175765991211
90,3.56,25,LEFT_KNEE,0.10296138375997543,0.6220352053642273,0.21272040903568268,0.8299923539161682,0.9998229146003723
90,3.56,26,RIGHT_KNEE,0.19339130818843842,0.6398664116859436,-0.06386318057775497,0.9013363122940063,0.9995449185371399
90,3.56,27,LEFT_ANKLE,0.030224556103348732,0.6983501315116882,0.03358376398682594,0.8901573419570923,0.9996578693389893
90,3.56,28,RIGHT_ANKLE,0.08867394924163818,0.6919001340866089,-0.21727614104747772,0.9141378998756409,0.9995030164718628
90,3.56,29,LEFT_HEEL,0.01900560036301613,0.7069492340087891,0.01429934985935688,0.9174514412879944,0.9992249011993408
90,3.56,30,RIGHT_HEEL,0.07242394983768463,0.6920896172523499,-0.22517657279968262,0.9257498383522034,0.9992572665214539
90,3.56,31,LEFT_FOOT_INDEX,0.019307393580675125,0.7253714799880981,-0.02524971403181553,0.825095534324646,0.9985920786857605
90,3.56,32,RIGHT_FOOT_INDEX,0.083143450319767,0.735622763633728,-0.26356932520866394,0.8826413750648499,0.998818576335907
91,3.6,0,NOSE,0.24198822677135468,0.41741782426834106,0.13081946969032288,0.993988573551178,0.9999504089355469
91,3.6,1,LEFT_EYE_INNER,0.23538917303085327,0.40832942724227905,0.11046401411294937,0.993206262588501,0.9999454021453857
91,3.6,2,LEFT_EYE,0.23152866959571838,0.40747520327568054,0.11047355085611343,0.9937924742698669,0.9999455213546753
91,3.6,3,LEFT_EYE_OUTER,0.22768032550811768,0.4067249596118927,0.11045646667480469,0.9936820864677429,0.9999443292617798
91,3.6,4,RIGHT_EYE_INNER,0.244280606508255,0.4091002345085144,0.08778449892997742,0.9927970767021179,0.9999397993087769
91,3.6,5,RIGHT_EYE,0.246650829911232,0.40874025225639343,0.08783338218927383,0.992650032043457,0.9999269247055054
91,3.6,6,RIGHT_EYE_OUTER,0.24903428554534912,0.40836724638938904,0.0877559706568718,0.9912190437316895,0.9999154806137085
91,3.6,7,LEFT_EAR,0.21594330668449402,0.40575894713401794,0.055624887347221375,0.9941698908805847,0.9999685287475586
91,3.6,8,RIGHT_EAR,0.24693799018859863,0.4070644974708557,-0.04813934490084648,0.9919502139091492,0.9999387264251709
91,3.6,9,MOUTH_LEFT,0.2330712378025055,0.42169636487960815,0.12187273800373077,0.9930140972137451,0.9999445676803589
91,3.6,10,MOUTH_RIGHT,0.24176901578903198,0.42179009318351746,0.0922292023897171,0.9908890128135681,0.9999408721923828
91,3.6,11,LEFT_SHOULDER,0.13664866983890533,0.4433298110961914,0.08466488867998123,0.9995560050010681,0.9999492168426514
91,3.6,12,RIGHT_SHOULDER,0.2798500657081604,0.43350157141685486,-0.19265376031398773,0.9986794590950012,0.9999580383300781
91,3.6,13,LEFT_ELBOW,0.10524415224790573,0.48927268385887146,0.25793004035949707,0.9488399028778076,0.9997488856315613
91,3.6,14,RIGHT_ELBOW,0.32550355792045593,0.4692977964878082,-0.26647013425827026,0.9199649095535278,0.9998793601989746
91,3.6,15,LEFT_WRIST,0.1581563800573349,0.5052124261856079,0.4825315773487091,0.7607206702232361,0.9998792409896851
91,3.6,16,RIGHT_WRIST,0.3772830367088318,0.5235905051231384,-0.2251761108636856,0.7096630334854126,0.9998527765274048
91,3.6,17,LEFT_PINKY,0.1680590957403183,0.5077086687088013,0.5342102646827698,0.702393114566803,0.9998233914375305
91,3.6,18,RIGHT_PINKY,0.3876802623271942,0.5371652245521545,-0.21901088953018188,0.6583660244941711,0.9997280240058899
91,3.6,19,LEFT_INDEX,0.18140454590320587,0.5067031383514404,0.5162369608879089,0.6953837275505066,0.9998553991317749
91,3.6,20,RIGHT_INDEX,0.38503897190093994,0.5367166996002197,-0.19200104475021362,0.6563889980316162,0.9997674822807312
91,3.6,21,LEFT_THUMB,0.17520374059677124,0.5063955187797546,0.48457953333854675,0.6472201347351074,0.9998747110366821
91,3.6,22,RIGHT_THUMB,0.38005197048187256,0.5330014824867249,-0.20716990530490875,0.6342487931251526,0.9998315572738647
91,3.6,23,LEFT_HIP,0.14303629100322723,0.5652477145195007,0.0906510129570961,0.9978770017623901,0.9999736547470093
91,3.6,24,RIGHT_HIP,0.22078879177570343,0.5702010989189148,-0.09127157181501389,0.9982566237449646,0.9999239444732666
91,3.6,25,LEFT_KNEE,0.10415255278348923,0.6266334056854248,0.15486730635166168,0.8455976247787476,0.9999537467956543
91,3.6,26,RIGHT_KNEE,0.2220950871706009,0.6345160007476807,0.012308580800890923,0.9093775749206543,0.9996410608291626
91,3.6,27,LEFT_ANKLE,0.021806497126817703,0.7034003734588623,-0.029822809621691704,0.8999198079109192,0.9998453855514526
91,3.6,28,RIGHT_ANKLE,0.12744438648223877,0.6841551661491394,-0.11524881422519684,0.9218389391899109,0.9997264742851257
91,3.6,29,LEFT_HEEL,0.01704804040491581,0.7118442058563232,-0.0478745773434639,0.9247317910194397,0.9996191263198853
91,3.6,30,RIGHT_HEEL,0.1112314909696579,0.6826420426368713,-0.11830014735460281,0.9324220418930054,0.9996581077575684
91,3.6,31,LEFT_FOOT_INDEX,0.007796991150826216,0.7264820337295532,-0.0650302991271019,0.8392235636711121,0.9991913437843323
91,3.6,32,RIGHT_FOOT_INDEX,0.11181886494159698,0.7227423787117004,-0.08023195713758469,0.8930450081825256,0.9993526339530945
92,3.64,0,NOSE,0.250468373298645,0.4221417307853699,0.17141863703727722,0.9945479035377502,0.9999315738677979
92,3.64,1,LEFT_EYE_INNER,0.24403803050518036,0.4135035574436188,0.14424051344394684,0.9938324093818665,0.9999202489852905
92,3.64,2,LEFT_EYE,0.2401871532201767,0.41261789202690125,0.14422893524169922,0.9943636059761047,0.9999222755432129
92,3.64,3,LEFT_EYE_OUTER,0.23649653792381287,0.4118463695049286,0.1442301869392395,0.9942632913589478,0.9999233484268188
92,3.64,4,RIGHT_EYE_INNER,0.25230446457862854,0.414404958486557,0.12093347311019897,0.9934839606285095,0.999908447265625
92,3.64,5,RIGHT_EYE,0.2540897727012634,0.4138028025627136,0.1209341511130333,0.9933517575263977,0.999893307685852
92,3.64,6,RIGHT_EYE_OUTER,0.2559742331504822,0.4135172963142395,0.12081478536128998,0.9920549392700195,0.999881386756897
92,3.64,7,LEFT_EAR,0.22250835597515106,0.41056907176971436,0.0652037188410759,0.9946984052658081,0.9999452829360962
92,3.64,8,RIGHT_EAR,0.24935421347618103,0.4124496579170227,-0.04657904431223869,0.9927118420600891,0.9999054670333862
92,3.64,9,MOUTH_LEFT,0.2405451387166977,0.42610323429107666,0.15151789784431458,0.9936047792434692,0.9999125003814697
92,3.64,10,MOUTH_RIGHT,0.24841415882110596,0.42649194598197937,0.12005681544542313,0.991707444190979,0.9999152421951294
92,3.64,11,LEFT_SHOULDER,0.14305318892002106,0.44599929451942444,0.08225347101688385,0.9995722770690918,0.9998948574066162
92,3.64,12,RIGHT_SHOULDER,0.28061217069625854,0.43738827109336853,-0.18769237399101257,0.9988054037094116,0.9999493360519409
92,3.64,13,LEFT_ELBOW,0.1330648511648178,0.5011590719223022,0.2518478035926819,0.885872483253479,0.9996713399887085
92,3.64,14,RIGHT_ELBOW,0.31183886528015137,0.47371774911880493,-0.26969367265701294,0.9275867938995361,0.9998642206192017
92,3.64,15,LEFT_WRIST,0.180990532040596,0.5241615176200867,0.19555477797985077,0.6894269585609436,0.9995967745780945
92,3.64,16,RIGHT_WRIST,0.35564181208610535,0.5269460082054138,-0.25409671664237976,0.731280505657196,0.9998157620429993
92,3.64,17,LEFT_PINKY,0.18303298950195312,0.5339838862419128,0.2187861055135727,0.6375308036804199,0.9994906187057495
92,3.64,18,RIGHT_PINKY,0.3643336296081543,0.5400158166885376,-0.26041629910469055,0.6810712218284607,0.9997288584709167
92,3.64,19,LEFT_INDEX,0.197038471698761,0.5265796780586243,0.19939450919628143,0.6310313940048218,0.9995555281639099
92,3.64,20,RIGHT_INDEX,0.36230239272117615,0.5395021438598633,-0.23487497866153717,0.6797111630439758,0.9997482895851135
92,3.64,21,LEFT_THUMB,0.19437767565250397,0.5259833931922913,0.1888999491930008,0.5879674553871155,0.999578058719635
92,3.64,22,RIGHT_THUMB,0.35781392455101013,0.5356761813163757,-0.24064812064170837,0.6550179719924927,0.9998082518577576
92,3.64,23,LEFT_HIP,0.14601562917232513,0.5672041773796082,0.08430755138397217,0.998085618019104,0.9999911785125732
92,3.64,24,RIGHT_HIP,0.2236247956752777,0.5705959796905518,-0.08507387340068817,0.9984192252159119,0.9999814033508301
92,3.64,25,LEFT_KNEE,0.10434940457344055,0.6295926570892334,0.153053417801857,0.8602293133735657,0.999974250793457
92,3.64,26,RIGHT_KNEE,0.24476847052574158,0.6233872175216675,0.0627930611371994,0.9168405532836914,0.9998403787612915
92,3.64,27,LEFT_ANKLE,0.022269470617175102,0.7069002389907837,-0.0433560386300087,0.9091742634773254,0.9999306201934814
92,3.64,28,RIGHT_ANKLE,0.1532711535692215,0.6744288802146912,-0.05198711156845093,0.928928017616272,0.9999148845672607
92,3.64,29,LEFT_HEEL,0.01793183758854866,0.7163797616958618,-0.06277802586555481,0.9317510724067688,0.9998314380645752
92,3.64,30,RIGHT_HEEL,0.13679544627666473,0.6730089783668518,-0.056616418063640594,0.9385951161384583,0.9999063014984131
92,3.64,31,LEFT_FOOT_INDEX,0.005334997549653053,0.7263352274894714,-0.10883653908967972,0.851897120475769,0.9996123909950256
92,3.64,32,RIGHT_FOOT_INDEX,0.1358303427696228,0.7117168307304382,-0.04518989473581314,0.9018095135688782,0.9997556805610657
93,3.68,0,NOSE,0.2666551172733307,0.42705395817756653,0.18435485661029816,0.995049774646759,0.9996799230575562
93,3.68,1,LEFT_EYE_INNER,0.2612214982509613,0.4194900393486023,0.1578301638364792,0.9943994283676147,0.9995967745780945
93,3.68,2,LEFT_EYE,0.25789982080459595,0.4188002347946167,0.1578143984079361,0.9948838353157043,0.9996091723442078
93,3.68,3,LEFT_EYE_OUTER,0.25458285212516785,0.41811403632164,0.15781866014003754,0.9947916269302368,0.9996103644371033
93,3.68,4,RIGHT_EYE_INNER,0.26774802803993225,0.41983193159103394,0.13696834444999695,0.9940996766090393,0.999546229839325
93,3.68,5,RIGHT_EYE,0.26920726895332336,0.41941511631011963,0.1369670182466507,0.9939834475517273,0.999488353729248
93,3.68,6,RIGHT_EYE_OUTER,0.27071282267570496,0.41906410455703735,0.13684424757957458,0.9928068518638611,0.9994426369667053
93,3.68,7,LEFT_EAR,0.2437831163406372,0.41726863384246826,0.09414418041706085,0.9951882362365723,0.9997128844261169
93,3.68,8,RIGHT_EAR,0.2646527886390686,0.4182547628879547,-0.012675315141677856,0.9933977127075195,0.9995511174201965
93,3.68,9,MOUTH_LEFT,0.25918760895729065,0.4308730661869049,0.1639329493045807,0.9941458702087402,0.9996370077133179
93,3.68,10,MOUTH_RIGHT,0.26588359475135803,0.431161105632782,0.13553372025489807,0.9924362897872925,0.9996527433395386
93,3.68,11,LEFT_SHOULDER,0.17152127623558044,0.44767192006111145,0.12068580090999603,0.9995330572128296,0.9996408224105835
93,3.68,12,RIGHT_SHOULDER,0.282345175743103,0.4420464336872101,-0.14006061851978302,0.9989087581634521,0.9998078942298889
93,3.68,13,LEFT_ELBOW,0.17167161405086517,0.5000015497207642,0.18571263551712036,0.8150165677070618,0.9993403553962708
93,3.68,14,RIGHT_ELBOW,0.29198914766311646,0.4869168996810913,-0.18585678935050964,0.9325389862060547,0.9996390342712402
93,3.68,15,LEFT_WRIST,0.2055080235004425,0.5263791680335999,0.22001022100448608,0.6227838397026062,0.9982354640960693
93,3.68,16,RIGHT_WRIST,0.3218415081501007,0.5241023898124695,-0.13513271510601044,0.7302383780479431,0.9990873336791992
93,3.68,17,LEFT_PINKY,0.21212738752365112,0.5344480276107788,0.23279564082622528,0.5766574144363403,0.997637152671814
93,3.68,18,RIGHT_PINKY,0.3225628435611725,0.5371284484863281,-0.13402554392814636,0.6815578937530518,0.9986577033996582
93,3.68,19,LEFT_INDEX,0.2234514355659485,0.5320644974708557,0.215000718832016,0.57063889503479,0.9980412721633911
93,3.68,20,RIGHT_INDEX,0.3213447034358978,0.5365022420883179,-0.11952096223831177,0.6809390783309937,0.9986914992332458
93,3.68,21,LEFT_THUMB,0.2235448807477951,0.5302786231040955,0.2121053785085678,0.53201824426651,0.9979771971702576
93,3.68,22,RIGHT_THUMB,0.31919851899147034,0.5326718688011169,-0.12477745115756989,0.6520736217498779,0.9989078044891357
93,3.68,23,LEFT_HIP,0.15479111671447754,0.565470814704895,0.08371730893850327,0.9982720613479614,0.9999837875366211
93,3.68,24,RIGHT_HIP,0.22586537897586823,0.5660447478294373,-0.0843663364648819,0.9985622763633728,0.9999593496322632
93,3.68,25,LEFT_KNEE,0.11179853975772858,0.6295059323310852,0.09429962933063507,0.8738397359848022,0.999947190284729
93,3.68,26,RIGHT_KNEE,0.2764737606048584,0.615298330783844,0.10275008529424667,0.9242724776268005,0.9995205402374268
93,3.68,27,LEFT_ANKLE,0.024079734459519386,0.7093546986579895,-0.024629371240735054,0.9174081087112427,0.999782145023346
93,3.68,28,RIGHT_ANKLE,0.19188402593135834,0.6771668791770935,0.10193954408168793,0.9349004626274109,0.9996188879013062
93,3.68,29,LEFT_HEEL,0.018241332843899727,0.722403883934021,-0.03549359738826752,0.9381207823753357,0.9994487166404724
93,3.68,30,RIGHT_HEEL,0.1731802076101303,0.6812320351600647,0.10925666987895966,0.9439465403556824,0.9995793700218201
93,3.68,31,LEFT_FOOT_INDEX,0.01004057563841343,0.7256879806518555,-0.06698493659496307,0.859115719795227,0.9988125562667847
93,3.68,32,RIGHT_FOOT_INDEX,0.20929284393787384,0.7088116407394409,0.1412087380886078,0.9053443074226379,0.9988908171653748
94,3.72,0,NOSE,0.28223350644111633,0.43032610416412354,0.22813597321510315,0.9954916834831238,0.9998641014099121
94,3.72,1,LEFT_EYE_INNER,0.27650585770606995,0.42249029874801636,0.22086234390735626,0.9948862195014954,0.9998130202293396
94,3.72,2,LEFT_EYE,0.2732061743736267,0.4216267466545105,0.2208026796579361,0.9953269958496094,0.9998131394386292
94,3.72,3,LEFT_EYE_OUTER,0.2699834704399109,0.42080286145210266,0.22076021134853363,0.9952486753463745,0.9998109936714172
94,3.72,4,RIGHT_EYE_INNER,0.283827006816864,0.42323365807533264,0.1904962956905365,0.9946385025978088,0.9997865557670593
94,3.72,5,RIGHT_EYE,0.28556984663009644,0.42268720269203186,0.1904822289943695,0.9945377111434937,0.9997541308403015
94,3.72,6,RIGHT_EYE_OUTER,0.2873212397098541,0.42237138748168945,0.19032178819179535,0.9934685826301575,0.9997307658195496
94,3.72,7,LEFT_EAR,0.25887227058410645,0.41956451535224915,0.1892671138048172,0.9956132173538208,0.9998599290847778
94,3.72,8,RIGHT_EAR,0.2815678119659424,0.4214142858982086,0.051187630742788315,0.9939883351325989,0.9997777342796326
94,3.72,9,MOUTH_LEFT,0.2748434841632843,0.43399518728256226,0.2254101186990738,0.9945770502090454,0.9998093247413635
94,3.72,10,MOUTH_RIGHT,0.2821480631828308,0.43436941504478455,0.184279203414917,0.9930203557014465,0.9998199343681335
94,3.72,11,LEFT_SHOULDER,0.18953336775302887,0.4489763677120209,0.21802164614200592,0.9995120763778687,0.9998699426651001
94,3.72,12,RIGHT_SHOULDER,0.2884763181209564,0.4442361295223236,-0.09996479749679565,0.9990094900131226,0.9999071359634399
94,3.72,13,LEFT_ELBOW,0.18268811702728271,0.5010785460472107,0.27206534147262573,0.7423349618911743,0.9997130036354065
94,3.72,14,RIGHT_ELBOW,0.2925156056880951,0.48766928911209106,-0.19924886524677277,0.9342418909072876,0.9997937083244324
94,3.72,15,LEFT_WRIST,0.2117571383714676,0.5292215347290039,0.3278489112854004,0.5627692937850952,0.9991248250007629
94,3.72,16,RIGHT_WRIST,0.29776039719581604,0.5230342745780945,-0.19567622244358063,0.7229533195495605,0.9994113445281982
94,3.72,17,LEFT_PINKY,0.21627657115459442,0.5375023484230042,0.34293681383132935,0.5221776962280273,0.9988320469856262
94,3.72,18,RIGHT_PINKY,0.29169735312461853,0.5316075086593628,-0.20159785449504852,0.6768531203269958,0.9991450309753418
94,3.72,19,LEFT_INDEX,0.2275618016719818,0.535882830619812,0.3307935297489166,0.5166059732437134,0.998974084854126
94,3.72,20,RIGHT_INDEX,0.2902551293373108,0.5313235521316528,-0.1828240603208542,0.676632285118103,0.9991675615310669
94,3.72,21,LEFT_THUMB,0.22840794920921326,0.5334814786911011,0.3228397071361542,0.48215219378471375,0.9989851117134094
94,3.72,22,RIGHT_THUMB,0.2914287745952606,0.5266149044036865,-0.18528421223163605,0.6436525583267212,0.9993506073951721
94,3.72,23,LEFT_HIP,0.1641288697719574,0.5620778203010559,0.0888763889670372,0.9984430074691772,0.9999967813491821
94,3.72,24,RIGHT_HIP,0.23242543637752533,0.5618331432342529,-0.08965916931629181,0.9986986517906189,0.9999904632568359
94,3.72,25,LEFT_KNEE,0.11676732450723648,0.6307262182235718,0.09359391778707504,0.8862756490707397,0.9999818801879883
94,3.72,26,RIGHT_KNEE,0.29857689142227173,0.6085687279701233,0.07046633213758469,0.9312081336975098,0.9997805953025818
94,3.72,27,LEFT_ANKLE,0.02443920634686947,0.7099079489707947,-0.04121945798397064,0.9253425598144531,0.9999027252197266
94,3.72,28,RIGHT_ANKLE,0.22065573930740356,0.6784597635269165,0.05682597681879997,0.9407199621200562,0.9998193383216858
94,3.72,29,LEFT_HEEL,0.022133661434054375,0.7225245833396912,-0.05335715785622597,0.9441433548927307,0.9997417330741882
94,3.72,30,RIGHT_HEEL,0.19767391681671143,0.6850935816764832,0.06246918439865112,0.9489064812660217,0.9998194575309753
94,3.72,31,LEFT_FOOT_INDEX,0.01250487007200718,0.7262106537818909,-0.09322690963745117,0.868423581123352,0.9993646740913391
94,3.72,32,RIGHT_FOOT_INDEX,0.256481409072876,0.7072001695632935,0.08381509780883789,0.9100019931793213,0.9994064569473267
95,3.76,0,NOSE,0.3088659644126892,0.425094336271286,0.3389148712158203,0.9959230422973633,0.9999629259109497
95,3.76,1,LEFT_EYE_INNER,0.30420148372650146,0.41737601161003113,0.3268088102340698,0.9953749775886536,0.9999418258666992
95,3.76,2,LEFT_EYE,0.30096688866615295,0.4165433943271637,0.32677409052848816,0.9957755208015442,0.9999462366104126
95,3.76,3,LEFT_EYE_OUTER,0.29750856757164,0.4157446026802063,0.32675901055336,0.9957051873207092,0.9999459981918335
95,3.76,4,RIGHT_EYE_INNER,0.31108608841896057,0.41802310943603516,0.299726277589798,0.9951515197753906,0.99991774559021
95,3.76,5,RIGHT_EYE,0.3128371834754944,0.41759970784187317,0.29973891377449036,0.995064377784729,0.9999043941497803
95,3.76,6,RIGHT_EYE_OUTER,0.314479261636734,0.41729840636253357,0.29957079887390137,0.9940980672836304,0.999884843826294
95,3.76,7,LEFT_EAR,0.28534290194511414,0.41495904326438904,0.26241692900657654,0.9960356950759888,0.9999618530273438
95,3.76,8,RIGHT_EAR,0.3080868721008301,0.41703274846076965,0.1363368034362793,0.9945623874664307,0.999890923500061
95,3.76,9,MOUTH_LEFT,0.30123111605644226,0.4292956292629242,0.321811318397522,0.9950640797615051,0.999951958656311
95,3.76,10,MOUTH_RIGHT,0.30885088443756104,0.4299694299697876,0.2845402657985687,0.9936543703079224,0.999945878982544
95,3.76,11,LEFT_SHOULDER,0.21200864017009735,0.44680720567703247,0.24880565702915192,0.9994837045669556,0.9999219179153442
95,3.76,12,RIGHT_SHOULDER,0.30985909700393677,0.44207894802093506,-0.031117290258407593,0.9991021752357483,0.9999101161956787
95,3.76,13,LEFT_ELBOW,0.17637822031974792,0.5005540251731873,0.27136269211769104,0.6842935681343079,0.9997652173042297
95,3.76,14,RIGHT_ELBOW,0.29253295063972473,0.47966960072517395,-0.16240684688091278,0.9304720759391785,0.9997712969779968
95,3.76,15,LEFT_WRIST,0.20449569821357727,0.5303375124931335,0.3155671954154968,0.5089402198791504,0.9993124008178711
95,3.76,16,RIGHT_WRIST,0.2992733418941498,0.5182358026504517,-0.2143367975950241,0.7042034268379211,0.9995800852775574
95,3.76,17,LEFT_PINKY,0.20938368141651154,0.5403926968574524,0.31954288482666016,0.47310757637023926,0.9990532994270325
95,3.76,18,RIGHT_PINKY,0.29382380843162537,0.5260694026947021,-0.22293077409267426,0.662806510925293,0.9994688630104065
95,3.76,19,LEFT_INDEX,0.2216184437274933,0.540971577167511,0.311759889125824,0.4679436683654785,0.9992074370384216
95,3.76,20,RIGHT_INDEX,0.2948352098464966,0.5256993174552917,-0.19249479472637177,0.6622052788734436,0.9995113611221313
95,3.76,21,LEFT_THUMB,0.22158579528331757,0.537570595741272,0.3111444115638733,0.43752264976501465,0.9992570281028748
95,3.76,22,RIGHT_THUMB,0.2949471175670624,0.521594226360321,-0.2046690583229065,0.6254782676696777,0.9996086955070496
95,3.76,23,LEFT_HIP,0.18241508305072784,0.5567573308944702,0.0900033563375473,0.9985963106155396,0.9999958276748657
95,3.76,24,RIGHT_HIP,0.2528969645500183,0.5564140677452087,-0.090697281062603,0.9988236427307129,0.9999892711639404
95,3.76,25,LEFT_KNEE,0.12407540529966354,0.6312142610549927,0.06977354735136032,0.8975805044174194,0.9999868869781494
95,3.76,26,RIGHT_KNEE,0.3345292806625366,0.6026740670204163,0.0782792940735817,0.9379374384880066,0.999862790107727
95,3.76,27,LEFT_ANKLE,0.027715301141142845,0.710906445980072,0.010759717784821987,0.932529628276825,0.9998857975006104
95,3.76,28,RIGHT_ANKLE,0.28548160195350647,0.6820117831230164,0.11487970501184464,0.9462177157402039,0.9996325969696045
95,3.76,29,LEFT_HEEL,0.023483429104089737,0.7250264883041382,0.005060744471848011,0.9495301842689514,0.9996858835220337
95,3.76,30,RIGHT_HEEL,0.2646789848804474,0.6900320649147034,0.12278389930725098,0.9533199071884155,0.9996076226234436
95,3.76,31,LEFT_FOOT_INDEX,0.02416164241731167,0.7195728421211243,-0.025336697697639465,0.8719204068183899,0.9993593096733093
95,3.76,32,RIGHT_FOOT_INDEX,0.3394569158554077,0.6991326212882996,0.13420920073986053,0.9111501574516296,0.9989101886749268
96,3.8,0,NOSE,0.32769155502319336,0.42243003845214844,0.2839919626712799,0.9963048696517944,0.9998825788497925
96,3.8,1,LEFT_EYE_INNER,0.32343441247940063,0.41465675830841064,0.27305853366851807,0.9958004951477051,0.9997933506965637
96,3.8,2,LEFT_EYE,0.3203757703304291,0.41385772824287415,0.2730235159397125,0.9961646199226379,0.9998034834861755
96,3.8,3,LEFT_EYE_OUTER,0.3170599937438965,0.41310638189315796,0.27295807003974915,0.9960995316505432,0.9998010993003845
96,3.8,4,RIGHT_EYE_INNER,0.32940083742141724,0.4152626395225525,0.27266788482666016,0.995604932308197,0.9997521042823792
96,3.8,5,RIGHT_EYE,0.33071961998939514,0.41485559940338135,0.27261143922805786,0.9955293536186218,0.9997275471687317
96,3.8,6,RIGHT_EYE_OUTER,0.3319529891014099,0.414567768573761,0.27267512679100037,0.9946544766426086,0.9997010231018066
96,3.8,7,LEFT_EAR,0.3036058247089386,0.41276639699935913,0.20744621753692627,0.996394693851471,0.9998639822006226
96,3.8,8,RIGHT_EAR,0.3242990970611572,0.41456666588783264,0.07710910588502884,0.9950676560401917,0.9997907280921936
96,3.8,9,MOUTH_LEFT,0.3193875551223755,0.4268551170825958,0.27750149369239807,0.9954933524131775,0.9998779296875
96,3.8,10,MOUTH_RIGHT,0.3263949453830719,0.42748457193374634,0.2637060284614563,0.9942323565483093,0.9998937845230103
96,3.8,11,LEFT_SHOULDER,0.22622260451316833,0.44541725516319275,0.21108518540859222,0.9994798302650452,0.9999271631240845
96,3.8,12,RIGHT_SHOULDER,0.3214319348335266,0.4410172402858734,-0.06891778111457825,0.999189019203186,0.9999507665634155
96,3.8,13,LEFT_ELBOW,0.18613922595977783,0.49792930483818054,0.23429761826992035,0.6322523355484009,0.9997994303703308
96,3.8,14,RIGHT_ELBOW,0.2988971471786499,0.4799802005290985,-0.15403877198696136,0.9281198978424072,0.9998605251312256
96,3.8,15,LEFT_WRIST,0.21474148333072662,0.5272327065467834,0.2513081133365631,0.4618006944656372,0.9993645548820496
96,3.8,16,RIGHT_WRIST,0.30526867508888245,0.5157658457756042,-0.13040995597839355,0.7004586458206177,0.9996023774147034
96,3.8,17,LEFT_PINKY,0.21980975568294525,0.5368461608886719,0.23920336365699768,0.43045473098754883,0.9991139769554138
96,3.8,18,RIGHT_PINKY,0.298061341047287,0.524772584438324,-0.1357412040233612,0.6610438823699951,0.9993957281112671
96,3.8,19,LEFT_INDEX,0.2294628620147705,0.5372652411460876,0.23193271458148956,0.42559814453125,0.9992389678955078
96,3.8,20,RIGHT_INDEX,0.2995949685573578,0.5236495733261108,-0.12747074663639069,0.6603256464004517,0.9994342923164368
96,3.8,21,LEFT_THUMB,0.2290486842393875,0.5343154668807983,0.2435111403465271,0.3988911807537079,0.9992542862892151
96,3.8,22,RIGHT_THUMB,0.3008798658847809,0.5198203325271606,-0.123448945581913,0.6215153932571411,0.999574601650238
96,3.8,23,LEFT_HIP,0.2047947347164154,0.5550737380981445,0.08978427946567535,0.9987353682518005,0.9999982118606567
96,3.8,24,RIGHT_HIP,0.27307453751564026,0.5545892715454102,-0.09044769406318665,0.9989380836486816,0.9999951124191284
96,3.8,25,LEFT_KNEE,0.1339651644229889,0.6314240097999573,0.06969469785690308,0.90775465965271,0.9999915361404419
96,3.8,26,RIGHT_KNEE,0.3499702215194702,0.6000471115112305,0.13469481468200684,0.943800687789917,0.9998795986175537
96,3.8,27,LEFT_ANKLE,0.03629082068800926,0.7108427882194519,0.028616806492209435,0.9390031099319458,0.9999057054519653
96,3.8,28,RIGHT_ANKLE,0.3177092969417572,0.6823587417602539,0.27775686979293823,0.9507731795310974,0.9996685981750488
96,3.8,29,LEFT_HEEL,0.027641352266073227,0.7245132327079773,0.02511257864534855,0.9543963670730591,0.9997252821922302
96,3.8,30,RIGHT_HEEL,0.2995208501815796,0.6916074752807617,0.2974417507648468,0.9569721221923828,0.9996765851974487
96,3.8,31,LEFT_FOOT_INDEX,0.033506184816360474,0.7175644040107727,-0.004146934021264315,0.8771679401397705,0.9994763731956482
96,3.8,32,RIGHT_FOOT_INDEX,0.37331247329711914,0.696133553981781,0.3259925842285156,0.9105705618858337,0.999197781085968
97,3.84,0,NOSE,0.3531998097896576,0.4131564199924469,0.2747352421283722,0.9966394305229187,0.9997825026512146
97,3.84,1,LEFT_EYE_INNER,0.3483104705810547,0.4060424566268921,0.2500891089439392,0.9961658120155334,0.9996098875999451
97,3.84,2,LEFT_EYE,0.3448137044906616,0.4054568111896515,0.2500550150871277,0.9964988827705383,0.9996077418327332
97,3.84,3,LEFT_EYE_OUTER,0.3413093090057373,0.40493959188461304,0.2500111758708954,0.9964312314987183,0.9995952248573303
97,3.84,4,RIGHT_EYE_INNER,0.3555185794830322,0.4061025083065033,0.2490966022014618,0.9959997534751892,0.9995629191398621
97,3.84,5,RIGHT_EYE,0.3571409583091736,0.4056868553161621,0.2490241974592209,0.9959370493888855,0.9995054006576538
97,3.84,6,RIGHT_EYE_OUTER,0.3585307002067566,0.40534499287605286,0.24920013546943665,0.9951376914978027,0.999455988407135
97,3.84,7,LEFT_EAR,0.3304479122161865,0.40463733673095703,0.18383470177650452,0.9967113733291626,0.9996782541275024
97,3.84,8,RIGHT_EAR,0.351473331451416,0.40617766976356506,0.06493043899536133,0.995516300201416,0.9995569586753845
97,3.84,9,MOUTH_LEFT,0.34429529309272766,0.41718894243240356,0.2539888024330139,0.995883047580719,0.9997091889381409
97,3.84,10,MOUTH_RIGHT,0.351766437292099,0.41747191548347473,0.25366997718811035,0.9947545528411865,0.9997408986091614
97,3.84,11,LEFT_SHOULDER,0.25780269503593445,0.4377533793449402,0.19350740313529968,0.9994579553604126,0.9998059868812561
97,3.84,12,RIGHT_SHOULDER,0.3499448299407959,0.42978546023368835,-0.08116139471530914,0.999267041683197,0.9999082088470459
97,3.84,13,LEFT_ELBOW,0.22366799414157867,0.4955214858055115,0.20259664952754974,0.5886939764022827,0.9996623992919922
97,3.84,14,RIGHT_ELBOW,0.31885161995887756,0.46651551127433777,-0.25790366530418396,0.9238079786300659,0.9998202919960022
97,3.84,15,LEFT_WRIST,0.23847034573554993,0.5328154563903809,0.1474699079990387,0.42532363533973694,0.9984834790229797
97,3.84,16,RIGHT_WRIST,0.322714626789093,0.5154624581336975,-0.3573648929595947,0.7113332748413086,0.9996182918548584
97,3.84,17,LEFT_PINKY,0.22411707043647766,0.5465487241744995,0.13625594973564148,0.3989529609680176,0.9977194666862488
97,3.84,18,RIGHT_PINKY,0.31985098123550415,0.5251567363739014,-0.3845030963420868,0.6744353771209717,0.9994146823883057
97,3.84,19,LEFT_INDEX,0.24817581474781036,0.5468663573265076,0.12592968344688416,0.39403700828552246,0.9979743361473083
97,3.84,20,RIGHT_INDEX,0.32345157861709595,0.5243360996246338,-0.37284037470817566,0.6735089421272278,0.9993966817855835
97,3.84,21,LEFT_THUMB,0.2486392855644226,0.5425831079483032,0.1393074244260788,0.37036338448524475,0.9980846643447876
97,3.84,22,RIGHT_THUMB,0.3224601745605469,0.5206189751625061,-0.3522789180278778,0.6318369507789612,0.9995444416999817
97,3.84,23,LEFT_HIP,0.2345477044582367,0.5485845804214478,0.09032455831766129,0.9988582134246826,0.9999898672103882
97,3.84,24,RIGHT_HIP,0.30073949694633484,0.5484762191772461,-0.0909690335392952,0.9990389943122864,0.9999805688858032
97,3.84,25,LEFT_KNEE,0.17210686206817627,0.6279085874557495,0.08644764125347137,0.9168777465820312,0.999980092048645
97,3.84,26,RIGHT_KNEE,0.37554827332496643,0.6026262044906616,0.10467991232872009,0.9490484595298767,0.9998435974121094
97,3.84,27,LEFT_ANKLE,0.06719427555799484,0.7023072838783264,0.0700995922088623,0.9448528289794922,0.9999299049377441
97,3.84,28,RIGHT_ANKLE,0.35425999760627747,0.6833569407463074,0.23929284512996674,0.9552246332168579,0.9998013377189636
97,3.84,29,LEFT_HEEL,0.05514286831021309,0.7151854634284973,0.07359249889850616,0.9587900042533875,0.9998255372047424
97,3.84,30,RIGHT_HEEL,0.33952295780181885,0.6976630687713623,0.2581288516521454,0.9606234431266785,0.9997908473014832
97,3.84,31,LEFT_FOOT_INDEX,0.04207729175686836,0.7170299291610718,0.03044348768889904,0.8821169137954712,0.9996534585952759
97,3.84,32,RIGHT_FOOT_INDEX,0.418804794549942,0.6950284838676453,0.2554440200328827,0.9132857322692871,0.9994624257087708
98,3.88,0,NOSE,0.3678015172481537,0.4078375995159149,0.2645704746246338,0.9969427585601807,0.9998482465744019
98,3.88,1,LEFT_EYE_INNER,0.36220815777778625,0.40056461095809937,0.24210061132907867,0.9964883327484131,0.9997640252113342
98,3.88,2,LEFT_EYE,0.3589599132537842,0.3999285399913788,0.24206969141960144,0.9967877864837646,0.9997542500495911
98,3.88,3,LEFT_EYE_OUTER,0.355612576007843,0.3993434011936188,0.24206367135047913,0.996727466583252,0.9997435212135315
98,3.88,4,RIGHT_EYE_INNER,0.3690313696861267,0.4008101224899292,0.22894978523254395,0.9963535070419312,0.9997468590736389
98,3.88,5,RIGHT_EYE,0.3705500066280365,0.40044906735420227,0.22889982163906097,0.9962958693504333,0.9997095465660095
98,3.88,6,RIGHT_EYE_OUTER,0.37196895480155945,0.40014731884002686,0.22894151508808136,0.9955702424049377,0.9996823072433472
98,3.88,7,LEFT_EAR,0.34464961290359497,0.3992213010787964,0.1919035166501999,0.9969803690910339,0.9997759461402893
98,3.88,8,RIGHT_EAR,0.36588889360427856,0.40081578493118286,0.05456497147679329,0.9959072470664978,0.9997212290763855
98,3.88,9,MOUTH_LEFT,0.3598078191280365,0.4123135805130005,0.24471192061901093,0.9962339997291565,0.9997164607048035
98,3.88,10,MOUTH_RIGHT,0.36715778708457947,0.4127691984176636,0.23508210480213165,0.9952259063720703,0.9997530579566956
98,3.88,11,LEFT_SHOULDER,0.27478301525115967,0.43458735942840576,0.21208249032497406,0.9994458556175232,0.9997958540916443
98,3.88,12,RIGHT_SHOULDER,0.3663354814052582,0.4241568446159363,-0.08196558803319931,0.9993371963500977,0.999902606010437
98,3.88,13,LEFT_ELBOW,0.25230973958969116,0.491003155708313,0.19948996603488922,0.5475262999534607,0.9996329545974731
98,3.88,14,RIGHT_ELBOW,0.34218841791152954,0.46359917521476746,-0.2575969398021698,0.9234420657157898,0.9997870326042175
98,3.88,15,LEFT_WRIST,0.2649972140789032,0.534716784954071,0.1417505294084549,0.3930295407772064,0.9984874725341797
98,3.88,16,RIGHT_WRIST,0.3559192717075348,0.516559362411499,-0.31895044445991516,0.7217739820480347,0.9995482563972473
98,3.88,17,LEFT_PINKY,0.2658018171787262,0.5484621524810791,0.13552580773830414,0.37079712748527527,0.9978019595146179
98,3.88,18,RIGHT_PINKY,0.3552802801132202,0.5290709733963013,-0.34268468618392944,0.6850473284721375,0.9992678761482239
98,3.88,19,LEFT_INDEX,0.2734212279319763,0.5499902367591858,0.12323255091905594,0.3659511208534241,0.9979002475738525
98,3.88,20,RIGHT_INDEX,0.3579377830028534,0.5291746258735657,-0.32766228914260864,0.6837732195854187,0.9992281198501587
98,3.88,21,LEFT_THUMB,0.2735826373100281,0.5453161001205444,0.13261638581752777,0.34487444162368774,0.9981067180633545
98,3.88,22,RIGHT_THUMB,0.35410693287849426,0.5256592035293579,-0.31208932399749756,0.6389814019203186,0.9994451403617859
98,3.88,23,LEFT_HIP,0.2542564272880554,0.5445719361305237,0.09875976294279099,0.9989675283432007,0.9999878406524658
98,3.88,24,RIGHT_HIP,0.31721773743629456,0.5439559817314148,-0.09929396212100983,0.9991288781166077,0.9999780654907227
98,3.88,25,LEFT_KNEE,0.2027961015701294,0.6232641339302063,0.10058525204658508,0.9246528148651123,0.9999769926071167
98,3.88,26,RIGHT_KNEE,0.38906723260879517,0.6025747656822205,0.08648142218589783,0.9533917903900146,0.9998964071273804
98,3.88,27,LEFT_ANKLE,0.0900590792298317,0.6904746890068054,0.0628397986292839,0.949971616268158,0.9999290704727173
98,3.88,28,RIGHT_ANKLE,0.36775320768356323,0.6842215657234192,0.15700191259384155,0.9592001438140869,0.9998273253440857
98,3.88,29,LEFT_HEEL,0.0778266042470932,0.6955955624580383,0.0634923204779625,0.9626486897468567,0.9998249411582947
98,3.88,30,RIGHT_HEEL,0.3545909523963928,0.6979507803916931,0.1677991896867752,0.9638409614562988,0.9997897744178772
98,3.88,31,LEFT_FOOT_INDEX,0.05672207102179527,0.713083028793335,0.006509239785373211,0.8896411061286926,0.999602735042572
98,3.88,32,RIGHT_FOOT_INDEX,0.43037551641464233,0.6940545439720154,0.15550366044044495,0.9185368418693542,0.9993769526481628
99,3.92,0,NOSE,0.3958606719970703,0.4025261700153351,0.25865477323532104,0.9972399473190308,0.9999587535858154
99,3.92,1,LEFT_EYE_INNER,0.38972973823547363,0.39500465989112854,0.24858994781970978,0.9968236684799194,0.9999372959136963
99,3.92,2,LEFT_EYE,0.38635116815567017,0.3944694697856903,0.24856960773468018,0.9970924258232117,0.9999324083328247
99,3.92,3,LEFT_EYE_OUTER,0.3827756941318512,0.3939468264579773,0.24858206510543823,0.9970418214797974,0.9999269247055054
99,3.92,4,RIGHT_EYE_INNER,0.3966323137283325,0.3949980139732361,0.21904750168323517,0.9967076182365417,0.9999387264251709
99,3.92,5,RIGHT_EYE,0.3981177508831024,0.3945915997028351,0.2190302461385727,0.996655285358429,0.9999306201934814
99,3.92,6,RIGHT_EYE_OUTER,0.3995068669319153,0.39421316981315613,0.21895374357700348,0.9960027933120728,0.9999243021011353
99,3.92,7,LEFT_EAR,0.3707783818244934,0.3939066529273987,0.22418542206287384,0.997263491153717,0.9999220371246338
99,3.92,8,RIGHT_EAR,0.3939781188964844,0.3951410949230194,0.05711309239268303,0.9963001608848572,0.9999268054962158
99,3.92,9,MOUTH_LEFT,0.38740411400794983,0.40706369280815125,0.2499053180217743,0.9965848326683044,0.9998446702957153
99,3.92,10,MOUTH_RIGHT,0.3941376805305481,0.40731897950172424,0.21733464300632477,0.9956814050674438,0.999879002571106
99,3.92,11,LEFT_SHOULDER,0.29969164729118347,0.4310804009437561,0.26733630895614624,0.999453067779541,0.9997876286506653
99,3.92,12,RIGHT_SHOULDER,0.39536887407302856,0.4199311137199402,-0.08818944543600082,0.9994019865989685,0.9999538660049438
99,3.92,13,LEFT_ELBOW,0.2836703658103943,0.48688697814941406,0.2921349108219147,0.5000381469726562,0.999736487865448
99,3.92,14,RIGHT_ELBOW,0.38037124276161194,0.46469369530677795,-0.21465077996253967,0.9282921552658081,0.9999152421951294
99,3.92,15,LEFT_WRIST,0.30048203468322754,0.5312095880508423,0.2787606716156006,0.3608928918838501,0.9993529915809631
99,3.92,16,RIGHT_WRIST,0.4085957109928131,0.5240160226821899,-0.18107080459594727,0.7373020052909851,0.9997748732566833
99,3.92,17,LEFT_PINKY,0.3032257854938507,0.5432063341140747,0.2879714369773865,0.34340348839759827,0.9991631507873535
99,3.92,18,RIGHT_PINKY,0.4129219949245453,0.5380873084068298,-0.19216664135456085,0.6997491717338562,0.9996150732040405
99,3.92,19,LEFT_INDEX,0.3114611506462097,0.5437517762184143,0.2738824784755707,0.3387223184108734,0.999134361743927
99,3.92,20,RIGHT_INDEX,0.4139537215232849,0.5384727120399475,-0.17561903595924377,0.6976470947265625,0.9995853304862976
99,3.92,21,LEFT_THUMB,0.3120131492614746,0.5398712754249573,0.2700880765914917,0.3196895122528076,0.9992426633834839
99,3.92,22,RIGHT_THUMB,0.4101412892341614,0.5345540642738342,-0.17091582715511322,0.6501066088676453,0.9997177720069885
99,3.92,23,LEFT_HIP,0.2856754660606384,0.5393373370170593,0.11527794599533081,0.9990646243095398,0.9999849796295166
99,3.92,24,RIGHT_HIP,0.34892329573631287,0.536403238773346,-0.11588650941848755,0.9992097616195679,0.9999798536300659
99,3.92,25,LEFT_KNEE,0.25426578521728516,0.6197629570960999,0.10658259689807892,0.9314252138137817,0.9999731779098511
99,3.92,26,RIGHT_KNEE,0.4066673815250397,0.6050539016723633,0.02025175467133522,0.9575276970863342,0.9999233484268188
99,3.92,27,LEFT_ANKLE,0.12847094237804413,0.6680552363395691,0.014108247123658657,0.9546148180961609,0.9999525547027588
99,3.92,28,RIGHT_ANKLE,0.37731578946113586,0.6869257092475891,-0.04277339205145836,0.9630861878395081,0.9998670816421509
99,3.92,29,LEFT_HEEL,0.10711962729692459,0.6664415597915649,0.0061659677885472775,0.966128945350647,0.9998928308486938
99,3.92,30,RIGHT_HEEL,0.360172837972641,0.700548529624939,-0.04652658849954605,0.967089056968689,0.9998204112052917
99,3.92,31,LEFT_FOOT_INDEX,0.11310649663209915,0.7059533596038818,-0.04479150474071503,0.8984495997428894,0.9997217059135437
99,3.92,32,RIGHT_FOOT_INDEX,0.4300939440727234,0.6969505548477173,-0.08739350736141205,0.9256483912467957,0.9993498921394348
100,3.96,0,NOSE,0.40611013770103455,0.40102943778038025,0.2818409204483032,0.9974985718727112,0.9999599456787109
100,3.96,1,LEFT_EYE_INNER,0.40114492177963257,0.39365091919898987,0.2781955301761627,0.9971137046813965,0.9999455213546753
100,3.96,2,LEFT_EYE,0.39797717332839966,0.3930470049381256,0.2781696021556854,0.9973515868186951,0.999943733215332
100,3.96,3,LEFT_EYE_OUTER,0.3947041630744934,0.3924778997898102,0.27814000844955444,0.9973148703575134,0.9999407529830933
100,3.96,4,RIGHT_EYE_INNER,0.4075182378292084,0.39385220408439636,0.243289977312088,0.9970138072967529,0.9999376535415649
100,3.96,5,RIGHT_EYE,0.4089977741241455,0.39352181553840637,0.2433178424835205,0.9969618320465088,0.999924898147583
100,3.96,6,RIGHT_EYE_OUTER,0.4105242192745209,0.3932298421859741,0.24320372939109802,0.996378481388092,0.9999125003814697
100,3.96,7,LEFT_EAR,0.3833390176296234,0.3925929665565491,0.24997448921203613,0.9975032806396484,0.9999439716339111
100,3.96,8,RIGHT_EAR,0.40557265281677246,0.39430394768714905,0.0898725613951683,0.996627926826477,0.9999064207077026
100,3.96,9,MOUTH_LEFT,0.3987037241458893,0.4057316482067108,0.2767163813114166,0.9968888163566589,0.9998838901519775
100,3.96,10,MOUTH_RIGHT,0.4049452245235443,0.4059368669986725,0.23263226449489594,0.9960793852806091,0.9998843669891357
100,3.96,11,LEFT_SHOULDER,0.31330427527427673,0.4300755262374878,0.28019067645072937,0.9994774460792542,0.999868631362915
100,3.96,12,RIGHT_SHOULDER,0.4120791256427765,0.42124298214912415,-0.08376293629407883,0.999459445476532,0.999916672706604
100,3.96,13,LEFT_ELBOW,0.29322585463523865,0.48512938618659973,0.2974916994571686,0.4688398241996765,0.9997478127479553
100,3.96,14,RIGHT_ELBOW,0.40612971782684326,0.47066548466682434,-0.1756076216697693,0.9335436224937439,0.9997943043708801
100,3.96,15,LEFT_WRIST,0.3215744197368622,0.5211734175682068,0.29156920313835144,0.3336094319820404,0.9994811415672302
100,3.96,16,RIGHT_WRIST,0.4373584985733032,0.5264523029327393,-0.14916901290416718,0.7493593096733093,0.9995719790458679
100,3.96,17,LEFT_PINKY,0.3236891031265259,0.5389894843101501,0.29895666241645813,0.3188813626766205,0.999306321144104
100,3.96,18,RIGHT_PINKY,0.4455734193325043,0.5412115454673767,-0.1646544635295868,0.7083284854888916,0.9992954730987549
100,3.96,19,LEFT_INDEX,0.3325513005256653,0.5404731035232544,0.28649723529815674,0.31421715021133423,0.9992597699165344
100,3.96,20,RIGHT_INDEX,0.4475195109844208,0.5417662858963013,-0.14828193187713623,0.705204427242279,0.999272882938385
100,3.96,21,LEFT_THUMB,0.3319973945617676,0.5358148217201233,0.2835178077220917,0.2968803644180298,0.9993904829025269
100,3.96,22,RIGHT_THUMB,0.44258803129196167,0.5380119681358337,-0.1402404010295868,0.6546517014503479,0.9995007514953613
100,3.96,23,LEFT_HIP,0.3005422055721283,0.5342251658439636,0.1182226687669754,0.999147891998291,0.9999746084213257
100,3.96,24,RIGHT_HIP,0.36339256167411804,0.533953845500946,-0.11864988505840302,0.9992756247520447,0.9999493360519409
100,3.96,25,LEFT_KNEE,0.2793288826942444,0.615929365158081,0.08245273679494858,0.935346782207489,0.9999542236328125
100,3.96,26,RIGHT_KNEE,0.4105990529060364,0.6054560542106628,-0.014824808575212955,0.9602686166763306,0.9998573064804077
100,3.96,27,LEFT_ANKLE,0.158011794090271,0.6583104729652405,0.021773533895611763,0.9579265713691711,0.9998937845230103
100,3.96,28,RIGHT_ANKLE,0.379276305437088,0.6889607906341553,-0.04491565003991127,0.9661301970481873,0.9996463060379028
100,3.96,29,LEFT_HEEL,0.1364249289035797,0.657667875289917,0.016171718016266823,0.968539834022522,0.9997690320014954
100,3.96,30,RIGHT_HEEL,0.3628658056259155,0.7025994062423706,-0.04593276605010033,0.96928870677948,0.9994858503341675
100,3.96,31,LEFT_FOOT_INDEX,0.1515495330095291,0.7006903290748596,-0.03705102950334549,0.9042986035346985,0.9995399713516235
100,3.96,32,RIGHT_FOOT_INDEX,0.4422451853752136,0.6987978219985962,-0.0974113866686821,0.9307606220245361,0.9987854361534119
101,4.0,0,NOSE,0.4243346154689789,0.3984159827232361,0.34003934264183044,0.9977335929870605,0.9999676942825317
101,4.0,1,LEFT_EYE_INNER,0.41856899857521057,0.39132389426231384,0.31873661279678345,0.9973828196525574,0.9999654293060303
101,4.0,2,LEFT_EYE,0.41493427753448486,0.3907953202724457,0.3187098205089569,0.9975981116294861,0.9999662637710571
101,4.0,3,LEFT_EYE_OUTER,0.4112180769443512,0.3903103470802307,0.3186047673225403,0.9975687265396118,0.9999657869338989
101,4.0,4,RIGHT_EYE_INNER,0.4275330901145935,0.39168956875801086,0.2976679801940918,0.9972947835922241,0.9999589920043945
101,4.0,5,RIGHT_EYE,0.42979896068573,0.39151710271835327,0.297742635011673,0.9972476363182068,0.9999514818191528
101,4.0,6,RIGHT_EYE_OUTER,0.43200382590293884,0.3913854956626892,0.2977123260498047,0.9967225790023804,0.9999425411224365
101,4.0,7,LEFT_EAR,0.40122538805007935,0.39117586612701416,0.23301024734973907,0.9977372288703918,0.999971866607666
101,4.0,8,RIGHT_EAR,0.4300360381603241,0.3933905363082886,0.1367168426513672,0.996937096118927,0.9999395608901978
101,4.0,9,MOUTH_LEFT,0.4166841208934784,0.40325137972831726,0.3144880533218384,0.9971657991409302,0.999923825263977
101,4.0,10,MOUTH_RIGHT,0.42462101578712463,0.40373000502586365,0.28771650791168213,0.9964389801025391,0.9999197721481323
101,4.0,11,LEFT_SHOULDER,0.33360981941223145,0.4282962679862976,0.24841567873954773,0.9995020031929016,0.9998958110809326
101,4.0,12,RIGHT_SHOULDER,0.44751977920532227,0.42310553789138794,-0.03741736710071564,0.9995089173316956,0.9999063014984131
101,4.0,13,LEFT_ELBOW,0.29374730587005615,0.4813842475414276,0.3677084147930145,0.4812542200088501,0.9998064637184143
101,4.0,14,RIGHT_ELBOW,0.45195528864860535,0.4803428649902344,-0.05117911472916603,0.9397661089897156,0.999822199344635
101,4.0,15,LEFT_WRIST,0.3252348303794861,0.4946643114089966,0.541081964969635,0.30927911400794983,0.9997885823249817
101,4.0,16,RIGHT_WRIST,0.48629313707351685,0.5301473140716553,0.038851454854011536,0.7597941160202026,0.9997114539146423
101,4.0,17,LEFT_PINKY,0.3263837397098541,0.5030210018157959,0.5770401358604431,0.29629191756248474,0.9997624754905701
101,4.0,18,RIGHT_PINKY,0.4938412606716156,0.5438615679740906,0.04160597175359726,0.7130116820335388,0.9995606541633606
101,4.0,19,LEFT_INDEX,0.33853065967559814,0.49977433681488037,0.5651772022247314,0.2917492389678955,0.9997559189796448
101,4.0,20,RIGHT_INDEX,0.4941782057285309,0.5430799126625061,0.055350445210933685,0.7087557315826416,0.9995530247688293
101,4.0,21,LEFT_THUMB,0.3395345211029053,0.4975208342075348,0.5407203435897827,0.2759314775466919,0.9997890591621399
101,4.0,22,RIGHT_THUMB,0.4910584092140198,0.5389083027839661,0.048711393028497696,0.6557747721672058,0.9996762275695801
101,4.0,23,LEFT_HIP,0.32130786776542664,0.5317466855049133,0.11410542577505112,0.9992212653160095,0.9999773502349854
101,4.0,24,RIGHT_HIP,0.3852895200252533,0.533444344997406,-0.1141287237405777,0.9993306994438171,0.999930739402771
101,4.0,25,LEFT_KNEE,0.33334940671920776,0.6104980111122131,0.08524011820554733,0.9392569065093994,0.9999496936798096
101,4.0,26,RIGHT_KNEE,0.4175827205181122,0.6089217066764832,-0.024914558976888657,0.9634372591972351,0.999846339225769
101,4.0,27,LEFT_ANKLE,0.22634729743003845,0.6507737040519714,0.012180113233625889,0.960563063621521,0.9999380111694336
101,4.0,28,RIGHT_ANKLE,0.38617080450057983,0.6903906464576721,-0.10470174998044968,0.969068169593811,0.999758780002594
101,4.0,29,LEFT_HEEL,0.20392009615898132,0.6479558944702148,0.005853159818798304,0.9707332253456116,0.9998769760131836
101,4.0,30,RIGHT_HEEL,0.3688372075557709,0.703262448310852,-0.1097947210073471,0.9718198776245117,0.9996390342712402
101,4.0,31,LEFT_FOOT_INDEX,0.2245822697877884,0.6900938153266907,-0.02745797671377659,0.9062316417694092,0.9996933937072754
101,4.0,32,RIGHT_FOOT_INDEX,0.44466066360473633,0.69920814037323,-0.14372800290584564,0.9350546598434448,0.9991925358772278
102,4.04,0,NOSE,0.4366703927516937,0.39748021960258484,0.22694747149944305,0.9979447722434998,0.999924898147583
102,4.04,1,LEFT_EYE_INNER,0.4301457405090332,0.3900927007198334,0.20544838905334473,0.9976247549057007,0.9999189376831055
102,4.04,2,LEFT_EYE,0.42633187770843506,0.3895222842693329,0.20541593432426453,0.9978158473968506,0.9999189376831055
102,4.04,3,LEFT_EYE_OUTER,0.422736793756485,0.3890518248081207,0.20534729957580566,0.9977930188179016,0.9999167919158936
102,4.04,4,RIGHT_EYE_INNER,0.43919917941093445,0.3907281756401062,0.18293803930282593,0.9975480437278748,0.9999122619628906
102,4.04,5,RIGHT_EYE,0.4418286979198456,0.3906630277633667,0.1829821765422821,0.9975022077560425,0.9998964071273804
102,4.04,6,RIGHT_EYE_OUTER,0.44454267621040344,0.39060571789741516,0.18289808928966522,0.9970309734344482,0.9998825788497925
102,4.04,7,LEFT_EAR,0.411217600107193,0.39041051268577576,0.12739261984825134,0.9979398846626282,0.9999364614486694
102,4.04,8,RIGHT_EAR,0.4417772889137268,0.39270278811454773,0.027930177748203278,0.9972154498100281,0.9998941421508789
102,4.04,9,MOUTH_LEFT,0.42863669991493225,0.40244200825691223,0.20649175345897675,0.9974170923233032,0.9998688697814941
102,4.04,10,MOUTH_RIGHT,0.43721961975097656,0.4031825363636017,0.17793676257133484,0.9967694878578186,0.9998689889907837
102,4.04,11,LEFT_SHOULDER,0.34187573194503784,0.42739343643188477,0.15813355147838593,0.9995251297950745,0.9998958110809326
102,4.04,12,RIGHT_SHOULDER,0.45756834745407104,0.42377594113349915,-0.12991492450237274,0.9995549917221069,0.9999176263809204
102,4.04,13,LEFT_ELBOW,0.2963031828403473,0.47597917914390564,0.2817147970199585,0.5111662149429321,0.9997723698616028
102,4.04,14,RIGHT_ELBOW,0.4718312621116638,0.4799366295337677,-0.12669116258621216,0.9455609321594238,0.9998317956924438
102,4.04,15,LEFT_WRIST,0.33044999837875366,0.4990687668323517,0.3871477246284485,0.2898278534412384,0.9997554421424866
102,4.04,16,RIGHT_WRIST,0.5073385834693909,0.5288621783256531,-0.04564623907208443,0.7761690616607666,0.9997147917747498
102,4.04,17,LEFT_PINKY,0.33296236395835876,0.5074948072433472,0.41479429602622986,0.27632996439933777,0.9996812343597412
102,4.04,18,RIGHT_PINKY,0.5118468999862671,0.5423386096954346,-0.04308298975229263,0.7264792919158936,0.9994874000549316
102,4.04,19,LEFT_INDEX,0.34356096386909485,0.5061846375465393,0.4010811448097229,0.2717188000679016,0.9996646642684937
102,4.04,20,RIGHT_INDEX,0.5125120282173157,0.5414841175079346,-0.025396723300218582,0.7221316695213318,0.9994937181472778
102,4.04,21,LEFT_THUMB,0.3443821966648102,0.503564178943634,0.3840175271034241,0.2573225498199463,0.9997292160987854
102,4.04,22,RIGHT_THUMB,0.5103079676628113,0.5373003482818604,-0.03389149159193039,0.6676620244979858,0.999648928642273
102,4.04,23,LEFT_HIP,0.3362194001674652,0.5301329493522644,0.11298665404319763,0.9992728233337402,0.9999535083770752
102,4.04,24,RIGHT_HIP,0.3962685763835907,0.532828152179718,-0.11317769438028336,0.9993730783462524,0.9998927116394043
102,4.04,25,LEFT_KNEE,0.35322660207748413,0.6071226596832275,0.11427321285009384,0.9367250204086304,0.9998964071273804
102,4.04,26,RIGHT_KNEE,0.4227747321128845,0.6098378300666809,-0.04465793818235397,0.9650131464004517,0.9998005032539368
102,4.04,27,LEFT_ANKLE,0.2644815444946289,0.6455718278884888,0.06292847543954849,0.9607840776443481,0.9999046325683594
102,4.04,28,RIGHT_ANKLE,0.3882005214691162,0.6908501982688904,-0.09797018021345139,0.9712357521057129,0.9997246861457825
102,4.04,29,LEFT_HEEL,0.24192380905151367,0.6470632553100586,0.05843553692102432,0.971098780632019,0.9998204112052917
102,4.04,30,RIGHT_HEEL,0.3707171380519867,0.7030658721923828,-0.10017742961645126,0.9733651876449585,0.9995666146278381
102,4.04,31,LEFT_FOOT_INDEX,0.26505035161972046,0.6858319640159607,0.03488809987902641,0.9072598218917847,0.9996090531349182
102,4.04,32,RIGHT_FOOT_INDEX,0.4404199421405792,0.6997928619384766,-0.13267403841018677,0.9390113949775696,0.9991299510002136
103,4.08,0,NOSE,0.4450432062149048,0.39208516478538513,0.27894529700279236,0.9981418251991272,0.9999442100524902
103,4.08,1,LEFT_EYE_INNER,0.43933209776878357,0.3849393427371979,0.24626146256923676,0.9978541731834412,0.9999308586120605
103,4.08,2,LEFT_EYE,0.4352899193763733,0.3843909800052643,0.24628987908363342,0.9980254173278809,0.9999309778213501
103,4.08,3,LEFT_EYE_OUTER,0.43160873651504517,0.3840271830558777,0.2462567687034607,0.9980050325393677,0.9999287128448486
103,4.08,4,RIGHT_EYE_INNER,0.4497791528701782,0.38602009415626526,0.23167161643505096,0.9977860450744629,0.9999310970306396
103,4.08,5,RIGHT_EYE,0.4532758593559265,0.38627758622169495,0.23165643215179443,0.9977436661720276,0.999922513961792
103,4.08,6,RIGHT_EYE_OUTER,0.4565305709838867,0.3865291178226471,0.23151573538780212,0.9973194003105164,0.999915361404419
103,4.08,7,LEFT_EAR,0.4220512807369232,0.38657474517822266,0.1471991091966629,0.9981291890144348,0.9999489784240723
103,4.08,8,RIGHT_EAR,0.4562820494174957,0.3892870247364044,0.05952770262956619,0.997483491897583,0.9999371767044067
103,4.08,9,MOUTH_LEFT,0.43719255924224854,0.39666563272476196,0.24098394811153412,0.9976558089256287,0.9999279975891113
103,4.08,10,MOUTH_RIGHT,0.44763004779815674,0.39790356159210205,0.2235298901796341,0.9970773458480835,0.9999345541000366
103,4.08,11,LEFT_SHOULDER,0.3607539236545563,0.4234013855457306,0.15813517570495605,0.9995570778846741,0.9999423027038574
103,4.08,12,RIGHT_SHOULDER,0.4757319688796997,0.4237942695617676,-0.11161526292562485,0.9995965957641602,0.999958872795105
103,4.08,13,LEFT_ELBOW,0.3018967807292938,0.46349817514419556,0.2241581380367279,0.5589129328727722,0.9997910857200623
103,4.08,14,RIGHT_ELBOW,0.5030973553657532,0.4794031083583832,-0.0551270991563797,0.9509274959564209,0.9997475743293762
103,4.08,15,LEFT_WRIST,0.3179855942726135,0.48634856939315796,0.3064388930797577,0.31521329283714294,0.9997562766075134
103,4.08,16,RIGHT_WRIST,0.5257835388183594,0.52571702003479,0.13583604991436005,0.7897351384162903,0.9995335340499878
103,4.08,17,LEFT_PINKY,0.31772470474243164,0.49506109952926636,0.33418622612953186,0.28602221608161926,0.9996658563613892
103,4.08,18,RIGHT_PINKY,0.5291154384613037,0.5373085737228394,0.15442101657390594,0.7335816025733948,0.9993021488189697
103,4.08,19,LEFT_INDEX,0.3271903991699219,0.4947725236415863,0.32582148909568787,0.2802712023258209,0.999656081199646
103,4.08,20,RIGHT_INDEX,0.5278308987617493,0.5367230772972107,0.1663154512643814,0.7287277579307556,0.9992944002151489
103,4.08,21,LEFT_THUMB,0.3299315571784973,0.491960346698761,0.3052466809749603,0.26333415508270264,0.9997289776802063
103,4.08,22,RIGHT_THUMB,0.5251346230506897,0.5330917835235596,0.148513525724411,0.6739092469215393,0.9994643330574036
103,4.08,23,LEFT_HIP,0.36348316073417664,0.5240975022315979,0.11655886471271515,0.9992647171020508,0.9997755885124207
103,4.08,24,RIGHT_HIP,0.42604517936706543,0.5267132520675659,-0.11685698479413986,0.9994077086448669,0.9997979998588562
103,4.08,25,LEFT_KNEE,0.38930270075798035,0.5942385792732239,0.21220332384109497,0.920598566532135,0.9996460676193237
103,4.08,26,RIGHT_KNEE,0.4352550506591797,0.6093159317970276,-0.10130099952220917,0.9677193760871887,0.9998177886009216
103,4.08,27,LEFT_ANKLE,0.3305455446243286,0.6528671979904175,0.27344945073127747,0.9496041536331177,0.9995922446250916
103,4.08,28,RIGHT_ANKLE,0.3924522399902344,0.6908389925956726,-0.14642193913459778,0.9726126194000244,0.9995366334915161
103,4.08,29,LEFT_HEEL,0.3161737620830536,0.6577715277671814,0.2787554860115051,0.9611759781837463,0.999325156211853
103,4.08,30,RIGHT_HEEL,0.37212854623794556,0.7029095888137817,-0.14943955838680267,0.9741038084030151,0.9989995360374451
103,4.08,31,LEFT_FOOT_INDEX,0.350481241941452,0.6808758974075317,0.27535802125930786,0.8864623308181763,0.9991406202316284
103,4.08,32,RIGHT_FOOT_INDEX,0.44804391264915466,0.7003123164176941,-0.1897055208683014,0.9383841156959534,0.9983437061309814
104,4.12,0,NOSE,0.45108383893966675,0.38931819796562195,0.282924085855484,0.998316764831543,0.999914288520813
104,4.12,1,LEFT_EYE_INNER,0.44577327370643616,0.382631778717041,0.24884505569934845,0.998055636882782,0.9998911619186401
104,4.12,2,LEFT_EYE,0.44179296493530273,0.38218778371810913,0.24889130890369415,0.9982099533081055,0.9998973608016968
104,4.12,3,LEFT_EYE_OUTER,0.43774792551994324,0.38184064626693726,0.24890120327472687,0.9981885552406311,0.9999022483825684
104,4.12,4,RIGHT_EYE_INNER,0.4567737579345703,0.3834679424762726,0.2332419902086258,0.9979958534240723,0.9998843669891357
104,4.12,5,RIGHT_EYE,0.46038568019866943,0.3835774064064026,0.2332042008638382,0.9979566931724548,0.9998683929443359
104,4.12,6,RIGHT_EYE_OUTER,0.4639030992984772,0.3836774528026581,0.23305334150791168,0.9975717663764954,0.999859094619751
104,4.12,7,LEFT_EAR,0.42815229296684265,0.38415202498435974,0.1409493386745453,0.9982873797416687,0.9999310970306396
104,4.12,8,RIGHT_EAR,0.4641471207141876,0.386506050825119,0.0582854263484478,0.997721791267395,0.9998831748962402
104,4.12,9,MOUTH_LEFT,0.4434896409511566,0.3941026031970978,0.2450007051229477,0.997873842716217,0.9999159574508667
104,4.12,10,MOUTH_RIGHT,0.4546145498752594,0.39509913325309753,0.22598817944526672,0.9973580837249756,0.9999179840087891
104,4.12,11,LEFT_SHOULDER,0.36775848269462585,0.4202040731906891,0.14163972437381744,0.9995914697647095,0.9999693632125854
104,4.12,12,RIGHT_SHOULDER,0.4865693747997284,0.42255115509033203,-0.10995414853096008,0.9996333718299866,0.9999467134475708
104,4.12,13,LEFT_ELBOW,0.30929577350616455,0.45503953099250793,0.14256349205970764,0.6026501655578613,0.9998370409011841
104,4.12,14,RIGHT_ELBOW,0.5138606429100037,0.4746760129928589,-0.06532762944698334,0.9557725191116333,0.9994977712631226
104,4.12,15,LEFT_WRIST,0.31895551085472107,0.48233556747436523,0.13379468023777008,0.35997092723846436,0.9996882677078247
104,4.12,16,RIGHT_WRIST,0.5344380140304565,0.5200031399726868,0.11744154244661331,0.7962781190872192,0.9991697072982788
104,4.12,17,LEFT_PINKY,0.31605976819992065,0.49176332354545593,0.1431078314781189,0.3158649802207947,0.9995331764221191
104,4.12,18,RIGHT_PINKY,0.5396949052810669,0.5316970944404602,0.12992414832115173,0.7314518690109253,0.9990271329879761
104,4.12,19,LEFT_INDEX,0.32463088631629944,0.49182066321372986,0.1325874626636505,0.3084859549999237,0.9995502829551697
104,4.12,20,RIGHT_INDEX,0.5361771583557129,0.5300137996673584,0.14332450926303864,0.7257857322692871,0.9989847540855408
104,4.12,21,LEFT_THUMB,0.32820379734039307,0.4884745478630066,0.12890611588954926,0.28586459159851074,0.9996421337127686
104,4.12,22,RIGHT_THUMB,0.5332821011543274,0.5265198945999146,0.1299677938222885,0.6688904762268066,0.999180257320404
104,4.12,23,LEFT_HIP,0.3756555914878845,0.5230880975723267,0.12099643051624298,0.9992657899856567,0.9996564388275146
104,4.12,24,RIGHT_HIP,0.43678614497184753,0.5265613198280334,-0.12137173116207123,0.999447762966156,0.9997183680534363
104,4.12,25,LEFT_KNEE,0.40020668506622314,0.5898696184158325,0.28301236033439636,0.9199204444885254,0.9996932744979858
104,4.12,26,RIGHT_KNEE,0.43762829899787903,0.607055127620697,-0.12972994148731232,0.9708625674247742,0.9998520612716675
104,4.12,27,LEFT_ANKLE,0.3731185495853424,0.6564489603042603,0.4108612835407257,0.9494237899780273,0.999681830406189
104,4.12,28,RIGHT_ANKLE,0.39640137553215027,0.6876906752586365,-0.1508549302816391,0.975092887878418,0.9997572302818298
104,4.12,29,LEFT_HEEL,0.3635106384754181,0.662712812423706,0.4220687448978424,0.9604567885398865,0.999494194984436
104,4.12,30,RIGHT_HEEL,0.3789971172809601,0.6987963914871216,-0.15340310335159302,0.976229727268219,0.9994291663169861
104,4.12,31,LEFT_FOOT_INDEX,0.4168563187122345,0.6764922738075256,0.4084151089191437,0.8803485035896301,0.9992203712463379
104,4.12,32,RIGHT_FOOT_INDEX,0.44667330384254456,0.7007739543914795,-0.2153201699256897,0.9420310258865356,0.9985666871070862
105,4.16,0,NOSE,0.4593673348426819,0.3842777609825134,0.34384122490882874,0.9984446167945862,0.9999538660049438
105,4.16,1,LEFT_EYE_INNER,0.4547586143016815,0.3776363134384155,0.3099508285522461,0.9981878995895386,0.9999514818191528
105,4.16,2,LEFT_EYE,0.45089665055274963,0.3772933781147003,0.3099488615989685,0.9983361959457397,0.9999580383300781
105,4.16,3,LEFT_EYE_OUTER,0.44692257046699524,0.3770732283592224,0.30996665358543396,0.9983119964599609,0.9999622106552124
105,4.16,4,RIGHT_EYE_INNER,0.466344952583313,0.37823471426963806,0.2989760935306549,0.9981221556663513,0.9999350309371948
105,4.16,5,RIGHT_EYE,0.4701613187789917,0.37830379605293274,0.29897770285606384,0.9980844855308533,0.9999188184738159
105,4.16,6,RIGHT_EYE_OUTER,0.47387564182281494,0.37842532992362976,0.29886531829833984,0.997707724571228,0.9999010562896729
105,4.16,7,LEFT_EAR,0.440442830324173,0.3796551525592804,0.17374375462532043,0.9983705282211304,0.9999755620956421
105,4.16,8,RIGHT_EAR,0.4760192930698395,0.3813230097293854,0.12854769825935364,0.9978552460670471,0.9998756647109985
105,4.16,9,MOUTH_LEFT,0.45237430930137634,0.38873258233070374,0.3024856746196747,0.9980236291885376,0.9999599456787109
105,4.16,10,MOUTH_RIGHT,0.4646030068397522,0.38962334394454956,0.2881786525249481,0.9975470304489136,0.9999319314956665
105,4.16,11,LEFT_SHOULDER,0.38778436183929443,0.4141947031021118,0.14152534306049347,0.9996282458305359,0.9999939203262329
105,4.16,12,RIGHT_SHOULDER,0.5009970664978027,0.4194799065589905,-0.021644962951540947,0.9996593594551086,0.9998544454574585
105,4.16,13,LEFT_ELBOW,0.32635417580604553,0.4451538622379303,0.11761777848005295,0.6422132849693298,0.9999719858169556
105,4.16,14,RIGHT_ELBOW,0.529974639415741,0.470547080039978,-0.026165856048464775,0.9601050019264221,0.9996281862258911
105,4.16,15,LEFT_WRIST,0.3228965699672699,0.4780796468257904,0.10145339369773865,0.4176354706287384,0.9999589920043945
105,4.16,16,RIGHT_WRIST,0.5435889363288879,0.5148524641990662,0.07726296037435532,0.8073671460151672,0.9996793270111084
105,4.16,17,LEFT_PINKY,0.31876280903816223,0.4876633286476135,0.10627198964357376,0.36809343099594116,0.9999139308929443
105,4.16,18,RIGHT_PINKY,0.5479965806007385,0.5255417227745056,0.08346546441316605,0.7383720874786377,0.9995924830436707
105,4.16,19,LEFT_INDEX,0.328214168548584,0.488125205039978,0.09887292981147766,0.3609510064125061,0.9999175071716309
105,4.16,20,RIGHT_INDEX,0.5420805811882019,0.523960530757904,0.09912679344415665,0.7318429350852966,0.9995759129524231
105,4.16,21,LEFT_THUMB,0.33335965871810913,0.48505866527557373,0.09816732257604599,0.33439189195632935,0.9999412298202515
105,4.16,22,RIGHT_THUMB,0.5389837622642517,0.5203536152839661,0.08790253847837448,0.6738442778587341,0.999660849571228
105,4.16,23,LEFT_HIP,0.3963566720485687,0.51723313331604,0.08787762373685837,0.9993147850036621,0.9999454021453857
105,4.16,24,RIGHT_HIP,0.46104204654693604,0.5208268761634827,-0.08827890455722809,0.9994592666625977,0.9997630715370178
105,4.16,25,LEFT_KNEE,0.42833656072616577,0.5889642238616943,0.08404088765382767,0.9179370403289795,0.9999170303344727
105,4.16,26,RIGHT_KNEE,0.45176491141319275,0.5977813601493835,-0.09253662079572678,0.9733673930168152,0.9998290538787842
105,4.16,27,LEFT_ANKLE,0.4394143223762512,0.658961832523346,0.03646945208311081,0.9494529962539673,0.9998918771743774
105,4.16,28,RIGHT_ANKLE,0.41876205801963806,0.6702391505241394,-0.11884638667106628,0.9768106937408447,0.9999030828475952
105,4.16,29,LEFT_HEEL,0.42879411578178406,0.6643077731132507,0.026622150093317032,0.9612690806388855,0.9998180270195007
105,4.16,30,RIGHT_HEEL,0.4026676118373871,0.6761516332626343,-0.12193113565444946,0.9775413870811462,0.9998427629470825
105,4.16,31,LEFT_FOOT_INDEX,0.46715784072875977,0.6826682686805725,-0.04021511599421501,0.8806893229484558,0.9995496869087219
105,4.16,32,RIGHT_FOOT_INDEX,0.4383450150489807,0.6984901428222656,-0.18581707775592804,0.944437563419342,0.9997017979621887
106,4.2,0,NOSE,0.46471163630485535,0.3830033242702484,0.38827067613601685,0.9984104037284851,0.9999148845672607
106,4.2,1,LEFT_EYE_INNER,0.4603576362133026,0.3768724799156189,0.3562350571155548,0.9980767965316772,0.9999097585678101
106,4.2,2,LEFT_EYE,0.4566712975502014,0.3766278624534607,0.3561977744102478,0.998255729675293,0.9999208450317383
106,4.2,3,LEFT_EYE_OUTER,0.45257633924484253,0.3764561116695404,0.3562213182449341,0.9981886744499207,0.9999253749847412
106,4.2,4,RIGHT_EYE_INNER,0.47133222222328186,0.3770907521247864,0.3492998778820038,0.9979536533355713,0.9998828172683716
106,4.2,5,RIGHT_EYE,0.47496864199638367,0.3770298659801483,0.3493100702762604,0.9979109764099121,0.9998531341552734
106,4.2,6,RIGHT_EYE_OUTER,0.4787446856498718,0.37700513005256653,0.34918203949928284,0.9974180459976196,0.9998177886009216
106,4.2,7,LEFT_EAR,0.44532209634780884,0.37868309020996094,0.216620534658432,0.9981867671012878,0.9999516010284424
106,4.2,8,RIGHT_EAR,0.4810904562473297,0.3797818124294281,0.1896122694015503,0.9976425766944885,0.9997628331184387
106,4.2,9,MOUTH_LEFT,0.4578935503959656,0.3877478241920471,0.3436850905418396,0.9979037046432495,0.9999030828475952
106,4.2,10,MOUTH_RIGHT,0.46997886896133423,0.38825705647468567,0.3349905014038086,0.9974167943000793,0.999845027923584
106,4.2,11,LEFT_SHOULDER,0.3919968605041504,0.41200798749923706,0.14846885204315186,0.9996586441993713,0.9999856948852539
106,4.2,12,RIGHT_SHOULDER,0.5103505253791809,0.41550856828689575,0.04691347852349281,0.9996759295463562,0.999729573726654
106,4.2,13,LEFT_ELBOW,0.3351186513900757,0.44378462433815,0.09895282238721848,0.6778547167778015,0.9999488592147827
106,4.2,14,RIGHT_ELBOW,0.5387033820152283,0.46458932757377625,0.048797063529491425,0.9638531804084778,0.9993374943733215
106,4.2,15,LEFT_WRIST,0.3236613869667053,0.4773469865322113,0.0796341672539711,0.47247034311294556,0.9999051094055176
106,4.2,16,RIGHT_WRIST,0.5450004935264587,0.511971652507782,0.16694782674312592,0.8122067451477051,0.9992068409919739
106,4.2,17,LEFT_PINKY,0.3193846046924591,0.48535454273223877,0.07965419441461563,0.4215792119503021,0.9998257756233215
106,4.2,18,RIGHT_PINKY,0.5473436117172241,0.522578775882721,0.1820347160100937,0.7353805899620056,0.9990454316139221
106,4.2,19,LEFT_INDEX,0.325515478849411,0.48585936427116394,0.0823642909526825,0.4149705469608307,0.9998204112052917
106,4.2,20,RIGHT_INDEX,0.5422219038009644,0.5208362340927124,0.19422300159931183,0.727128267288208,0.9989913105964661
106,4.2,21,LEFT_THUMB,0.33108052611351013,0.48385292291641235,0.08009570091962814,0.3857327401638031,0.9998636245727539
106,4.2,22,RIGHT_THUMB,0.539507269859314,0.517324686050415,0.1766127645969391,0.6692529320716858,0.9991532564163208
106,4.2,23,LEFT_HIP,0.4126448631286621,0.515113890171051,0.059284988790750504,0.9993659257888794,0.999942421913147
106,4.2,24,RIGHT_HIP,0.47785452008247375,0.5167592763900757,-0.05971530079841614,0.999478280544281,0.9997851252555847
106,4.2,25,LEFT_KNEE,0.44720491766929626,0.5857334136962891,0.05213667452335358,0.9180336594581604,0.999849796295166
106,4.2,26,RIGHT_KNEE,0.4692768454551697,0.5910789966583252,-0.07356303930282593,0.9750737547874451,0.999717652797699
106,4.2,27,LEFT_ANKLE,0.46285009384155273,0.6592417359352112,-0.007904105819761753,0.9493213295936584,0.9998470544815063
106,4.2,28,RIGHT_ANKLE,0.4352356791496277,0.6631747484207153,-0.10564404726028442,0.977766752243042,0.9998185038566589
106,4.2,29,LEFT_HEEL,0.45511817932128906,0.6654787063598633,-0.018088556826114655,0.9619626402854919,0.999779999256134
106,4.2,30,RIGHT_HEEL,0.4190838038921356,0.6669067144393921,-0.10995414108037949,0.9783111214637756,0.9997178912162781
106,4.2,31,LEFT_FOOT_INDEX,0.5028092265129089,0.6803556084632874,-0.07969863712787628,0.8806759715080261,0.9994768500328064
106,4.2,32,RIGHT_FOOT_INDEX,0.4437078833580017,0.6981553435325623,-0.18035319447517395,0.9447439312934875,0.9995169639587402
107,4.24,0,NOSE,0.47228899598121643,0.38246265053749084,0.37765252590179443,0.9984081387519836,0.9999732971191406
107,4.24,1,LEFT_EYE_INNER,0.46790218353271484,0.3768174946308136,0.3446829319000244,0.9980217218399048,0.9999703168869019
107,4.24,2,LEFT_EYE,0.46423792839050293,0.37657979130744934,0.3446279466152191,0.9982212781906128,0.9999741315841675
107,4.24,3,LEFT_EYE_OUTER,0.4606609344482422,0.37643328309059143,0.34464019536972046,0.9981238842010498,0.9999756813049316
107,4.24,4,RIGHT_EYE_INNER,0.4794497489929199,0.3768375515937805,0.3413890600204468,0.997804582118988,0.9999587535858154
107,4.24,5,RIGHT_EYE,0.4838060736656189,0.37663084268569946,0.34141817688941956,0.9977676272392273,0.9999473094940186
107,4.24,6,RIGHT_EYE_OUTER,0.4879480004310608,0.37644103169441223,0.34136763215065,0.9971499443054199,0.9999297857284546
107,4.24,7,LEFT_EAR,0.45568716526031494,0.3785454332828522,0.20559623837471008,0.9981088042259216,0.9999847412109375
107,4.24,8,RIGHT_EAR,0.49078798294067383,0.3788343667984009,0.19171901047229767,0.9973867535591125,0.9998942613601685
107,4.24,9,MOUTH_LEFT,0.4657387137413025,0.3870869278907776,0.33154088258743286,0.9978903532028198,0.9999685287475586
107,4.24,10,MOUTH_RIGHT,0.4780231714248657,0.3874477446079254,0.32766836881637573,0.9973267912864685,0.9999374151229858
107,4.24,11,LEFT_SHOULDER,0.4102895259857178,0.4109242856502533,0.12953104078769684,0.9996888637542725,0.999994158744812
107,4.24,12,RIGHT_SHOULDER,0.5254340171813965,0.414730042219162,0.05837355926632881,0.9996877312660217,0.999752938747406
107,4.24,13,LEFT_ELBOW,0.35586676001548767,0.44053706526756287,0.058674316853284836,0.709928572177887,0.9999732971191406
107,4.24,14,RIGHT_ELBOW,0.5473284721374512,0.46420422196388245,-0.006731495261192322,0.966791033744812,0.9993938207626343
107,4.24,15,LEFT_WRIST,0.3293425142765045,0.4763396978378296,0.012456287629902363,0.5233914852142334,0.9999397993087769
107,4.24,16,RIGHT_WRIST,0.552184522151947,0.5106016993522644,0.005221135448664427,0.8219481110572815,0.9993966817855835
107,4.24,17,LEFT_PINKY,0.3230920433998108,0.48390644788742065,0.0006202582735568285,0.47405117750167847,0.9998698234558105
107,4.24,18,RIGHT_PINKY,0.5528169870376587,0.5221809148788452,-0.0062241326086223125,0.7449672222137451,0.9992796778678894
107,4.24,19,LEFT_INDEX,0.32808104157447815,0.48499399423599243,0.002958869095891714,0.4681248068809509,0.9998689889907837
107,4.24,20,RIGHT_INDEX,0.5481204986572266,0.5203091502189636,0.0034452704712748528,0.7352179288864136,0.9992390871047974
107,4.24,21,LEFT_THUMB,0.33250972628593445,0.48317626118659973,0.0122660668566823,0.4385142922401428,0.9999071359634399
107,4.24,22,RIGHT_THUMB,0.5448420643806458,0.5162718892097473,0.008123999461531639,0.6774990558624268,0.9993405938148499
107,4.24,23,LEFT_HIP,0.4259825348854065,0.511766254901886,0.041309162974357605,0.9994161128997803,0.9999593496322632
107,4.24,24,RIGHT_HIP,0.49458539485931396,0.5127795934677124,-0.04166070744395256,0.9994887709617615,0.9997921586036682
107,4.24,25,LEFT_KNEE,0.47513332962989807,0.5792761445045471,0.03025159426033497,0.9145848155021667,0.9998878240585327
107,4.24,26,RIGHT_KNEE,0.4957526922225952,0.5840802788734436,-0.045845478773117065,0.9758641123771667,0.9996590614318848
107,4.24,27,LEFT_ANKLE,0.51523756980896,0.6573397517204285,-0.059801135212183,0.9491553902626038,0.9997702240943909
107,4.24,28,RIGHT_ANKLE,0.46350228786468506,0.6529845595359802,-0.09866311401128769,0.9778697490692139,0.9997349381446838
107,4.24,29,LEFT_HEEL,0.5121617913246155,0.6658210754394531,-0.07538360357284546,0.9618878364562988,0.9996309280395508
107,4.24,30,RIGHT_HEEL,0.44120943546295166,0.6602342128753662,-0.1053745299577713,0.9779700040817261,0.9995884299278259
107,4.24,31,LEFT_FOOT_INDEX,0.5465114712715149,0.6746494174003601,-0.15702638030052185,0.8826625347137451,0.9992737174034119
107,4.24,32,RIGHT_FOOT_INDEX,0.464449018239975,0.6856986284255981,-0.18409684300422668,0.9444112181663513,0.999489426612854
108,4.28,0,NOSE,0.4754974842071533,0.3823411166667938,0.4116632044315338,0.9984776973724365,0.9999923706054688
108,4.28,1,LEFT_EYE_INNER,0.47159379720687866,0.376594603061676,0.38069960474967957,0.9980803728103638,0.9999903440475464
108,4.28,2,LEFT_EYE,0.4680553376674652,0.3764116168022156,0.3806345462799072,0.9982815980911255,0.9999915361404419
108,4.28,3,LEFT_EYE_OUTER,0.4647228717803955,0.37631893157958984,0.3806433081626892,0.9981721639633179,0.9999916553497314
108,4.28,4,RIGHT_EYE_INNER,0.48208239674568176,0.37654632329940796,0.3797176778316498,0.9978052973747253,0.9999871253967285
108,4.28,5,RIGHT_EYE,0.48598480224609375,0.3763715922832489,0.37974441051483154,0.9977753162384033,0.9999833106994629
108,4.28,6,RIGHT_EYE_OUTER,0.48994868993759155,0.3762417137622833,0.37970152497291565,0.9971071481704712,0.9999769926071167
108,4.28,7,LEFT_EAR,0.46132516860961914,0.3785993158817291,0.242244154214859,0.9981674551963806,0.9999951124191284
108,4.28,8,RIGHT_EAR,0.4945950508117676,0.3789045512676239,0.24109148979187012,0.997398316860199,0.9999676942825317
108,4.28,9,MOUTH_LEFT,0.4699910283088684,0.3870859146118164,0.36536210775375366,0.9979766607284546,0.9999911785125732
108,4.28,10,MOUTH_RIGHT,0.48072007298469543,0.3875034749507904,0.3647146224975586,0.9973727464675903,0.999982476234436
108,4.28,11,LEFT_SHOULDER,0.42016932368278503,0.4111551344394684,0.15455111861228943,0.9997178316116333,0.9999978542327881
108,4.28,12,RIGHT_SHOULDER,0.5332483649253845,0.41411954164505005,0.10571881383657455,0.9997087121009827,0.9998868703842163
108,4.28,13,LEFT_ELBOW,0.36832278966903687,0.4397391378879547,0.0764305591583252,0.7386974096298218,0.999984860420227
108,4.28,14,RIGHT_ELBOW,0.5535456538200378,0.46330726146698,0.039583444595336914,0.9686603546142578,0.9995312690734863
108,4.28,15,LEFT_WRIST,0.33461445569992065,0.4762229025363922,0.017198992893099785,0.5697773694992065,0.9999603033065796
108,4.28,16,RIGHT_WRIST,0.5584561228752136,0.5097315311431885,0.04982597753405571,0.82610684633255,0.9994308352470398
108,4.28,17,LEFT_PINKY,0.3268674910068512,0.4839763343334198,0.0033478743862360716,0.5231165885925293,0.9999080896377563
108,4.28,18,RIGHT_PINKY,0.5584923028945923,0.5216881036758423,0.04454122483730316,0.7474297881126404,0.9993083477020264
108,4.28,19,LEFT_INDEX,0.32970452308654785,0.48451900482177734,0.009464471600949764,0.5177866816520691,0.9999017715454102
108,4.28,20,RIGHT_INDEX,0.5538842678070068,0.5204446911811829,0.05349791795015335,0.7354743480682373,0.9992644190788269
108,4.28,21,LEFT_THUMB,0.3341309130191803,0.48244333267211914,0.018176954239606857,0.4886161684989929,0.9999332427978516
108,4.28,22,RIGHT_THUMB,0.5511184930801392,0.516583263874054,0.053827498108148575,0.6787191033363342,0.999371349811554
108,4.28,23,LEFT_HIP,0.4418758451938629,0.5099954009056091,0.037708207964897156,0.999470055103302,0.9999890327453613
108,4.28,24,RIGHT_HIP,0.5057016611099243,0.510391354560852,-0.03809612616896629,0.99952232837677,0.999924898147583
108,4.28,25,LEFT_KNEE,0.4906861484050751,0.579371988773346,0.031071970239281654,0.9135880470275879,0.9999417066574097
108,4.28,26,RIGHT_KNEE,0.5124484896659851,0.5817387700080872,-0.0344725102186203,0.976589024066925,0.9997233748435974
108,4.28,27,LEFT_ANKLE,0.5401064157485962,0.6570471525192261,-0.10111523419618607,0.950276792049408,0.9998200535774231
108,4.28,28,RIGHT_ANKLE,0.4807262718677521,0.6448168158531189,-0.12093441933393478,0.9776924848556519,0.9997835755348206
108,4.28,29,LEFT_HEEL,0.5381890535354614,0.6657778024673462,-0.12232514470815659,0.962201714515686,0.9997047781944275
108,4.28,30,RIGHT_HEEL,0.46290573477745056,0.6465352177619934,-0.1337006539106369,0.9768234491348267,0.9996808767318726
108,4.28,31,LEFT_FOOT_INDEX,0.5608972907066345,0.6746667623519897,-0.20670533180236816,0.8869482278823853,0.9993590712547302
108,4.28,32,RIGHT_FOOT_INDEX,0.48165780305862427,0.6755736470222473,-0.21278217434883118,0.9444255232810974,0.999578058719635
109,4.32,0,NOSE,0.48449549078941345,0.3815646171569824,0.3756971061229706,0.9979745149612427,0.9998832941055298
109,4.32,1,LEFT_EYE_INNER,0.4815496504306793,0.3756971061229706,0.34710946679115295,0.9975972771644592,0.9998849630355835
109,4.32,2,LEFT_EYE,0.4781207740306854,0.37557539343833923,0.34707629680633545,0.9978487491607666,0.9999001026153564
109,4.32,3,LEFT_EYE_OUTER,0.47479259967803955,0.375546395778656,0.3470885753631592,0.997721254825592,0.9999074935913086
109,4.32,4,RIGHT_EYE_INNER,0.4920714795589447,0.3756340742111206,0.33935245871543884,0.9969215393066406,0.9998410940170288
109,4.32,5,RIGHT_EYE,0.49612918496131897,0.3754804730415344,0.3393784463405609,0.9968472719192505,0.9998007416725159
109,4.32,6,RIGHT_EYE_OUTER,0.500343918800354,0.3753761053085327,0.33930814266204834,0.9956949353218079,0.9997337460517883
109,4.32,7,LEFT_EAR,0.4730245769023895,0.3783951699733734,0.2348010241985321,0.997747004032135,0.9999470710754395
109,4.32,8,RIGHT_EAR,0.5055071711540222,0.37842270731925964,0.19806687533855438,0.9962663054466248,0.9996296167373657
109,4.32,9,MOUTH_LEFT,0.47937560081481934,0.3863690197467804,0.33754289150238037,0.9976114630699158,0.9998880624771118
109,4.32,10,MOUTH_RIGHT,0.48968732357025146,0.3868384063243866,0.32674938440322876,0.9965652227401733,0.9997730851173401
109,4.32,11,LEFT_SHOULDER,0.43307527899742126,0.41208264231681824,0.15315598249435425,0.9997369647026062,0.9999877214431763
109,4.32,12,RIGHT_SHOULDER,0.5460017919540405,0.413828045129776,0.06114567071199417,0.9996839165687561,0.9991549253463745
109,4.32,13,LEFT_ELBOW,0.3869766294956207,0.4432394802570343,0.08542167395353317,0.7643985748291016,0.9999386072158813
109,4.32,14,RIGHT_ELBOW,0.5699998736381531,0.46404799818992615,-0.0032442922238260508,0.9691013693809509,0.9970541000366211
109,4.32,15,LEFT_WRIST,0.3393675684928894,0.4760182201862335,0.03561806306242943,0.6111838817596436,0.9997872710227966
109,4.32,16,RIGHT_WRIST,0.578151285648346,0.5101578235626221,-0.02644641324877739,0.8253008127212524,0.9942023158073425
109,4.32,17,LEFT_PINKY,0.32799723744392395,0.4835840165615082,0.02207624725997448,0.5668548345565796,0.9995599389076233
109,4.32,18,RIGHT_PINKY,0.5814781785011292,0.5214653015136719,-0.04109504073858261,0.7443419694900513,0.9939783811569214
109,4.32,19,LEFT_INDEX,0.3292016386985779,0.4834190309047699,0.02378254570066929,0.5620193481445312,0.9995259046554565
109,4.32,20,RIGHT_INDEX,0.5749622583389282,0.5208857655525208,-0.03358757495880127,0.7296444773674011,0.9934879541397095
109,4.32,21,LEFT_THUMB,0.3346957266330719,0.4812453091144562,0.03491939604282379,0.5327035784721375,0.9996480941772461
109,4.32,22,RIGHT_THUMB,0.5727808475494385,0.5170987844467163,-0.024700330570340157,0.6720404028892517,0.9941258430480957
109,4.32,23,LEFT_HIP,0.4659595191478729,0.508895218372345,0.051765475422143936,0.999491274356842,0.9999043941497803
109,4.32,24,RIGHT_HIP,0.5259337425231934,0.5096233487129211,-0.052119310945272446,0.9994139671325684,0.9991550445556641
109,4.32,25,LEFT_KNEE,0.5171080231666565,0.5781642198562622,0.025824280455708504,0.8965156078338623,0.9995878338813782
109,4.32,26,RIGHT_KNEE,0.5434757471084595,0.5808665752410889,-0.04729665443301201,0.9743081331253052,0.9977453351020813
109,4.32,27,LEFT_ANKLE,0.551687479019165,0.6554252505302429,-0.026059001684188843,0.9351117014884949,0.9985347986221313
109,4.32,28,RIGHT_ANKLE,0.5224538445472717,0.6425407528877258,-0.08500462770462036,0.9696342349052429,0.9976239800453186
109,4.32,29,LEFT_HEEL,0.5506941676139832,0.6661520004272461,-0.03836750239133835,0.9516102075576782,0.9975893497467041
109,4.32,30,RIGHT_HEEL,0.5058685541152954,0.6551045775413513,-0.09243041276931763,0.9691231846809387,0.9966262578964233
109,4.32,31,LEFT_FOOT_INDEX,0.5786446332931519,0.6668554544448853,-0.1168660819530487,0.8675605654716492,0.996560275554657
109,4.32,32,RIGHT_FOOT_INDEX,0.5466188192367554,0.6675052046775818,-0.2090369462966919,0.9266536831855774,0.9971708655357361
110,4.36,0,NOSE,0.49771401286125183,0.3811151087284088,0.2949008643627167,0.9976379871368408,0.9998390674591064
110,4.36,1,LEFT_EYE_INNER,0.4935586452484131,0.3751918375492096,0.26086926460266113,0.9970801472663879,0.999817430973053
110,4.36,2,LEFT_EYE,0.49006879329681396,0.37508389353752136,0.26080572605133057,0.9973656535148621,0.9998365640640259
110,4.36,3,LEFT_EYE_OUTER,0.48627641797065735,0.37507492303848267,0.26084092259407043,0.9971909523010254,0.9998480081558228
110,4.36,4,RIGHT_EYE_INNER,0.504128634929657,0.3750414550304413,0.2583445608615875,0.996251106262207,0.9997753500938416
110,4.36,5,RIGHT_EYE,0.507668673992157,0.3748515844345093,0.2583695948123932,0.9961774945259094,0.9997249245643616
110,4.36,6,RIGHT_EYE_OUTER,0.5113027691841125,0.3747180998325348,0.25829440355300903,0.9947481155395508,0.9996576309204102
110,4.36,7,LEFT_EAR,0.4823635518550873,0.37803277373313904,0.12704354524612427,0.997032642364502,0.9998941421508789
110,4.36,8,RIGHT_EAR,0.513937771320343,0.3779070973396301,0.11818558722734451,0.9952946901321411,0.999503493309021
110,4.36,9,MOUTH_LEFT,0.49206599593162537,0.3860028386116028,0.2517346441745758,0.9971823692321777,0.999788224697113
110,4.36,10,MOUTH_RIGHT,0.5027828216552734,0.38640156388282776,0.24907724559307098,0.9959191083908081,0.9996194839477539
110,4.36,11,LEFT_SHOULDER,0.44199666380882263,0.41163739562034607,0.08118374645709991,0.9997528791427612,0.9999816417694092
110,4.36,12,RIGHT_SHOULDER,0.5523989200592041,0.41288530826568604,0.014617981389164925,0.9996591210365295,0.9991443157196045
110,4.36,13,LEFT_ELBOW,0.3939237892627716,0.44469234347343445,0.02974741905927658,0.7874054908752441,0.9999650716781616
110,4.36,14,RIGHT_ELBOW,0.5761938691139221,0.46293190121650696,-0.015703588724136353,0.9703057408332825,0.9983294606208801
110,4.36,15,LEFT_WRIST,0.34178781509399414,0.47399017214775085,-0.0197963397949934,0.6488141417503357,0.9999021291732788
110,4.36,16,RIGHT_WRIST,0.5864296555519104,0.5095125436782837,0.018506718799471855,0.8291435837745667,0.9975186586380005
110,4.36,17,LEFT_PINKY,0.3313150107860565,0.4820132553577423,-0.033309292048215866,0.6070122122764587,0.9997959733009338
110,4.36,18,RIGHT_PINKY,0.5907242894172668,0.520153820514679,0.011532509699463844,0.7479838132858276,0.9974550604820251
110,4.36,19,LEFT_INDEX,0.3324669301509857,0.48146501183509827,-0.031641822308301926,0.6026009917259216,0.9997822642326355
110,4.36,20,RIGHT_INDEX,0.585577666759491,0.5197439193725586,0.009986725635826588,0.7325032353401184,0.9971913695335388
110,4.36,21,LEFT_THUMB,0.33692362904548645,0.47897669672966003,-0.019868288189172745,0.5733452439308167,0.9998339414596558
110,4.36,22,RIGHT_THUMB,0.5825147032737732,0.5163910388946533,0.019348302856087685,0.6745197176933289,0.9975536465644836
110,4.36,23,LEFT_HIP,0.478781133890152,0.5113646388053894,0.05216135457158089,0.9995186924934387,0.9999523162841797
110,4.36,24,RIGHT_HIP,0.5373507142066956,0.5099943280220032,-0.05265071243047714,0.999382495880127,0.9996711015701294
110,4.36,25,LEFT_KNEE,0.5273302793502808,0.5811063051223755,0.04896915704011917,0.8875570297241211,0.9998685121536255
110,4.36,26,RIGHT_KNEE,0.5617427229881287,0.579552948474884,0.0011582111474126577,0.9730391502380371,0.9992656111717224
110,4.36,27,LEFT_ANKLE,0.5589308142662048,0.6562129855155945,-0.006063270382583141,0.9341622591018677,0.9996685981750488
110,4.36,28,RIGHT_ANKLE,0.5410815477371216,0.6383460760116577,-0.004667054861783981,0.9675893783569336,0.9995003938674927
110,4.36,29,LEFT_HEEL,0.55561763048172,0.666279137134552,-0.014808515086770058,0.9513247609138489,0.9994109869003296
110,4.36,30,RIGHT_HEEL,0.5241232514381409,0.6432349681854248,-0.006827810313552618,0.966011643409729,0.9993593096733093
110,4.36,31,LEFT_FOOT_INDEX,0.5841754078865051,0.6687607169151306,-0.0821288675069809,0.8689477443695068,0.9986518025398254
110,4.36,32,RIGHT_FOOT_INDEX,0.5572295784950256,0.6650781035423279,-0.07388380914926529,0.9241136908531189,0.9990519881248474
111,4.4,0,NOSE,0.5135772824287415,0.37802261114120483,0.2959930896759033,0.997791051864624,0.9998849630355835
111,4.4,1,LEFT_EYE_INNER,0.5075669884681702,0.3719286620616913,0.2637670934200287,0.997276246547699,0.9998663663864136
111,4.4,2,LEFT_EYE,0.5034505128860474,0.37187138199806213,0.2637028694152832,0.9975457191467285,0.9998780488967896
111,4.4,3,LEFT_EYE_OUTER,0.4996691048145294,0.37192052602767944,0.26373037695884705,0.9973751306533813,0.9998874664306641
111,4.4,4,RIGHT_EYE_INNER,0.5191495418548584,0.37149402499198914,0.2582050561904907,0.9965198040008545,0.9998395442962646
111,4.4,5,RIGHT_EYE,0.5228970646858215,0.3711565136909485,0.2582356333732605,0.9964622259140015,0.9998082518577576
111,4.4,6,RIGHT_EYE_OUTER,0.5265517234802246,0.3708808124065399,0.2581753134727478,0.9951366782188416,0.999772846698761
111,4.4,7,LEFT_EAR,0.49382951855659485,0.37469884753227234,0.13675659894943237,0.9972527027130127,0.9999262094497681
111,4.4,8,RIGHT_EAR,0.5275499224662781,0.37373214960098267,0.11314091831445694,0.9956586956977844,0.9997100234031677
111,4.4,9,MOUTH_LEFT,0.5071629285812378,0.38253018260002136,0.25617608428001404,0.9973601698875427,0.9998501539230347
111,4.4,10,MOUTH_RIGHT,0.5193695425987244,0.3827659487724304,0.24915017187595367,0.9961816668510437,0.9997585415840149
111,4.4,11,LEFT_SHOULDER,0.4518563747406006,0.4087471067905426,0.099517822265625,0.9997722506523132,0.9999833106994629
111,4.4,12,RIGHT_SHOULDER,0.5630828142166138,0.4100857973098755,-0.00037626316770911217,0.999676525592804,0.9996558427810669
111,4.4,13,LEFT_ELBOW,0.40453290939331055,0.4435259699821472,0.07172124832868576,0.8082236647605896,0.9999737739562988
111,4.4,14,RIGHT_ELBOW,0.5866475105285645,0.46012017130851746,-0.04423370584845543,0.9722943902015686,0.9994460940361023
111,4.4,15,LEFT_WRIST,0.35250580310821533,0.4724804759025574,0.0068713086657226086,0.6820942759513855,0.9999362230300903
111,4.4,16,RIGHT_WRIST,0.6003652215003967,0.5084723234176636,-0.03497955948114395,0.8393452763557434,0.9990929365158081
111,4.4,17,LEFT_PINKY,0.341615229845047,0.47986504435539246,0.0028176619671285152,0.6419472694396973,0.9998703002929688
111,4.4,18,RIGHT_PINKY,0.6041282415390015,0.5198419690132141,-0.04655466973781586,0.760979950428009,0.9989905953407288
111,4.4,19,LEFT_INDEX,0.3422479033470154,0.47903770208358765,-0.009098052978515625,0.6378054618835449,0.9998759031295776
111,4.4,20,RIGHT_INDEX,0.6007685661315918,0.5195302963256836,-0.036857832223176956,0.7459719181060791,0.9989392161369324
111,4.4,21,LEFT_THUMB,0.3467685878276825,0.47685718536376953,0.016742190346121788,0.6079031825065613,0.999903678894043
111,4.4,22,RIGHT_THUMB,0.5973280072212219,0.5162507891654968,-0.03029327467083931,0.688386857509613,0.99912029504776
111,4.4,23,LEFT_HIP,0.4953661262989044,0.5112728476524353,0.056013401597738266,0.9995571970939636,0.9999632835388184
111,4.4,24,RIGHT_HIP,0.5546202659606934,0.507325291633606,-0.05648558959364891,0.99941086769104,0.999805748462677
111,4.4,25,LEFT_KNEE,0.5349853038787842,0.5793347954750061,0.06527920067310333,0.8968726992607117,0.9999150037765503
111,4.4,26,RIGHT_KNEE,0.5931410193443298,0.5722142457962036,0.003612373024225235,0.9751699566841125,0.9995094537734985
111,4.4,27,LEFT_ANKLE,0.5603172183036804,0.6553152799606323,0.0013230756158009171,0.9388870000839233,0.9998303651809692
111,4.4,28,RIGHT_ANKLE,0.578787088394165,0.6363804340362549,-0.01980459876358509,0.969851016998291,0.9997610449790955
111,4.4,29,LEFT_HEEL,0.5534487962722778,0.6653502583503723,-0.008796894922852516,0.9549073576927185,0.9996668100357056
111,4.4,30,RIGHT_HEEL,0.5676626563072205,0.6433591246604919,-0.022128654643893242,0.9680259227752686,0.9997145533561707
111,4.4,31,LEFT_FOOT_INDEX,0.5770847797393799,0.670935869216919,-0.07420238107442856,0.8735398054122925,0.9991693496704102
111,4.4,32,RIGHT_FOOT_INDEX,0.5897173285484314,0.6667037606239319,-0.07035814225673676,0.9274540543556213,0.999445378780365
112,4.44,0,NOSE,0.5202664136886597,0.3753134310245514,0.2932409346103668,0.9978646039962769,0.9998186230659485
112,4.44,1,LEFT_EYE_INNER,0.5145358443260193,0.3693034052848816,0.2593298554420471,0.9973434209823608,0.9997923970222473
112,4.44,2,LEFT_EYE,0.510668158531189,0.36926278471946716,0.2592598795890808,0.9976310729980469,0.999799907207489
112,4.44,3,LEFT_EYE_OUTER,0.5063201785087585,0.3693477213382721,0.25929832458496094,0.997425377368927,0.9998152852058411
112,4.44,4,RIGHT_EYE_INNER,0.5254138112068176,0.3688550591468811,0.2529311180114746,0.9966678619384766,0.9997738003730774
112,4.44,5,RIGHT_EYE,0.5290128588676453,0.36851465702056885,0.2529549300670624,0.9966532588005066,0.9997325539588928
112,4.44,6,RIGHT_EYE_OUTER,0.5327685475349426,0.36820876598358154,0.2528785169124603,0.9953746199607849,0.9997009038925171
112,4.44,7,LEFT_EAR,0.5005593299865723,0.3722287118434906,0.12824110686779022,0.9973732233047485,0.9998589754104614
112,4.44,8,RIGHT_EAR,0.5332850217819214,0.3711956739425659,0.1016073152422905,0.9959086775779724,0.9996084570884705
112,4.44,9,MOUTH_LEFT,0.5140276551246643,0.3798477053642273,0.25382763147354126,0.9973888993263245,0.999728262424469
112,4.44,10,MOUTH_RIGHT,0.5257769227027893,0.37988805770874023,0.24570707976818085,0.996260941028595,0.9996145963668823
112,4.44,11,LEFT_SHOULDER,0.4581541121006012,0.4052363336086273,0.0978822335600853,0.9997883439064026,0.9999752044677734
112,4.44,12,RIGHT_SHOULDER,0.5692608952522278,0.40589210391044617,-0.017722882330417633,0.9996939301490784,0.9997218251228333
112,4.44,13,LEFT_ELBOW,0.41201478242874146,0.44084611535072327,0.08434099704027176,0.8267110586166382,0.9999829530715942
112,4.44,14,RIGHT_ELBOW,0.5905765891075134,0.4552293121814728,-0.055068355053663254,0.9740325808525085,0.9997884631156921
112,4.44,15,LEFT_WRIST,0.3630259335041046,0.4701313376426697,0.03321576863527298,0.7118304371833801,0.9999563694000244
112,4.44,16,RIGHT_WRIST,0.6079793572425842,0.5047797560691833,-0.03167169541120529,0.8497035503387451,0.99960857629776
112,4.44,17,LEFT_PINKY,0.3529265224933624,0.4774119257926941,0.04211044684052467,0.6733883619308472,0.9999164342880249
112,4.44,18,RIGHT_PINKY,0.614787757396698,0.516473114490509,-0.04192733019590378,0.7746962904930115,0.9995670914649963
112,4.44,19,LEFT_INDEX,0.3536425530910492,0.4768986403942108,0.03226015344262123,0.6694623827934265,0.9999216794967651
112,4.44,20,RIGHT_INDEX,0.6098737716674805,0.5165212750434875,-0.031016752123832703,0.7605828642845154,0.9995181560516357
112,4.44,21,LEFT_THUMB,0.3578762710094452,0.4748428463935852,0.04725514352321625,0.6387447714805603,0.999937891960144
112,4.44,22,RIGHT_THUMB,0.6054417490959167,0.5132659077644348,-0.025922240689396858,0.7034633159637451,0.9996126294136047
112,4.44,23,LEFT_HIP,0.5046558380126953,0.5099478363990784,0.061644285917282104,0.9995944499969482,0.9999696016311646
112,4.44,24,RIGHT_HIP,0.5636516809463501,0.5051097273826599,-0.06262370944023132,0.9994490742683411,0.9998745918273926
112,4.44,25,LEFT_KNEE,0.5414247512817383,0.5778663754463196,0.13045254349708557,0.9066492319107056,0.9999421834945679
112,4.44,26,RIGHT_KNEE,0.6097986698150635,0.5670783519744873,0.028355173766613007,0.9774883985519409,0.9997506737709045
112,4.44,27,LEFT_ANKLE,0.5639420747756958,0.651360809803009,0.04198005050420761,0.9443861246109009,0.9999529123306274
112,4.44,28,RIGHT_ANKLE,0.6002618074417114,0.6349757313728333,-0.019161470234394073,0.9726348519325256,0.9999499320983887
112,4.44,29,LEFT_HEEL,0.5599328279495239,0.6606355905532837,0.03121982142329216,0.9590686559677124,0.9999171495437622
112,4.44,30,RIGHT_HEEL,0.5889979004859924,0.6434796452522278,-0.021601662039756775,0.9708849787712097,0.9999463558197021
112,4.44,31,LEFT_FOOT_INDEX,0.5824292898178101,0.6713981032371521,-0.028270689770579338,0.8797550797462463,0.9997612833976746
112,4.44,32,RIGHT_FOOT_INDEX,0.6171401143074036,0.6610451340675354,-0.05904480442404747,0.9325780272483826,0.9998544454574585
113,4.48,0,NOSE,0.530931293964386,0.3740576207637787,0.27429988980293274,0.9980549812316895,0.9998602867126465
113,4.48,1,LEFT_EYE_INNER,0.5258142948150635,0.36849531531333923,0.23874743282794952,0.9975811243057251,0.9998409748077393
113,4.48,2,LEFT_EYE,0.5220971703529358,0.3684483468532562,0.23870281875133514,0.9978456497192383,0.9998468160629272
113,4.48,3,LEFT_EYE_OUTER,0.5184995532035828,0.3684832751750946,0.23871974647045135,0.9976524710655212,0.9998558759689331
113,4.48,4,RIGHT_EYE_INNER,0.5361274480819702,0.36805641651153564,0.23449380695819855,0.9969740509986877,0.9998156428337097
113,4.48,5,RIGHT_EYE,0.5394368767738342,0.3677203059196472,0.23453815281391144,0.9969655871391296,0.9997766613960266
113,4.48,6,RIGHT_EYE_OUTER,0.5427637696266174,0.3674376904964447,0.2345111072063446,0.9958006143569946,0.9997438788414001
113,4.48,7,LEFT_EAR,0.5128170251846313,0.371309757232666,0.10609669238328934,0.9976131916046143,0.9998781681060791
113,4.48,8,RIGHT_EAR,0.5438982248306274,0.3704080283641815,0.08878122270107269,0.9962825179100037,0.9996318817138672
113,4.48,9,MOUTH_LEFT,0.5249615907669067,0.3786611258983612,0.23510171473026276,0.9976119995117188,0.9997425675392151
113,4.48,10,MOUTH_RIGHT,0.5357294082641602,0.3785681128501892,0.22920683026313782,0.9965853095054626,0.9996533393859863
113,4.48,11,LEFT_SHOULDER,0.46755680441856384,0.40489086508750916,0.052837785333395004,0.9997983574867249,0.9999303817749023
113,4.48,12,RIGHT_SHOULDER,0.5815348029136658,0.4047462046146393,-0.014411219395697117,0.9996976256370544,0.99944669008255
113,4.48,13,LEFT_ELBOW,0.42077791690826416,0.44028493762016296,0.0646400898694992,0.8438578844070435,0.9999688863754272
113,4.48,14,RIGHT_ELBOW,0.6032701134681702,0.45520856976509094,-0.06939683854579926,0.9755542874336243,0.9997993111610413
113,4.48,15,LEFT_WRIST,0.3772881329059601,0.46985578536987305,0.08143247663974762,0.7386263608932495,0.9999600648880005
113,4.48,16,RIGHT_WRIST,0.6246301531791687,0.503865122795105,-0.10146713256835938,0.860174298286438,0.9997797608375549
113,4.48,17,LEFT_PINKY,0.368640273809433,0.47600507736206055,0.09234745800495148,0.7012953758239746,0.999925971031189
113,4.48,18,RIGHT_PINKY,0.6306744813919067,0.5151674747467041,-0.11487917602062225,0.7896744012832642,0.9997398257255554
113,4.48,19,LEFT_INDEX,0.3705361783504486,0.4758373200893402,0.08944270014762878,0.6975597143173218,0.9999406337738037
113,4.48,20,RIGHT_INDEX,0.6267815232276917,0.5153442025184631,-0.10451938956975937,0.7764497995376587,0.9997314810752869
113,4.48,21,LEFT_THUMB,0.37485015392303467,0.47409921884536743,0.09105195105075836,0.6665389537811279,0.9999501705169678
113,4.48,22,RIGHT_THUMB,0.6229826807975769,0.5121509432792664,-0.0964854508638382,0.7196674942970276,0.9997883439064026
113,4.48,23,LEFT_HIP,0.5192676782608032,0.5097368955612183,0.040879201143980026,0.9996234178543091,0.9999387264251709
113,4.48,24,RIGHT_HIP,0.5761597156524658,0.5039936900138855,-0.0417010560631752,0.9994800686836243,0.9997826218605042
113,4.48,25,LEFT_KNEE,0.5556811690330505,0.5730400681495667,0.1207297146320343,0.9158030152320862,0.9999297857284546
113,4.48,26,RIGHT_KNEE,0.619966983795166,0.5646231770515442,0.1062103882431984,0.9795944690704346,0.9997474551200867
113,4.48,27,LEFT_ANKLE,0.585384726524353,0.641613781452179,0.10610006749629974,0.9496128559112549,0.9999755620956421
113,4.48,28,RIGHT_ANKLE,0.6428999304771423,0.6338396668434143,0.11538445949554443,0.9752056002616882,0.9999629259109497
113,4.48,29,LEFT_HEEL,0.5887055993080139,0.6525574922561646,0.10575583577156067,0.9629855155944824,0.9999603033065796
113,4.48,30,RIGHT_HEEL,0.6324193477630615,0.6455485224723816,0.11856807768344879,0.9736294150352478,0.9999581575393677
113,4.48,31,LEFT_FOOT_INDEX,0.5964099168777466,0.6616707444190979,0.06138148158788681,0.8849449157714844,0.9998812675476074
113,4.48,32,RIGHT_FOOT_INDEX,0.665551483631134,0.6458985805511475,0.0836733728647232,0.936042308807373,0.9998863935470581
114,4.52,0,NOSE,0.5377398729324341,0.37390175461769104,0.28810569643974304,0.9981144070625305,0.9994816184043884
114,4.52,1,LEFT_EYE_INNER,0.5323788523674011,0.3683472275733948,0.25533369183540344,0.9976746439933777,0.9994819760322571
114,4.52,2,LEFT_EYE,0.52847820520401,0.3682946264743805,0.2552841007709503,0.9979510307312012,0.9995126724243164
114,4.52,3,LEFT_EYE_OUTER,0.5248501896858215,0.3683338463306427,0.2552976608276367,0.997735321521759,0.9995589852333069
114,4.52,4,RIGHT_EYE_INNER,0.542914628982544,0.36786654591560364,0.24931180477142334,0.9971280694007874,0.9993705153465271
114,4.52,5,RIGHT_EYE,0.546422004699707,0.36748456954956055,0.2493443787097931,0.997154176235199,0.9992380142211914
114,4.52,6,RIGHT_EYE_OUTER,0.5497713685035706,0.3671568036079407,0.24929270148277283,0.996029257774353,0.9991347193717957
114,4.52,7,LEFT_EAR,0.5183109045028687,0.3710615336894989,0.1233082115650177,0.9977502822875977,0.9996401071548462
114,4.52,8,RIGHT_EAR,0.5504963397979736,0.370152086019516,0.10141821205615997,0.99648118019104,0.9986571073532104
114,4.52,9,MOUTH_LEFT,0.5313456058502197,0.37835830450057983,0.2497444748878479,0.9976665377616882,0.9992132186889648
114,4.52,10,MOUTH_RIGHT,0.5427998900413513,0.3782646954059601,0.2415735274553299,0.9967015385627747,0.9988760352134705
114,4.52,11,LEFT_SHOULDER,0.4736468493938446,0.4036494791507721,0.06311523914337158,0.9997951984405518,0.9998779296875
114,4.52,12,RIGHT_SHOULDER,0.5856219530105591,0.40319153666496277,-0.005376836750656366,0.9996680617332458,0.9987354874610901
114,4.52,13,LEFT_ELBOW,0.4272381663322449,0.4381604790687561,0.06518062949180603,0.859181821346283,0.9999464750289917
114,4.52,14,RIGHT_ELBOW,0.608452320098877,0.45153725147247314,-0.0697997510433197,0.9770643711090088,0.9996181726455688
114,4.52,15,LEFT_WRIST,0.388503760099411,0.4695611596107483,0.08374787867069244,0.7621690034866333,0.9998987913131714
114,4.52,16,RIGHT_WRIST,0.6331050992012024,0.5009740591049194,-0.12078022211790085,0.8692527413368225,0.999530553817749
114,4.52,17,LEFT_PINKY,0.38229912519454956,0.4761604368686676,0.09222768992185593,0.7254008650779724,0.9998201727867126
114,4.52,18,RIGHT_PINKY,0.64043128490448,0.5123851895332336,-0.13828174769878387,0.8025028705596924,0.9994774460792542
114,4.52,19,LEFT_INDEX,0.38524720072746277,0.47634369134902954,0.09026716649532318,0.721794843673706,0.999853253364563
114,4.52,20,RIGHT_INDEX,0.6363912224769592,0.5128106474876404,-0.13009166717529297,0.7899763584136963,0.9994707703590393
114,4.52,21,LEFT_THUMB,0.388944536447525,0.474380761384964,0.09278620034456253,0.689667284488678,0.9998711347579956
114,4.52,22,RIGHT_THUMB,0.6316696405410767,0.5096728801727295,-0.11723262071609497,0.7333608865737915,0.9995566010475159
114,4.52,23,LEFT_HIP,0.5223863124847412,0.5079628229141235,0.030474066734313965,0.9996330142021179,0.9998288154602051
114,4.52,24,RIGHT_HIP,0.5810360312461853,0.5008930563926697,-0.031092965975403786,0.9994723200798035,0.9993835687637329
114,4.52,25,LEFT_KNEE,0.563025712966919,0.5699717402458191,0.08433105051517487,0.9240636825561523,0.9997884631156921
114,4.52,26,RIGHT_KNEE,0.6196268200874329,0.5630273222923279,0.09023463726043701,0.9815128445625305,0.9992917776107788
114,4.52,27,LEFT_ANKLE,0.5969535112380981,0.6397992968559265,0.10738691687583923,0.9540925025939941,0.9999388456344604
114,4.52,28,RIGHT_ANKLE,0.6562278270721436,0.6336172819137573,0.13866475224494934,0.9774481654167175,0.999913215637207
114,4.52,29,LEFT_HEEL,0.6006824970245361,0.6505910754203796,0.1102885976433754,0.9664055109024048,0.9999046325683594
114,4.52,30,RIGHT_HEEL,0.6471762657165527,0.6454921960830688,0.14493624866008759,0.9760739207267761,0.9999042749404907
114,4.52,31,LEFT_FOOT_INDEX,0.603637158870697,0.6532923579216003,0.05977326259016991,0.8811022043228149,0.9997912049293518
114,4.52,32,RIGHT_FOOT_INDEX,0.6857207417488098,0.6367875337600708,0.10088176280260086,0.9358670115470886,0.999796450138092
115,4.56,0,NOSE,0.5452463626861572,0.37466591596603394,0.2689473628997803,0.998264491558075,0.9996849298477173
115,4.56,1,LEFT_EYE_INNER,0.5404092669487,0.368535578250885,0.23217619955539703,0.9978569149971008,0.9996236562728882
115,4.56,2,LEFT_EYE,0.5369489789009094,0.3685925602912903,0.23213474452495575,0.9981144666671753,0.999636173248291
115,4.56,3,LEFT_EYE_OUTER,0.5333849191665649,0.3687039911746979,0.23213240504264832,0.9979071617126465,0.9996484518051147
115,4.56,4,RIGHT_EYE_INNER,0.5504812002182007,0.36812353134155273,0.2300863265991211,0.9973648190498352,0.9995902180671692
115,4.56,5,RIGHT_EYE,0.5538706183433533,0.3678089678287506,0.2301216572523117,0.9973947405815125,0.9995163679122925
115,4.56,6,RIGHT_EYE_OUTER,0.5573068261146545,0.36756545305252075,0.2300904393196106,0.996356189250946,0.9994507431983948
115,4.56,7,LEFT_EAR,0.5272740721702576,0.37132054567337036,0.09680424630641937,0.9979373216629028,0.999685525894165
115,4.56,8,RIGHT_EAR,0.558754563331604,0.37090864777565,0.08926910907030106,0.9967684149742126,0.999151349067688
115,4.56,9,MOUTH_LEFT,0.5402103066444397,0.3791881203651428,0.2284674048423767,0.9978582262992859,0.9994516968727112
115,4.56,10,MOUTH_RIGHT,0.5506358742713928,0.37928611040115356,0.22508813440799713,0.996977686882019,0.9993096590042114
115,4.56,11,LEFT_SHOULDER,0.48474493622779846,0.4042285084724426,0.025177666917443275,0.9997968077659607,0.9998418092727661
115,4.56,12,RIGHT_SHOULDER,0.5958302617073059,0.40420329570770264,-0.0029112144839018583,0.9996529817581177,0.9990171194076538
115,4.56,13,LEFT_ELBOW,0.4418482482433319,0.43894073367118835,0.021359940990805626,0.8731299638748169,0.9999045133590698
115,4.56,14,RIGHT_ELBOW,0.6199938654899597,0.4512878954410553,-0.07255837321281433,0.9786228537559509,0.9996383190155029
115,4.56,15,LEFT_WRIST,0.41365474462509155,0.47053906321525574,0.048696503043174744,0.7841115593910217,0.9998807907104492
115,4.56,16,RIGHT_WRIST,0.6492058038711548,0.4985227882862091,-0.12343847751617432,0.8777689933776855,0.9996106028556824
115,4.56,17,LEFT_PINKY,0.4061201512813568,0.47740399837493896,0.05056897923350334,0.7485335469245911,0.9997866749763489
115,4.56,18,RIGHT_PINKY,0.6584027409553528,0.510235071182251,-0.1375088393688202,0.8145644068717957,0.9995046854019165
115,4.56,19,LEFT_INDEX,0.4097740054130554,0.47751253843307495,0.04822579026222229,0.7450879216194153,0.9998310804367065
115,4.56,20,RIGHT_INDEX,0.6551725268363953,0.5104500651359558,-0.12703388929367065,0.802439272403717,0.9995070695877075
115,4.56,21,LEFT_THUMB,0.41396424174308777,0.47547706961631775,0.05195827782154083,0.7133450508117676,0.9998565912246704
115,4.56,22,RIGHT_THUMB,0.6505228877067566,0.5073257684707642,-0.11934208124876022,0.7463552355766296,0.9996015429496765
115,4.56,23,LEFT_HIP,0.5356153845787048,0.5086631178855896,0.015926247462630272,0.999630868434906,0.999671220779419
115,4.56,24,RIGHT_HIP,0.5922973155975342,0.5023839473724365,-0.01642056182026863,0.9994586706161499,0.9992274045944214
115,4.56,25,LEFT_KNEE,0.5827544927597046,0.5705798864364624,0.07392415404319763,0.9314697980880737,0.999669075012207
115,4.56,26,RIGHT_KNEE,0.6279239058494568,0.5659462809562683,0.0859585851430893,0.9832550287246704,0.9993219375610352
115,4.56,27,LEFT_ANKLE,0.6203477382659912,0.6344738602638245,0.12455779314041138,0.9582738876342773,0.999913215637207
115,4.56,28,RIGHT_ANKLE,0.6660359501838684,0.6341291666030884,0.1449030190706253,0.9795143604278564,0.9999043941497803
115,4.56,29,LEFT_HEEL,0.6273583173751831,0.6437375545501709,0.1300998479127884,0.9695267677307129,0.9998729228973389
115,4.56,30,RIGHT_HEEL,0.6626339554786682,0.6454646587371826,0.15151216089725494,0.9783007502555847,0.9998729228973389
115,4.56,31,LEFT_FOOT_INDEX,0.6281598210334778,0.6446647644042969,0.08553479611873627,0.8854366540908813,0.999670147895813
115,4.56,32,RIGHT_FOOT_INDEX,0.6867102384567261,0.6375249624252319,0.10861670970916748,0.9377604126930237,0.9996935129165649
116,4.6,0,NOSE,0.5514882206916809,0.37638983130455017,0.27362847328186035,0.9984151721000671,0.9998908042907715
116,4.6,1,LEFT_EYE_INNER,0.5460789799690247,0.37093865871429443,0.2423645257949829,0.9980402588844299,0.999866247177124
116,4.6,2,LEFT_EYE,0.5424094796180725,0.3709709048271179,0.24230685830116272,0.9982776641845703,0.9998680353164673
116,4.6,3,LEFT_EYE_OUTER,0.5387928485870361,0.37103408575057983,0.24233336746692657,0.9980810880661011,0.9998656511306763
116,4.6,4,RIGHT_EYE_INNER,0.5560860633850098,0.3703163266181946,0.24472549557685852,0.9975965619087219,0.9998553991317749
116,4.6,5,RIGHT_EYE,0.5595045685768127,0.36988046765327454,0.24476394057273865,0.9976282715797424,0.9998291730880737
116,4.6,6,RIGHT_EYE_OUTER,0.5628908276557922,0.3694983124732971,0.2448466271162033,0.9966785907745361,0.9997989535331726
116,4.6,7,LEFT_EAR,0.5317221283912659,0.3732897639274597,0.11204272508621216,0.9981266260147095,0.9998714923858643
116,4.6,8,RIGHT_EAR,0.5640376210212708,0.37254995107650757,0.12305279821157455,0.9970523118972778,0.9996681213378906
116,4.6,9,MOUTH_LEFT,0.5453155040740967,0.380607545375824,0.23709386587142944,0.9980422854423523,0.9997454285621643
116,4.6,10,MOUTH_RIGHT,0.5564055442810059,0.380340039730072,0.2428695410490036,0.9972437024116516,0.999681830406189
116,4.6,11,LEFT_SHOULDER,0.48987478017807007,0.4053231179714203,0.013084134086966515,0.9998083710670471,0.999901294708252
116,4.6,12,RIGHT_SHOULDER,0.6010847091674805,0.40465790033340454,0.06236748769879341,0.9996561408042908,0.9995156526565552
116,4.6,13,LEFT_ELBOW,0.4503014385700226,0.44042301177978516,-0.004063070751726627,0.8857443928718567,0.9999098777770996
116,4.6,14,RIGHT_ELBOW,0.6263425946235657,0.45014116168022156,-0.010861965827643871,0.9802045226097107,0.9997861981391907
116,4.6,15,LEFT_WRIST,0.4279104471206665,0.47109144926071167,0.0440232940018177,0.8037931323051453,0.9998866319656372
116,4.6,16,RIGHT_WRIST,0.6587137579917908,0.49551549553871155,-0.08990565687417984,0.8848705887794495,0.999803364276886
116,4.6,17,LEFT_PINKY,0.42070308327674866,0.47803232073783875,0.04219896346330643,0.7687046527862549,0.9998077750205994
116,4.6,18,RIGHT_PINKY,0.6683765649795532,0.507308840751648,-0.104624904692173,0.8238120675086975,0.9997382760047913
116,4.6,19,LEFT_INDEX,0.4247608184814453,0.4781831204891205,0.04699785262346268,0.765402615070343,0.9998447895050049
116,4.6,20,RIGHT_INDEX,0.6655427813529968,0.507111132144928,-0.09317295253276825,0.8116549849510193,0.9997485280036926
116,4.6,21,LEFT_THUMB,0.42891785502433777,0.4760691225528717,0.04915965348482132,0.7337629795074463,0.9998682737350464
116,4.6,22,RIGHT_THUMB,0.6611148118972778,0.5040776133537292,-0.08997632563114166,0.7559943199157715,0.9997944235801697
116,4.6,23,LEFT_HIP,0.5410072207450867,0.507965624332428,-0.03349415212869644,0.9996428489685059,0.9997926354408264
116,4.6,24,RIGHT_HIP,0.5980935096740723,0.501133143901825,0.033223602920770645,0.999462902545929,0.999607503414154
116,4.6,25,LEFT_KNEE,0.5894046425819397,0.569091796875,0.011603225022554398,0.938237726688385,0.9997075200080872
116,4.6,26,RIGHT_KNEE,0.6313154101371765,0.5661036968231201,0.12107311934232712,0.9847708940505981,0.9995881915092468
116,4.6,27,LEFT_ANKLE,0.6328380703926086,0.6324894428253174,0.08845767378807068,0.9621181488037109,0.9999386072158813
116,4.6,28,RIGHT_ANKLE,0.6718248724937439,0.633700430393219,0.18490225076675415,0.9812614321708679,0.9999368190765381
116,4.6,29,LEFT_HEEL,0.6412310600280762,0.6410428285598755,0.12281116843223572,0.972387969493866,0.9999154806137085
116,4.6,30,RIGHT_HEEL,0.6714300513267517,0.643971860408783,0.19143226742744446,0.9802480340003967,0.9999117851257324
116,4.6,31,LEFT_FOOT_INDEX,0.6310120224952698,0.6448673009872437,0.048134755343198776,0.8907320499420166,0.9997912049293518
116,4.6,32,RIGHT_FOOT_INDEX,0.6810100078582764,0.640243649482727,0.15140169858932495,0.937528133392334,0.9997938275337219
117,4.64,0,NOSE,0.557424783706665,0.38373100757598877,0.2762279808521271,0.9985669255256653,0.9999747276306152
117,4.64,1,LEFT_EYE_INNER,0.5521553754806519,0.37880709767341614,0.24756987392902374,0.9982256889343262,0.9999668598175049
117,4.64,2,LEFT_EYE,0.5487197637557983,0.3787594139575958,0.24763062596321106,0.998439610004425,0.9999666213989258
117,4.64,3,LEFT_EYE_OUTER,0.5455113649368286,0.3787602186203003,0.24768204987049103,0.9982604384422302,0.999962568283081
117,4.64,4,RIGHT_EYE_INNER,0.5620097517967224,0.37841159105300903,0.25592342019081116,0.9978277087211609,0.9999682903289795
117,4.64,5,RIGHT_EYE,0.5655035376548767,0.37804797291755676,0.25591251254081726,0.9978558421134949,0.999963641166687
117,4.64,6,RIGHT_EYE_OUTER,0.5689464807510376,0.3776589334011078,0.25598111748695374,0.9969989061355591,0.9999581575393677
117,4.64,7,LEFT_EAR,0.5389343500137329,0.3808594048023224,0.12263159453868866,0.9983050227165222,0.9999617338180542
117,4.64,8,RIGHT_EAR,0.569608211517334,0.3792894780635834,0.13815250992774963,0.9973323345184326,0.99993896484375
117,4.64,9,MOUTH_LEFT,0.5513463020324707,0.38769495487213135,0.23998317122459412,0.9982239007949829,0.9999213218688965
117,4.64,10,MOUTH_RIGHT,0.5614365339279175,0.3878735601902008,0.2512439787387848,0.9975069165229797,0.9999227523803711
117,4.64,11,LEFT_SHOULDER,0.4975403845310211,0.41599714756011963,0.01693415641784668,0.9998181462287903,0.9998781681060791
117,4.64,12,RIGHT_SHOULDER,0.6068913340568542,0.40958037972450256,0.09184525907039642,0.999676525592804,0.9998531341552734
117,4.64,13,LEFT_ELBOW,0.46054691076278687,0.45165926218032837,-0.022698651999235153,0.8970038294792175,0.9998136162757874
117,4.64,14,RIGHT_ELBOW,0.632775604724884,0.45119917392730713,0.015155063010752201,0.9815773367881775,0.9998749494552612
117,4.64,15,LEFT_WRIST,0.45426928997039795,0.47717490792274475,0.014817566610872746,0.8186590075492859,0.9998564720153809
117,4.64,16,RIGHT_WRIST,0.6716359257698059,0.4945433735847473,-0.04612955078482628,0.8903061747550964,0.9998650550842285
117,4.64,17,LEFT_PINKY,0.45034316182136536,0.48417040705680847,0.014284978620707989,0.7815474271774292,0.9997923970222473
117,4.64,18,RIGHT_PINKY,0.6821475028991699,0.5055299401283264,-0.05041366443037987,0.8309597969055176,0.9998037219047546
117,4.64,19,LEFT_INDEX,0.453787624835968,0.4835496246814728,0.02011927403509617,0.7783413529396057,0.9998237490653992
117,4.64,20,RIGHT_INDEX,0.6800204515457153,0.505129873752594,-0.0368744432926178,0.8188516497612,0.9998052716255188
117,4.64,21,LEFT_THUMB,0.45759692788124084,0.4813564121723175,0.02002342976629734,0.7457367777824402,0.999854326248169
117,4.64,22,RIGHT_THUMB,0.6760745644569397,0.5025926828384399,-0.041656602174043655,0.7631824016571045,0.999845027923584
117,4.64,23,LEFT_HIP,0.5588386654853821,0.5113321542739868,-0.050270188599824905,0.999652087688446,0.9999185800552368
117,4.64,24,RIGHT_HIP,0.6114504933357239,0.5018507242202759,0.049975838512182236,0.9994958639144897,0.9999305009841919
117,4.64,25,LEFT_KNEE,0.6006326675415039,0.5695701837539673,0.004999843891710043,0.9443091154098511,0.9997528195381165
117,4.64,26,RIGHT_KNEE,0.6384701728820801,0.5671856999397278,0.0924706682562828,0.9858669638633728,0.9998729228973389
117,4.64,27,LEFT_ANKLE,0.6518044471740723,0.6295665502548218,-0.024785218760371208,0.965670645236969,0.9999580383300781
117,4.64,28,RIGHT_ANKLE,0.6718391180038452,0.6345027685165405,0.055844876915216446,0.9828858971595764,0.999966025352478
117,4.64,29,LEFT_HEEL,0.6604490876197815,0.6350774765014648,-0.026114048436284065,0.9749666452407837,0.9999494552612305
117,4.64,30,RIGHT_HEEL,0.6759023666381836,0.6435031294822693,0.04718885198235512,0.981991708278656,0.9999406337738037
117,4.64,31,LEFT_FOOT_INDEX,0.6514611840248108,0.649707555770874,-0.06453705579042435,0.8998954892158508,0.9998025298118591
117,4.64,32,RIGHT_FOOT_INDEX,0.6671069860458374,0.6469710469245911,-0.007924586534500122,0.9416348338127136,0.9997707009315491
118,4.68,0,NOSE,0.5643361806869507,0.3899027705192566,0.2547015845775604,0.9986379742622375,0.9998321533203125
118,4.68,1,LEFT_EYE_INNER,0.5587387084960938,0.3853773772716522,0.2222527265548706,0.9983024001121521,0.9997803568840027
118,4.68,2,LEFT_EYE,0.5552845597267151,0.385373055934906,0.22225646674633026,0.9984986782073975,0.999792754650116
118,4.68,3,LEFT_EYE_OUTER,0.5517728328704834,0.3854354918003082,0.22226233780384064,0.9983094334602356,0.9997848868370056
118,4.68,4,RIGHT_EYE_INNER,0.5679242610931396,0.3845823407173157,0.22045308351516724,0.9979546666145325,0.9997394680976868
118,4.68,5,RIGHT_EYE,0.5708503723144531,0.38408491015434265,0.2204481065273285,0.9979817271232605,0.9996838569641113
118,4.68,6,RIGHT_EYE_OUTER,0.5736659169197083,0.383622944355011,0.22039318084716797,0.99718177318573,0.9996119141578674
118,4.68,7,LEFT_EAR,0.5441474914550781,0.38765624165534973,0.09718367457389832,0.9983788728713989,0.9998254179954529
118,4.68,8,RIGHT_EAR,0.5731915235519409,0.3851577937602997,0.08575475215911865,0.997484028339386,0.9994315505027771
118,4.68,9,MOUTH_LEFT,0.5586845278739929,0.39423611760139465,0.21707747876644135,0.9982826709747314,0.9996645450592041
118,4.68,10,MOUTH_RIGHT,0.5677437782287598,0.393729567527771,0.21402598917484283,0.997651994228363,0.9995585083961487
118,4.68,11,LEFT_SHOULDER,0.502790629863739,0.424148291349411,-0.004847137723118067,0.9998223781585693,0.9998644590377808
118,4.68,12,RIGHT_SHOULDER,0.607839822769165,0.41343969106674194,0.07387974858283997,0.9996730089187622,0.9993329644203186
118,4.68,13,LEFT_ELBOW,0.46632781624794006,0.45848798751831055,-0.02232961356639862,0.906997799873352,0.9997765421867371
118,4.68,14,RIGHT_ELBOW,0.6318234801292419,0.4518303871154785,0.002933791372925043,0.9827879071235657,0.9993231296539307
118,4.68,15,LEFT_WRIST,0.46970242261886597,0.4853363037109375,0.0027394916396588087,0.8296971321105957,0.9996949434280396
118,4.68,16,RIGHT_WRIST,0.6766010522842407,0.49319764971733093,-0.06639742851257324,0.8949406743049622,0.9991052746772766
118,4.68,17,LEFT_PINKY,0.4685223698616028,0.49252983927726746,-0.002749789971858263,0.787348210811615,0.9994640946388245
118,4.68,18,RIGHT_PINKY,0.6862080097198486,0.5042760968208313,-0.06751306354999542,0.8370334506034851,0.998874843120575
118,4.68,19,LEFT_INDEX,0.47223466634750366,0.49242737889289856,0.003532404312863946,0.7840121984481812,0.9995118379592896
118,4.68,20,RIGHT_INDEX,0.6840689778327942,0.5037866830825806,-0.060078028589487076,0.8250696063041687,0.9988532066345215
118,4.68,21,LEFT_THUMB,0.4751087427139282,0.4902680516242981,0.007026346400380135,0.7496606111526489,0.9995974898338318
118,4.68,22,RIGHT_THUMB,0.6798584461212158,0.5010877251625061,-0.062474559992551804,0.770016610622406,0.9990230798721313
118,4.68,23,LEFT_HIP,0.568717896938324,0.5166172981262207,-0.04418233409523964,0.9996533393859863,0.9998021721839905
118,4.68,24,RIGHT_HIP,0.6183432936668396,0.5036087036132812,0.04380154609680176,0.9994939565658569,0.9996532201766968
118,4.68,25,LEFT_KNEE,0.6185217499732971,0.5764729976654053,0.013554530218243599,0.9494580030441284,0.999151349067688
118,4.68,26,RIGHT_KNEE,0.6417322158813477,0.5676622986793518,0.11065167188644409,0.9826879501342773,0.9982694387435913
118,4.68,27,LEFT_ANKLE,0.6756662130355835,0.6325005292892456,-0.016816185787320137,0.9677202701568604,0.9989638328552246
118,4.68,28,RIGHT_ANKLE,0.6637706160545349,0.6337853074073792,0.1705167293548584,0.9798673391342163,0.9983227849006653
118,4.68,29,LEFT_HEEL,0.6866245865821838,0.6363770365715027,0.00814269483089447,0.9763576984405518,0.9985288381576538
118,4.68,30,RIGHT_HEEL,0.6649381518363953,0.6410952806472778,0.17621316015720367,0.9792848825454712,0.9975934624671936
118,4.68,31,LEFT_FOOT_INDEX,0.6830399632453918,0.6513875126838684,0.00030235317535698414,0.9013252854347229,0.9959575533866882
118,4.68,32,RIGHT_FOOT_INDEX,0.6572312712669373,0.6465421915054321,0.12818464636802673,0.9298694729804993,0.9959980249404907
119,4.72,0,NOSE,0.5694491267204285,0.3975391387939453,0.2685442864894867,0.998740017414093,0.999874472618103
119,4.72,1,LEFT_EYE_INNER,0.563545823097229,0.3929162919521332,0.2354595959186554,0.9984278678894043,0.9998250603675842
119,4.72,2,LEFT_EYE,0.5602719187736511,0.39287957549095154,0.23544231057167053,0.9986032247543335,0.9998406171798706
119,4.72,3,LEFT_EYE_OUTER,0.5567521452903748,0.3929157257080078,0.23544789850711823,0.9984315633773804,0.9998409748077393
119,4.72,4,RIGHT_EYE_INNER,0.5728310942649841,0.3922458291053772,0.23291043937206268,0.9981165528297424,0.9997732043266296
119,4.72,5,RIGHT_EYE,0.5756864547729492,0.3917646110057831,0.23292037844657898,0.9981353878974915,0.9997208714485168
119,4.72,6,RIGHT_EYE_OUTER,0.5786264538764954,0.3912632167339325,0.23286761343479156,0.9974085688591003,0.9996501207351685
119,4.72,7,LEFT_EAR,0.5492610931396484,0.39482343196868896,0.09858110547065735,0.9984884262084961,0.9998693466186523
119,4.72,8,RIGHT_EAR,0.5785151720046997,0.3925333619117737,0.09540989249944687,0.9976641535758972,0.9994875192642212
119,4.72,9,MOUTH_LEFT,0.5641112327575684,0.40157657861709595,0.22994916141033173,0.9984030723571777,0.9997617602348328
119,4.72,10,MOUTH_RIGHT,0.572547435760498,0.40134182572364807,0.22567340731620789,0.9978398680686951,0.9996706247329712
119,4.72,11,LEFT_SHOULDER,0.5078152418136597,0.43035632371902466,0.016080094501376152,0.999832272529602,0.9998944997787476
119,4.72,12,RIGHT_SHOULDER,0.6129912734031677,0.4206053614616394,0.05373314768075943,0.9996839165687561,0.9995266199111938
119,4.72,13,LEFT_ELBOW,0.4809129536151886,0.46742817759513855,-0.007517414633184671,0.9160438776016235,0.999739944934845
119,4.72,14,RIGHT_ELBOW,0.6378911137580872,0.4569531977176666,-0.011976787820458412,0.9841890931129456,0.9994980096817017
119,4.72,15,LEFT_WRIST,0.49212199449539185,0.5021558403968811,-0.008153902366757393,0.8380250930786133,0.9996911287307739
119,4.72,16,RIGHT_WRIST,0.6849210858345032,0.4941955506801605,-0.06773284077644348,0.9009892344474792,0.9994094371795654
119,4.72,17,LEFT_PINKY,0.492221474647522,0.5105459094047546,-0.01680893264710903,0.7890374064445496,0.9994761347770691
119,4.72,18,RIGHT_PINKY,0.6944417357444763,0.5056846141815186,-0.0702504813671112,0.8447561860084534,0.9991204142570496
119,4.72,19,LEFT_INDEX,0.4999571144580841,0.5100933909416199,-0.014315875247120857,0.7855898141860962,0.9995161294937134
119,4.72,20,RIGHT_INDEX,0.6921197772026062,0.5052520036697388,-0.06500109285116196,0.8332485556602478,0.9991075396537781
119,4.72,21,LEFT_THUMB,0.5021861791610718,0.5069320797920227,-0.006686241365969181,0.749961793422699,0.9996046423912048
119,4.72,22,RIGHT_THUMB,0.6876861453056335,0.502444863319397,-0.06437812000513077,0.7791627049446106,0.9992882609367371
119,4.72,23,LEFT_HIP,0.5743831396102905,0.5179301500320435,-0.03559379279613495,0.9996311664581299,0.9995369911193848
119,4.72,24,RIGHT_HIP,0.6238263249397278,0.5064938068389893,0.035362210124731064,0.9994497299194336,0.99928218126297
119,4.72,25,LEFT_KNEE,0.6184515953063965,0.57639080286026,-0.012861648574471474,0.9531161785125732,0.9987090826034546
119,4.72,26,RIGHT_KNEE,0.6478174328804016,0.5690593719482422,0.08361832797527313,0.9778897166252136,0.9982184767723083
119,4.72,27,LEFT_ANKLE,0.6814930438995361,0.6339169144630432,0.009157683700323105,0.9672456383705139,0.9983940720558167
119,4.72,28,RIGHT_ANKLE,0.6738470792770386,0.6344365477561951,0.12682047486305237,0.9744419455528259,0.9977732300758362
119,4.72,29,LEFT_HEEL,0.6882111430168152,0.6395482420921326,0.0157354474067688,0.9763184189796448,0.997826874256134
119,4.72,30,RIGHT_HEEL,0.6731892228126526,0.6418895125389099,0.12943772971630096,0.9759171605110168,0.9966045618057251
119,4.72,31,LEFT_FOOT_INDEX,0.6896487474441528,0.6523953676223755,-0.0193275548517704,0.8976975083351135,0.9956685304641724
119,4.72,32,RIGHT_FOOT_INDEX,0.6755771636962891,0.6499183773994446,0.08491121977567673,0.9142314791679382,0.9954513907432556
120,4.76,0,NOSE,0.5782037377357483,0.4020053744316101,0.25631964206695557,0.998835027217865,0.9999098777770996
120,4.76,1,LEFT_EYE_INNER,0.5713230967521667,0.3972901999950409,0.2248229831457138,0.9985403418540955,0.9998549222946167
120,4.76,2,LEFT_EYE,0.567523717880249,0.3972265422344208,0.22484809160232544,0.9986977577209473,0.99986732006073
120,4.76,3,LEFT_EYE_OUTER,0.564089834690094,0.3972090482711792,0.22484508156776428,0.998539388179779,0.9998644590377808
120,4.76,4,RIGHT_EYE_INNER,0.5808226466178894,0.3966767191886902,0.22280947864055634,0.9982597827911377,0.9998236298561096
120,4.76,5,RIGHT_EYE,0.5836700797080994,0.3962002098560333,0.22282926738262177,0.9982734322547913,0.9997870326042175
120,4.76,6,RIGHT_EYE_OUTER,0.5862174034118652,0.3957103490829468,0.22275128960609436,0.9976112246513367,0.9997356534004211
120,4.76,7,LEFT_EAR,0.5573132038116455,0.3990841805934906,0.09893449395895004,0.998580813407898,0.9998855590820312
120,4.76,8,RIGHT_EAR,0.5851955413818359,0.39684009552001953,0.09058250486850739,0.9978302121162415,0.9996178150177002
120,4.76,9,MOUTH_LEFT,0.5721367597579956,0.4059698283672333,0.21777981519699097,0.9985090494155884,0.9997981190681458
120,4.76,10,MOUTH_RIGHT,0.5810115337371826,0.4058101773262024,0.21408584713935852,0.9980072379112244,0.9997442364692688
120,4.76,11,LEFT_SHOULDER,0.5142377614974976,0.43391790986061096,-0.00159552157856524,0.9998401999473572,0.9998869895935059
120,4.76,12,RIGHT_SHOULDER,0.6189695000648499,0.4237561821937561,0.047055259346961975,0.9996935725212097,0.9997026324272156
120,4.76,13,LEFT_ELBOW,0.4951460063457489,0.47171375155448914,-0.022244302555918694,0.9241913557052612,0.9997596144676208
120,4.76,14,RIGHT_ELBOW,0.6441775560379028,0.46043047308921814,-0.009550383314490318,0.9853574633598328,0.9996839761734009
120,4.76,15,LEFT_WRIST,0.507189929485321,0.5099762678146362,-0.016408132389187813,0.8469031453132629,0.999765932559967
120,4.76,16,RIGHT_WRIST,0.6898372769355774,0.49631232023239136,-0.051994070410728455,0.9072676301002502,0.9996482133865356
120,4.76,17,LEFT_PINKY,0.5044152140617371,0.5192880034446716,-0.022858398035168648,0.793426513671875,0.9996452331542969
120,4.76,18,RIGHT_PINKY,0.6980227828025818,0.5064129829406738,-0.05209978297352791,0.8533226847648621,0.9994791150093079
120,4.76,19,LEFT_INDEX,0.5116325616836548,0.5184130668640137,-0.020745733752846718,0.7899991869926453,0.999657392501831
120,4.76,20,RIGHT_INDEX,0.6949020624160767,0.5063802599906921,-0.04835372790694237,0.8422389030456543,0.9994674324989319
120,4.76,21,LEFT_THUMB,0.515159010887146,0.5148772597312927,-0.014784087426960468,0.7534906268119812,0.999708354473114
120,4.76,22,RIGHT_THUMB,0.6905106902122498,0.5040938258171082,-0.04906640201807022,0.7892569303512573,0.9995601773262024
120,4.76,23,LEFT_HIP,0.5819160342216492,0.5190322399139404,-0.04823102429509163,0.9996325969696045,0.9997994303703308
120,4.76,24,RIGHT_HIP,0.6310668587684631,0.5076396465301514,0.048041071742773056,0.9994505047798157,0.9997538924217224
120,4.76,25,LEFT_KNEE,0.6231251358985901,0.5769394636154175,-0.025034718215465546,0.9572615027427673,0.9993304014205933
120,4.76,26,RIGHT_KNEE,0.6565077900886536,0.5693326592445374,0.09336455911397934,0.9728718400001526,0.9991950392723083
120,4.76,27,LEFT_ANKLE,0.6840087175369263,0.633209764957428,0.011923535726964474,0.9687507748603821,0.9991102814674377
120,4.76,28,RIGHT_ANKLE,0.6823393106460571,0.633207380771637,0.1475038379430771,0.9718891978263855,0.9987936019897461
120,4.76,29,LEFT_HEEL,0.6939468383789062,0.6371381282806396,0.016843272373080254,0.977390468120575,0.99886155128479
120,4.76,30,RIGHT_HEEL,0.6868831515312195,0.6390312314033508,0.1520795375108719,0.9741224646568298,0.9980037808418274
120,4.76,31,LEFT_FOOT_INDEX,0.6918650269508362,0.6527806520462036,-0.016608024016022682,0.9008914232254028,0.9970352649688721
120,4.76,32,RIGHT_FOOT_INDEX,0.6860424876213074,0.6517941951751709,0.10369212180376053,0.9078719019889832,0.996920108795166
121,4.8,0,NOSE,0.5798311233520508,0.40831896662712097,0.21458609402179718,0.9989449381828308,0.9999462366104126
121,4.8,1,LEFT_EYE_INNER,0.5736016631126404,0.40372800827026367,0.18102692067623138,0.9986755847930908,0.9998996257781982
121,4.8,2,LEFT_EYE,0.5701844096183777,0.403720885515213,0.1810416281223297,0.998818039894104,0.9998995065689087
121,4.8,3,LEFT_EYE_OUTER,0.5666413307189941,0.403780996799469,0.18105226755142212,0.9986734390258789,0.9998952150344849
121,4.8,4,RIGHT_EYE_INNER,0.5835695266723633,0.40308985114097595,0.181794211268425,0.9984225630760193,0.9998959302902222
121,4.8,5,RIGHT_EYE,0.5867085456848145,0.4026433825492859,0.18180282413959503,0.9984354972839355,0.9998780488967896
121,4.8,6,RIGHT_EYE_OUTER,0.5898506045341492,0.40215423703193665,0.1817808300256729,0.9978368878364563,0.9998598098754883
121,4.8,7,LEFT_EAR,0.5616078972816467,0.40579649806022644,0.05430830270051956,0.9987098574638367,0.999894380569458
121,4.8,8,RIGHT_EAR,0.5898638963699341,0.4033707082271576,0.057082705199718475,0.9980328679084778,0.9998164772987366
121,4.8,9,MOUTH_LEFT,0.5743823647499084,0.41198867559432983,0.17569668591022491,0.9986485838890076,0.9998530149459839
121,4.8,10,MOUTH_RIGHT,0.5837164521217346,0.4119856655597687,0.1755952388048172,0.9981972575187683,0.9998472929000854
121,4.8,11,LEFT_SHOULDER,0.5223042964935303,0.4391501545906067,-0.024851372465491295,0.9998491406440735,0.9998832941055298
121,4.8,12,RIGHT_SHOULDER,0.6261003613471985,0.42927998304367065,0.015468733385205269,0.9997150897979736,0.9998387098312378
121,4.8,13,LEFT_ELBOW,0.5148729085922241,0.47994866967201233,-0.038007333874702454,0.9311095476150513,0.9998856782913208
121,4.8,14,RIGHT_ELBOW,0.652558445930481,0.4683457911014557,-0.014374068938195705,0.9861452579498291,0.9999078512191772
121,4.8,15,LEFT_WRIST,0.5247158408164978,0.5185681581497192,-0.022962961345911026,0.8552236557006836,0.9998989105224609
121,4.8,16,RIGHT_WRIST,0.6907926201820374,0.5039443969726562,-0.03232152387499809,0.9123340845108032,0.9999269247055054
121,4.8,17,LEFT_PINKY,0.5236026644706726,0.5290438532829285,-0.024224666878581047,0.8007241487503052,0.999835729598999
121,4.8,18,RIGHT_PINKY,0.6978732347488403,0.5138568878173828,-0.033637385815382004,0.8607673048973083,0.9998856782913208
121,4.8,19,LEFT_INDEX,0.5278486013412476,0.5278538465499878,-0.02602088451385498,0.7971336841583252,0.999854326248169
121,4.8,20,RIGHT_INDEX,0.6951287388801575,0.5138948559761047,-0.029944486916065216,0.8502143025398254,0.999884843826294
121,4.8,21,LEFT_THUMB,0.5323781967163086,0.523992657661438,-0.021889692172408104,0.7596371173858643,0.9998800754547119
121,4.8,22,RIGHT_THUMB,0.6908972263336182,0.5111646056175232,-0.0297677181661129,0.7979122996330261,0.9999109506607056
121,4.8,23,LEFT_HIP,0.588355541229248,0.5255643129348755,-0.03604550287127495,0.9996594190597534,0.9999144077301025
121,4.8,24,RIGHT_HIP,0.6342277526855469,0.5144315361976624,0.035777498036623,0.999492883682251,0.9998987913131714
121,4.8,25,LEFT_KNEE,0.631673276424408,0.5801655054092407,0.026454318314790726,0.9613111615180969,0.9998595714569092
121,4.8,26,RIGHT_KNEE,0.6699442267417908,0.570593535900116,0.09573858231306076,0.9750905632972717,0.9998574256896973
121,4.8,27,LEFT_ANKLE,0.6846937537193298,0.6330351233482361,0.02725682593882084,0.9715571403503418,0.999943733215332
121,4.8,28,RIGHT_ANKLE,0.7053982615470886,0.6314626336097717,0.12161899358034134,0.974338948726654,0.999932050704956
121,4.8,29,LEFT_HEEL,0.6892728805541992,0.6373999118804932,0.03011634200811386,0.9794009327888489,0.9999167919158936
121,4.8,30,RIGHT_HEEL,0.7083917260169983,0.637431263923645,0.12125734239816666,0.9762682318687439,0.9998887777328491
121,4.8,31,LEFT_FOOT_INDEX,0.6998353004455566,0.6542367339134216,0.002840945264324546,0.907903790473938,0.9997027516365051
121,4.8,32,RIGHT_FOOT_INDEX,0.7152853012084961,0.651092529296875,0.09629333764314651,0.9136533141136169,0.999672532081604
122,4.84,0,NOSE,0.5800046920776367,0.4140290319919586,0.2169361561536789,0.9990435242652893,0.9999277591705322
122,4.84,1,LEFT_EYE_INNER,0.574258029460907,0.40950679779052734,0.18356500566005707,0.9987953305244446,0.9998668432235718
122,4.84,2,LEFT_EYE,0.5708873271942139,0.4094710350036621,0.18356800079345703,0.9989250898361206,0.9998635053634644
122,4.84,3,LEFT_EYE_OUTER,0.567535936832428,0.4095233976840973,0.18357037007808685,0.9987920522689819,0.9998594522476196
122,4.84,4,RIGHT_EYE_INNER,0.5840771198272705,0.4087267816066742,0.1848004311323166,0.9985682368278503,0.999869704246521
122,4.84,5,RIGHT_EYE,0.5872655510902405,0.4081477224826813,0.18480823934078217,0.9985808730125427,0.999849796295166
122,4.84,6,RIGHT_EYE_OUTER,0.5903564095497131,0.4075743556022644,0.1847797930240631,0.998038649559021,0.9998352527618408
122,4.84,7,LEFT_EAR,0.5626927614212036,0.41146183013916016,0.05850113555788994,0.99882572889328,0.9998514652252197
122,4.84,8,RIGHT_EAR,0.5913918018341064,0.40882787108421326,0.06296887248754501,0.9982137680053711,0.9997926354408264
122,4.84,9,MOUTH_LEFT,0.574554443359375,0.4177124798297882,0.1788223683834076,0.998772919178009,0.9998247027397156
122,4.84,10,MOUTH_RIGHT,0.5846691727638245,0.4175426661968231,0.17926910519599915,0.9983677268028259,0.9998356103897095
122,4.84,11,LEFT_SHOULDER,0.5281238555908203,0.442851722240448,-0.019501958042383194,0.999855637550354,0.999859094619751
122,4.84,12,RIGHT_SHOULDER,0.6301652789115906,0.43432122468948364,0.014361740089952946,0.9997370839118958,0.9998729228973389
122,4.84,13,LEFT_ELBOW,0.5259405970573425,0.48347198963165283,-0.04237411916255951,0.9372765421867371,0.9998911619186401
122,4.84,14,RIGHT_ELBOW,0.660060465335846,0.47269126772880554,-0.027014806866645813,0.9868058562278748,0.9999299049377441
122,4.84,15,LEFT_WRIST,0.5331858992576599,0.521483302116394,-0.030652573332190514,0.8615410923957825,0.9999043941497803
122,4.84,16,RIGHT_WRIST,0.6917344331741333,0.5095617175102234,-0.06632846593856812,0.9150744676589966,0.9999403953552246
122,4.84,17,LEFT_PINKY,0.5338314771652222,0.5326693654060364,-0.031204424798488617,0.8058652877807617,0.999847412109375
122,4.84,18,RIGHT_PINKY,0.6984562873840332,0.519072413444519,-0.07146827131509781,0.8649178743362427,0.999910831451416
122,4.84,19,LEFT_INDEX,0.5386019349098206,0.5311978459358215,-0.03201119974255562,0.8018869757652283,0.9998728036880493
122,4.84,20,RIGHT_INDEX,0.695338249206543,0.5191271305084229,-0.06618715822696686,0.8545160293579102,0.9999114274978638
122,4.84,21,LEFT_THUMB,0.5415694117546082,0.5270973443984985,-0.028866486623883247,0.7631126642227173,0.9998964071273804
122,4.84,22,RIGHT_THUMB,0.6915621757507324,0.5168024897575378,-0.06411577016115189,0.8011905550956726,0.9999321699142456
122,4.84,23,LEFT_HIP,0.5898522734642029,0.5288100838661194,-0.025348691269755363,0.999677836894989,0.9998743534088135
122,4.84,24,RIGHT_HIP,0.6368244290351868,0.5181993842124939,0.025015268474817276,0.9995327591896057,0.9998936653137207
122,4.84,25,LEFT_KNEE,0.6326822638511658,0.5815785527229309,0.07263246923685074,0.9649417996406555,0.9998015761375427
122,4.84,26,RIGHT_KNEE,0.6782365441322327,0.5756202936172485,0.07430364936590195,0.9773960113525391,0.9998908042907715
122,4.84,27,LEFT_ANKLE,0.6835180521011353,0.6308211088180542,0.0728897675871849,0.9740321636199951,0.9999470710754395
122,4.84,28,RIGHT_ANKLE,0.7221336364746094,0.6335903406143188,0.03683435916900635,0.9767103791236877,0.9999566078186035
122,4.84,29,LEFT_HEEL,0.6895782947540283,0.6357390880584717,0.07450602203607559,0.9812166094779968,0.9999264478683472
122,4.84,30,RIGHT_HEEL,0.7267885208129883,0.6412124633789062,0.03338222950696945,0.9784191846847534,0.9999228715896606
122,4.84,31,LEFT_FOOT_INDEX,0.6975811719894409,0.6497012972831726,0.04646725580096245,0.9123331904411316,0.9997954964637756
122,4.84,32,RIGHT_FOOT_INDEX,0.7309439778327942,0.6506655216217041,-0.009196548722684383,0.9187532663345337,0.9997517466545105
123,4.88,0,NOSE,0.5760201811790466,0.42301157116889954,0.18706053495407104,0.9991309642791748,0.9999849796295166
123,4.88,1,LEFT_EYE_INNER,0.5706128478050232,0.4187832772731781,0.15412507951259613,0.998898446559906,0.9999724626541138
123,4.88,2,LEFT_EYE,0.5675206184387207,0.418950617313385,0.15409360826015472,0.9990155696868896,0.9999723434448242
123,4.88,3,LEFT_EYE_OUTER,0.5644069910049438,0.41919660568237305,0.1540965884923935,0.9988936185836792,0.9999713897705078
123,4.88,4,RIGHT_EYE_INNER,0.5801016092300415,0.41769668459892273,0.15930071473121643,0.9986947178840637,0.9999721050262451
123,4.88,5,RIGHT_EYE,0.583196759223938,0.4171803891658783,0.1593327671289444,0.9987046122550964,0.9999669790267944
123,4.88,6,RIGHT_EYE_OUTER,0.5863751173019409,0.4166732132434845,0.15930689871311188,0.9982123970985413,0.9999626874923706
123,4.88,7,LEFT_EAR,0.5613047480583191,0.4208873510360718,0.031634800136089325,0.9989233016967773,0.9999707937240601
123,4.88,8,RIGHT_EAR,0.5905027985572815,0.4172099232673645,0.05362575873732567,0.9983510375022888,0.9999514818191528
123,4.88,9,MOUTH_LEFT,0.5716741681098938,0.4267694354057312,0.14937207102775574,0.9988768100738525,0.9999516010284424
123,4.88,10,MOUTH_RIGHT,0.581565797328949,0.42617931962013245,0.155133455991745,0.9985146522521973,0.9999483823776245
123,4.88,11,LEFT_SHOULDER,0.5374388098716736,0.4490009844303131,-0.05635307729244232,0.9998664259910583,0.9999462366104126
123,4.88,12,RIGHT_SHOULDER,0.6375547647476196,0.44386205077171326,0.020272936671972275,0.9997585415840149,0.9999465942382812
123,4.88,13,LEFT_ELBOW,0.5408258438110352,0.48704084753990173,-0.10361411422491074,0.9427847266197205,0.9999403953552246
123,4.88,14,RIGHT_ELBOW,0.6697711944580078,0.4807817041873932,-0.02700725570321083,0.983290433883667,0.9999423027038574
123,4.88,15,LEFT_WRIST,0.5462635159492493,0.5270249843597412,-0.10610724240541458,0.8724409341812134,0.9999667406082153
123,4.88,16,RIGHT_WRIST,0.6887184977531433,0.5155461430549622,-0.09878762066364288,0.9133791327476501,0.9999264478683472
123,4.88,17,LEFT_PINKY,0.5475898385047913,0.5377585291862488,-0.11183156818151474,0.8192086815834045,0.9999392032623291
123,4.88,18,RIGHT_PINKY,0.6942964196205139,0.5245309472084045,-0.10671481490135193,0.8640193343162537,0.9998958110809326
123,4.88,19,LEFT_INDEX,0.5501351356506348,0.5365080237388611,-0.11276233196258545,0.8152655959129333,0.9999459981918335
123,4.88,20,RIGHT_INDEX,0.6901262402534485,0.5247059464454651,-0.10755550116300583,0.8534947037696838,0.9998915195465088
123,4.88,21,LEFT_THUMB,0.5531348586082458,0.5329890847206116,-0.10411562025547028,0.7772566080093384,0.9999608993530273
123,4.88,22,RIGHT_THUMB,0.6859902143478394,0.5222876071929932,-0.10044968873262405,0.7978332042694092,0.9999197721481323
123,4.88,23,LEFT_HIP,0.5948139429092407,0.5313629508018494,-0.028367770835757256,0.9997006058692932,0.9999725818634033
123,4.88,24,RIGHT_HIP,0.6458269357681274,0.5241119861602783,0.02800637297332287,0.9995761513710022,0.9999876022338867
123,4.88,25,LEFT_KNEE,0.6239306330680847,0.5811312794685364,0.08632460236549377,0.9678458571434021,0.9998472929000854
123,4.88,26,RIGHT_KNEE,0.6841046214103699,0.5778853297233582,0.03478289768099785,0.9790998101234436,0.9999716281890869
123,4.88,27,LEFT_ANKLE,0.6767481565475464,0.6200582981109619,0.06374461948871613,0.9755628108978271,0.9999719858169556
123,4.88,28,RIGHT_ANKLE,0.7304462790489197,0.6365050077438354,-0.13818080723285675,0.9787985682487488,0.9999818801879883
123,4.88,29,LEFT_HEEL,0.6855795383453369,0.6221923232078552,0.06455808132886887,0.9823033809661865,0.9999676942825317
123,4.88,30,RIGHT_HEEL,0.7386986613273621,0.6449543237686157,-0.15708498656749725,0.9801165461540222,0.9999598264694214
123,4.88,31,LEFT_FOOT_INDEX,0.6880753040313721,0.6356367468833923,0.03353821113705635,0.916006326675415,0.9999358654022217
123,4.88,32,RIGHT_FOOT_INDEX,0.7243221402168274,0.650776207447052,-0.22336837649345398,0.9249903559684753,0.9998557567596436
124,4.92,0,NOSE,0.5710157155990601,0.4282616376876831,0.1749415397644043,0.9992136359214783,0.9999957084655762
124,4.92,1,LEFT_EYE_INNER,0.568522572517395,0.42391476035118103,0.14153999090194702,0.9989997744560242,0.9999911785125732
124,4.92,2,LEFT_EYE,0.5673102140426636,0.42393073439598083,0.14150014519691467,0.9991057515144348,0.9999908208847046
124,4.92,3,LEFT_EYE_OUTER,0.5625099539756775,0.42401742935180664,0.14150241017341614,0.9989942312240601,0.9999901056289673
124,4.92,4,RIGHT_EYE_INNER,0.5747712850570679,0.4229952394962311,0.15138600766658783,0.9988160729408264,0.999991774559021
124,4.92,5,RIGHT_EYE,0.5778270959854126,0.42238369584083557,0.15144230425357819,0.9988246560096741,0.9999903440475464
124,4.92,6,RIGHT_EYE_OUTER,0.5808199644088745,0.4218549430370331,0.15142612159252167,0.9983786344528198,0.9999889135360718
124,4.92,7,LEFT_EAR,0.5584831237792969,0.42499208450317383,0.019303908571600914,0.9990215301513672,0.99998939037323
124,4.92,8,RIGHT_EAR,0.5871070623397827,0.4218890368938446,0.06090068817138672,0.998493492603302,0.9999861717224121
124,4.92,9,MOUTH_LEFT,0.5706514120101929,0.4321499764919281,0.1371888965368271,0.9989789724349976,0.9999823570251465
124,4.92,10,MOUTH_RIGHT,0.5792661905288696,0.4314635396003723,0.14941436052322388,0.9986535310745239,0.9999831914901733
124,4.92,11,LEFT_SHOULDER,0.5397758483886719,0.45155370235443115,-0.07117070257663727,0.9998780488967896,0.999964714050293
124,4.92,12,RIGHT_SHOULDER,0.6338023543357849,0.44720539450645447,0.046143755316734314,0.9997808337211609,0.9999827146530151
124,4.92,13,LEFT_ELBOW,0.5448639392852783,0.48829033970832825,-0.13528132438659668,0.9475268721580505,0.9999693632125854
124,4.92,14,RIGHT_ELBOW,0.6717878580093384,0.4829448461532593,0.0009010250796563923,0.9805573225021362,0.999984622001648
124,4.92,15,LEFT_WRIST,0.5518923401832581,0.5278317332267761,-0.15777069330215454,0.8808152675628662,0.9999755620956421
124,4.92,16,RIGHT_WRIST,0.6883313655853271,0.5207865238189697,-0.09311027824878693,0.9145985841751099,0.9999748468399048
124,4.92,17,LEFT_PINKY,0.5533026456832886,0.5394589900970459,-0.1680801808834076,0.8288745284080505,0.9999562501907349
124,4.92,18,RIGHT_PINKY,0.6938175559043884,0.5289462804794312,-0.09029190987348557,0.8671593070030212,0.9999583959579468
124,4.92,19,LEFT_INDEX,0.556121289730072,0.5380449295043945,-0.1662977784872055,0.8249825835227966,0.9999595880508423
124,4.92,20,RIGHT_INDEX,0.687842845916748,0.5299307703971863,-0.09045062959194183,0.8566304445266724,0.9999550580978394
124,4.92,21,LEFT_THUMB,0.5583405494689941,0.5341955423355103,-0.15534134209156036,0.786976158618927,0.999970555305481
124,4.92,22,RIGHT_THUMB,0.6836123466491699,0.5279122591018677,-0.087201789021492,0.800521194934845,0.9999685287475586
124,4.92,23,LEFT_HIP,0.5993989706039429,0.5318892598152161,-0.03844748064875603,0.9997283220291138,0.9999945163726807
124,4.92,24,RIGHT_HIP,0.6478701233863831,0.5252991914749146,0.037921927869319916,0.9996173977851868,0.9999972581863403
124,4.92,25,LEFT_KNEE,0.6208062171936035,0.5818090438842773,0.06875398755073547,0.9706729650497437,0.9999344348907471
124,4.92,26,RIGHT_KNEE,0.6869187951087952,0.579878568649292,0.066334068775177,0.9805569648742676,0.9999874830245972
124,4.92,27,LEFT_ANKLE,0.6759950518608093,0.6172588467597961,0.0033112838864326477,0.9772241711616516,0.9999932050704956
124,4.92,28,RIGHT_ANKLE,0.7359024882316589,0.6371263265609741,-0.13783594965934753,0.9806954264640808,0.9999929666519165
124,4.92,29,LEFT_HEEL,0.6856024265289307,0.617721438407898,-0.0020268212538212538,0.9835814237594604,0.9999920129776001
124,4.92,30,RIGHT_HEEL,0.7437364459037781,0.6458685398101807,-0.16066400706768036,0.9816681146621704,0.999984860420227
124,4.92,31,LEFT_FOOT_INDEX,0.6842741966247559,0.6339293718338013,-0.022387385368347168,0.9203507304191589,0.9999799728393555
124,4.92,32,RIGHT_FOOT_INDEX,0.7299011945724487,0.650542140007019,-0.2223794162273407,0.9307644367218018,0.9999421834945679
125,4.96,0,NOSE,0.5622611045837402,0.4325185716152191,0.19579939544200897,0.9992881417274475,0.9999940395355225
125,4.96,1,LEFT_EYE_INNER,0.5596810579299927,0.42826011776924133,0.16309529542922974,0.9990918636322021,0.9999874830245972
125,4.96,2,LEFT_EYE,0.5586756467819214,0.4281979501247406,0.16305984556674957,0.9991876482963562,0.9999868869781494
125,4.96,3,LEFT_EYE_OUTER,0.5558360815048218,0.4282160997390747,0.1630556434392929,0.9990866184234619,0.9999856948852539
125,4.96,4,RIGHT_EYE_INNER,0.5655007362365723,0.42740052938461304,0.17089897394180298,0.9989267587661743,0.9999885559082031
125,4.96,5,RIGHT_EYE,0.5683833956718445,0.4267342686653137,0.17094214260578156,0.9989341497421265,0.9999866485595703
125,4.96,6,RIGHT_EYE_OUTER,0.5711835026741028,0.42616477608680725,0.17091451585292816,0.9985314607620239,0.999984860420227
125,4.96,7,LEFT_EAR,0.5573576092720032,0.42886167764663696,0.04029873386025429,0.9991104006767273,0.9999841451644897
125,4.96,8,RIGHT_EAR,0.5804693102836609,0.4260903298854828,0.08173025399446487,0.9986258149147034,0.9999818801879883
125,4.96,9,MOUTH_LEFT,0.5633198022842407,0.4361693561077118,0.1578049510717392,0.9990705847740173,0.9999734163284302
125,4.96,10,MOUTH_RIGHT,0.5702040791511536,0.4355469048023224,0.16721870005130768,0.9987782835960388,0.9999750852584839
125,4.96,11,LEFT_SHOULDER,0.5360564589500427,0.4534418284893036,-0.06000532954931259,0.9998883008956909,0.9999549388885498
125,4.96,12,RIGHT_SHOULDER,0.6296817660331726,0.44949305057525635,0.07851988077163696,0.9998005032539368,0.9999775886535645
125,4.96,13,LEFT_ELBOW,0.5432312488555908,0.48880472779273987,-0.13600380718708038,0.9509929418563843,0.9999607801437378
125,4.96,14,RIGHT_ELBOW,0.6656973958015442,0.48627668619155884,0.03900953754782677,0.9760260581970215,0.9999791383743286
125,4.96,15,LEFT_WRIST,0.5524396300315857,0.525243878364563,-0.17251703143119812,0.8863810300827026,0.9999635219573975
125,4.96,16,RIGHT_WRIST,0.6859211325645447,0.5223764777183533,-0.022977164015173912,0.9147987365722656,0.9999644756317139
125,4.96,17,LEFT_PINKY,0.5561322569847107,0.5376952886581421,-0.18665672838687897,0.8347195386886597,0.9999364614486694
125,4.96,18,RIGHT_PINKY,0.6930249333381653,0.5306093096733093,-0.023152684792876244,0.8691474795341492,0.9999414682388306
125,4.96,19,LEFT_INDEX,0.5567556023597717,0.535906970500946,-0.18120096623897552,0.8307538032531738,0.9999392032623291
125,4.96,20,RIGHT_INDEX,0.6855930685997009,0.5312322974205017,-0.029363686218857765,0.8586086630821228,0.9999371767044067
125,4.96,21,LEFT_THUMB,0.5587620139122009,0.5313452482223511,-0.16931046545505524,0.792044460773468,0.9999558925628662
125,4.96,22,RIGHT_THUMB,0.680808424949646,0.5288606286048889,-0.02549152448773384,0.8018234968185425,0.9999568462371826
125,4.96,23,LEFT_HIP,0.5983248949050903,0.5324009656906128,-0.05077451094985008,0.9997528791427612,0.999992847442627
125,4.96,24,RIGHT_HIP,0.6472788453102112,0.5257533192634583,0.05016417056322098,0.9996539354324341,0.9999953508377075
125,4.96,25,LEFT_KNEE,0.6199890375137329,0.5815562009811401,0.03528479486703873,0.9733549952507019,0.9999302625656128
125,4.96,26,RIGHT_KNEE,0.6824020743370056,0.5797728300094604,0.08871646970510483,0.981360673904419,0.9999779462814331
125,4.96,27,LEFT_ANKLE,0.6760565042495728,0.6189194321632385,-0.04138192534446716,0.9789685010910034,0.9999891519546509
125,4.96,28,RIGHT_ANKLE,0.7385199069976807,0.6336296796798706,-0.1174250990152359,0.9821456670761108,0.9999867677688599
125,4.96,29,LEFT_HEEL,0.6875641345977783,0.6223122477531433,-0.046341441571712494,0.9848158359527588,0.9999865293502808
125,4.96,30,RIGHT_HEEL,0.7446562051773071,0.640162467956543,-0.13863655924797058,0.9825509786605835,0.9999741315841675
125,4.96,31,LEFT_FOOT_INDEX,0.6819382905960083,0.6353369951248169,-0.06619039922952652,0.9252175688743591,0.9999620914459229
125,4.96,32,RIGHT_FOOT_INDEX,0.7379951477050781,0.6492190957069397,-0.19316785037517548,0.9346715807914734,0.9998985528945923
126,5.0,0,NOSE,0.5520210266113281,0.4337250888347626,0.21543025970458984,0.9993507266044617,0.9999858140945435
126,5.0,1,LEFT_EYE_INNER,0.5491381883621216,0.4296098053455353,0.1848049759864807,0.9991655349731445,0.999972939491272
126,5.0,2,LEFT_EYE,0.5478042364120483,0.42950671911239624,0.18475596606731415,0.9992539286613464,0.9999716281890869
126,5.0,3,LEFT_EYE_OUTER,0.5458977222442627,0.42946717143058777,0.1847236007452011,0.9991618990898132,0.9999691247940063
126,5.0,4,RIGHT_EYE_INNER,0.554947555065155,0.42881250381469727,0.20097410678863525,0.9990152716636658,0.9999749660491943
126,5.0,5,RIGHT_EYE,0.557435929775238,0.42816829681396484,0.20101267099380493,0.9990226626396179,0.9999715089797974
126,5.0,6,RIGHT_EYE_OUTER,0.5600394606590271,0.42757448554039,0.20099076628684998,0.998658299446106,0.999968409538269
126,5.0,7,LEFT_EAR,0.5490577816963196,0.4296965003013611,0.05976219102740288,0.999183714389801,0.9999681711196899
126,5.0,8,RIGHT_EAR,0.5691182017326355,0.42704474925994873,0.12553469836711884,0.9987280368804932,0.9999624490737915
126,5.0,9,MOUTH_LEFT,0.5526798963546753,0.4371367394924164,0.175340935587883,0.9991470575332642,0.9999430179595947
126,5.0,10,MOUTH_RIGHT,0.5588915348052979,0.43665581941604614,0.19682447612285614,0.9988815188407898,0.999944806098938
126,5.0,11,LEFT_SHOULDER,0.5316333770751953,0.45293548703193665,-0.04592384770512581,0.9998976588249207,0.9999446868896484
126,5.0,12,RIGHT_SHOULDER,0.6230039596557617,0.4489050805568695,0.12260077893733978,0.9998154640197754,0.9999591112136841
126,5.0,13,LEFT_ELBOW,0.5411092638969421,0.48934563994407654,-0.11933295428752899,0.9540049433708191,0.9999508857727051
126,5.0,14,RIGHT_ELBOW,0.6619101762771606,0.48476171493530273,0.11455332487821579,0.9691842198371887,0.9999629259109497
126,5.0,15,LEFT_WRIST,0.5511050820350647,0.5250856280326843,-0.05668392777442932,0.8854479789733887,0.9999336004257202
126,5.0,16,RIGHT_WRIST,0.6753796339035034,0.5216297507286072,0.09545581042766571,0.9044579863548279,0.9999417066574097
126,5.0,17,LEFT_PINKY,0.5559061169624329,0.5376961827278137,-0.06198301538825035,0.8297560214996338,0.9998795986175537
126,5.0,18,RIGHT_PINKY,0.6824971437454224,0.5296996831893921,0.10041423887014389,0.8587483167648315,0.9998939037322998
126,5.0,19,LEFT_INDEX,0.555966854095459,0.5360857844352722,-0.05388108268380165,0.8254218697547913,0.9998782873153687
126,5.0,20,RIGHT_INDEX,0.6740444898605347,0.5300573110580444,0.09327460080385208,0.8472641110420227,0.9998879432678223
126,5.0,21,LEFT_THUMB,0.5576530694961548,0.5314602255821228,-0.05061636492609978,0.7844651341438293,0.9999164342880249
126,5.0,22,RIGHT_THUMB,0.6699641346931458,0.5277159810066223,0.09194179624319077,0.7894353270530701,0.9999258518218994
126,5.0,23,LEFT_HIP,0.5941985249519348,0.5311540961265564,-0.0599699504673481,0.9997753500938416,0.9999920129776001
126,5.0,24,RIGHT_HIP,0.644324004650116,0.5239396691322327,0.059376273304224014,0.9996858239173889,0.9999918937683105
126,5.0,25,LEFT_KNEE,0.6147525310516357,0.5815264582633972,0.023846954107284546,0.9758604764938354,0.999948263168335
126,5.0,26,RIGHT_KNEE,0.6774722337722778,0.5772764682769775,0.11901426315307617,0.9815710783004761,0.9999676942825317
126,5.0,27,LEFT_ANKLE,0.6736598610877991,0.6207536458969116,-0.097379669547081,0.9809191823005676,0.9999856948852539
126,5.0,28,RIGHT_ANKLE,0.7364299297332764,0.6275275349617004,-0.07905248552560806,0.9834626317024231,0.9999830722808838
126,5.0,29,LEFT_HEEL,0.6844664812088013,0.6246704459190369,-0.10792843997478485,0.9861723780632019,0.9999794960021973
126,5.0,30,RIGHT_HEEL,0.7432801723480225,0.6327192783355713,-0.0988592803478241,0.9835909008979797,0.999967098236084
126,5.0,31,LEFT_FOOT_INDEX,0.6804488301277161,0.6385167241096497,-0.1457187384366989,0.9318155646324158,0.9999163150787354
126,5.0,32,RIGHT_FOOT_INDEX,0.7399572730064392,0.6461425423622131,-0.15156613290309906,0.9391260147094727,0.9998451471328735
127,5.04,0,NOSE,0.5424391627311707,0.43497374653816223,0.20048753917217255,0.9993793964385986,0.9999788999557495
127,5.04,1,LEFT_EYE_INNER,0.5393046140670776,0.4307731091976166,0.1657109260559082,0.9991913437843323,0.9999662637710571
127,5.04,2,LEFT_EYE,0.5379303693771362,0.4306650459766388,0.1656605303287506,0.9992780685424805,0.9999649524688721
127,5.04,3,LEFT_EYE_OUTER,0.5363274216651917,0.4306337535381317,0.16564060747623444,0.9991927742958069,0.9999630451202393
127,5.04,4,RIGHT_EYE_INNER,0.5448700189590454,0.4299653172492981,0.18626433610916138,0.9990429878234863,0.9999688863754272
127,5.04,5,RIGHT_EYE,0.547286331653595,0.429299533367157,0.186313658952713,0.999047577381134,0.999964714050293
127,5.04,6,RIGHT_EYE_OUTER,0.54977947473526,0.42869260907173157,0.18629974126815796,0.9987178444862366,0.9999610185623169
127,5.04,7,LEFT_EAR,0.5401598215103149,0.4307095408439636,0.033153411000967026,0.9992215037345886,0.9999656677246094
127,5.04,8,RIGHT_EAR,0.5593218803405762,0.4278314709663391,0.11688269674777985,0.9987165331840515,0.9999551773071289
127,5.04,9,MOUTH_LEFT,0.5434816479682922,0.4383111894130707,0.15842634439468384,0.9991849064826965,0.9999390840530396
127,5.04,10,MOUTH_RIGHT,0.549658477306366,0.4377903640270233,0.18565711379051208,0.9989335536956787,0.999934196472168
127,5.04,11,LEFT_SHOULDER,0.529506504535675,0.45322513580322266,-0.08173222839832306,0.9999063611030579,0.9999514818191528
127,5.04,12,RIGHT_SHOULDER,0.6158992648124695,0.4496206045150757,0.12318064272403717,0.9998244643211365,0.9999479055404663
127,5.04,13,LEFT_ELBOW,0.5368865132331848,0.4873419404029846,-0.14409705996513367,0.9573801755905151,0.9998899698257446
127,5.04,14,RIGHT_ELBOW,0.6545537114143372,0.48691797256469727,0.1191321462392807,0.9416182041168213,0.9999076128005981
127,5.04,15,LEFT_WRIST,0.5433863997459412,0.525946855545044,-0.12473839521408081,0.892649233341217,0.9997889399528503
127,5.04,16,RIGHT_WRIST,0.662000298500061,0.5212769508361816,0.08182308822870255,0.8824014663696289,0.999833345413208
127,5.04,17,LEFT_PINKY,0.5452645421028137,0.5376980304718018,-0.13868334889411926,0.8389255404472351,0.999658465385437
127,5.04,18,RIGHT_PINKY,0.6663389801979065,0.5294104814529419,0.08083544671535492,0.8371875882148743,0.9997298121452332
127,5.04,19,LEFT_INDEX,0.5459722876548767,0.5367936491966248,-0.13148324191570282,0.8345633745193481,0.999638557434082
127,5.04,20,RIGHT_INDEX,0.6605262160301208,0.5300496816635132,0.06773723661899567,0.824980616569519,0.9997175335884094
127,5.04,21,LEFT_THUMB,0.5475858449935913,0.5328919291496277,-0.11981719732284546,0.792869508266449,0.9997335076332092
127,5.04,22,RIGHT_THUMB,0.6569430828094482,0.5274234414100647,0.07436348497867584,0.7668073177337646,0.9997965693473816
127,5.04,23,LEFT_HIP,0.5925694704055786,0.5306947827339172,-0.07268503308296204,0.9997931122779846,0.9999798536300659
127,5.04,24,RIGHT_HIP,0.6421552896499634,0.5232301950454712,0.07216886430978775,0.999711275100708,0.9999796152114868
127,5.04,25,LEFT_KNEE,0.6101081371307373,0.5815103650093079,0.0011628941865637898,0.9778140187263489,0.99992835521698
127,5.04,26,RIGHT_KNEE,0.6682943105697632,0.5751645565032959,0.10877184569835663,0.9804208874702454,0.9999585151672363
127,5.04,27,LEFT_ANKLE,0.6697428822517395,0.6213617324829102,-0.08226682990789413,0.9826068878173828,0.9999725818634033
127,5.04,28,RIGHT_ANKLE,0.7377493977546692,0.6182264089584351,-0.056790709495544434,0.9844516515731812,0.9999799728393555
127,5.04,29,LEFT_HEEL,0.683076798915863,0.626649796962738,-0.09013977646827698,0.9871410131454468,0.9999597072601318
127,5.04,30,RIGHT_HEEL,0.7501958012580872,0.6196417212486267,-0.07259175926446915,0.9843299984931946,0.9999570846557617
127,5.04,31,LEFT_FOOT_INDEX,0.6560238003730774,0.6392707824707031,-0.1479606032371521,0.9377090930938721,0.9998925924301147
127,5.04,32,RIGHT_FOOT_INDEX,0.7454463839530945,0.6444913148880005,-0.129820317029953,0.943128764629364,0.9998358488082886
128,5.08,0,NOSE,0.5368193984031677,0.43681052327156067,0.14583316445350647,0.9993986487388611,0.9999696016311646
128,5.08,1,LEFT_EYE_INNER,0.5339339971542358,0.4323641061782837,0.11140669882297516,0.9992045760154724,0.9999525547027588
128,5.08,2,LEFT_EYE,0.5326987504959106,0.43220922350883484,0.11136137694120407,0.9992923736572266,0.9999507665634155
128,5.08,3,LEFT_EYE_OUTER,0.5313568115234375,0.43214401602745056,0.11135087162256241,0.9992117881774902,0.9999475479125977
128,5.08,4,RIGHT_EYE_INNER,0.5390319228172302,0.43169763684272766,0.1343102604150772,0.9990513920783997,0.9999569654464722
128,5.08,5,RIGHT_EYE,0.5413475632667542,0.4310508966445923,0.13435493409633636,0.9990540742874146,0.9999516010284424
128,5.08,6,RIGHT_EYE_OUTER,0.5439813137054443,0.4303916096687317,0.13434308767318726,0.9987464547157288,0.999946117401123
128,5.08,7,LEFT_EAR,0.5350903272628784,0.43225908279418945,-0.01658117026090622,0.9992436170578003,0.9999517202377319
128,5.08,8,RIGHT_EAR,0.5540202260017395,0.4294027090072632,0.09226509183645248,0.9986652731895447,0.9999362230300903
128,5.08,9,MOUTH_LEFT,0.5385106801986694,0.4403006434440613,0.10491488873958588,0.9992095828056335,0.9999169111251831
128,5.08,10,MOUTH_RIGHT,0.5440441370010376,0.43994250893592834,0.1351238489151001,0.9989581108093262,0.999910831451416
128,5.08,11,LEFT_SHOULDER,0.5286163687705994,0.4536382257938385,-0.13125231862068176,0.9999144077301025,0.9999257326126099
128,5.08,12,RIGHT_SHOULDER,0.6114473938941956,0.45085400342941284,0.10991837829351425,0.9998267889022827,0.9999071359634399
128,5.08,13,LEFT_ELBOW,0.534184455871582,0.48722583055496216,-0.18420913815498352,0.9609218239784241,0.999816358089447
128,5.08,14,RIGHT_ELBOW,0.6494073867797852,0.48800161480903625,0.1179923415184021,0.9150053858757019,0.9998302459716797
128,5.08,15,LEFT_WRIST,0.538174569606781,0.5263833403587341,-0.15295398235321045,0.9001206755638123,0.9997227787971497
128,5.08,16,RIGHT_WRIST,0.6550841331481934,0.5215929746627808,0.08971411734819412,0.8567652106285095,0.9997166991233826
128,5.08,17,LEFT_PINKY,0.5399845242500305,0.5377420783042908,-0.16585707664489746,0.8488369584083557,0.999544084072113
128,5.08,18,RIGHT_PINKY,0.6588652729988098,0.5293322205543518,0.09424907714128494,0.8131977319717407,0.9995280504226685
128,5.08,19,LEFT_INDEX,0.5432828664779663,0.5373050570487976,-0.15680988132953644,0.8445685505867004,0.9995244741439819
128,5.08,20,RIGHT_INDEX,0.6525154709815979,0.5298753976821899,0.0783211961388588,0.8001676201820374,0.9995113611221313
128,5.08,21,LEFT_THUMB,0.546869695186615,0.533760666847229,-0.1466197520494461,0.8030650615692139,0.9996452331542969
128,5.08,22,RIGHT_THUMB,0.6495919227600098,0.5272687673568726,0.08131319284439087,0.7423397302627563,0.9996510744094849
128,5.08,23,LEFT_HIP,0.5921116471290588,0.5307999849319458,-0.0822206512093544,0.9998071789741516,0.9999655485153198
128,5.08,24,RIGHT_HIP,0.6415371894836426,0.5241621732711792,0.081681028008461,0.9997255206108093,0.9999544620513916
128,5.08,25,LEFT_KNEE,0.6090231537818909,0.583085834980011,-0.007430958095937967,0.9795394539833069,0.9998946189880371
128,5.08,26,RIGHT_KNEE,0.6546096801757812,0.5747494101524353,0.1364046335220337,0.9778162240982056,0.9999165534973145
128,5.08,27,LEFT_ANKLE,0.6691094636917114,0.6266307234764099,-0.09812410920858383,0.984194815158844,0.9999446868896484
128,5.08,28,RIGHT_ANKLE,0.7345520853996277,0.6134572625160217,0.0052282246761024,0.9851258397102356,0.999962329864502
128,5.08,29,LEFT_HEEL,0.6815194487571716,0.6294453740119934,-0.10700386017560959,0.9881700873374939,0.9999167919158936
128,5.08,30,RIGHT_HEEL,0.7462196946144104,0.6144967675209045,-0.008383325301110744,0.9848824739456177,0.9999215602874756
128,5.08,31,LEFT_FOOT_INDEX,0.6458017230033875,0.6401106119155884,-0.1684390753507614,0.9433630704879761,0.9997343420982361
128,5.08,32,RIGHT_FOOT_INDEX,0.7454450130462646,0.6407277584075928,-0.06046707555651665,0.9465348720550537,0.9996776580810547
129,5.12,0,NOSE,0.5313706994056702,0.43865886330604553,0.16093379259109497,0.9994489550590515,0.9999932050704956
129,5.12,1,LEFT_EYE_INNER,0.5282695889472961,0.43415433168411255,0.12741181254386902,0.9992687106132507,0.9999890327453613
129,5.12,2,LEFT_EYE,0.526847779750824,0.43411985039711,0.12736539542675018,0.9993507266044617,0.9999885559082031
129,5.12,3,LEFT_EYE_OUTER,0.5253390073776245,0.43421027064323425,0.12735581398010254,0.9992759227752686,0.9999880790710449
129,5.12,4,RIGHT_EYE_INNER,0.5336886048316956,0.43337610363960266,0.14814935624599457,0.9991252422332764,0.9999899864196777
129,5.12,5,RIGHT_EYE,0.5362961888313293,0.43267515301704407,0.14820128679275513,0.9991291761398315,0.9999885559082031
129,5.12,6,RIGHT_EYE_OUTER,0.5391607880592346,0.4320010840892792,0.1482084095478058,0.9988483786582947,0.9999871253967285
129,5.12,7,LEFT_EAR,0.5276995897293091,0.4348721206188202,0.0010699440026655793,0.9993075728416443,0.9999897480010986
129,5.12,8,RIGHT_EAR,0.5491166114807129,0.43136972188949585,0.09820972383022308,0.9987616539001465,0.9999840259552002
129,5.12,9,MOUTH_LEFT,0.5325124859809875,0.44206294417381287,0.12061617523431778,0.999272882938385,0.9999774694442749
129,5.12,10,MOUTH_RIGHT,0.5383599996566772,0.44168412685394287,0.14792630076408386,0.9990373849868774,0.9999737739562988
129,5.12,11,LEFT_SHOULDER,0.524290919303894,0.4566389322280884,-0.10804983228445053,0.9999223947525024,0.9999809265136719
129,5.12,12,RIGHT_SHOULDER,0.606387197971344,0.45415228605270386,0.1182786226272583,0.9998379349708557,0.9999644756317139
129,5.12,13,LEFT_ELBOW,0.5320652723312378,0.49189791083335876,-0.16137845814228058,0.9643958210945129,0.9999582767486572
129,5.12,14,RIGHT_ELBOW,0.6382883787155151,0.4926133155822754,0.12302075326442719,0.9003899097442627,0.9999349117279053
129,5.12,15,LEFT_WRIST,0.5173733830451965,0.528203547000885,-0.14915087819099426,0.9087625741958618,0.9999358654022217
129,5.12,16,RIGHT_WRIST,0.6500759124755859,0.526313841342926,0.09167405217885971,0.8418976664543152,0.9998834133148193
129,5.12,17,LEFT_PINKY,0.5145650506019592,0.5382721424102783,-0.16229212284088135,0.8612351417541504,0.9998868703842163
129,5.12,18,RIGHT_PINKY,0.6571429967880249,0.5345701575279236,0.09794286638498306,0.7997432947158813,0.9998218417167664
129,5.12,19,LEFT_INDEX,0.5136300325393677,0.537855863571167,-0.15180377662181854,0.8572453856468201,0.9998865127563477
129,5.12,20,RIGHT_INDEX,0.6520312428474426,0.5350362062454224,0.08497681468725204,0.78532475233078,0.9998142123222351
129,5.12,21,LEFT_THUMB,0.5160136222839355,0.5345446467399597,-0.14212806522846222,0.8173495531082153,0.9999172687530518
129,5.12,22,RIGHT_THUMB,0.6482803821563721,0.5325077772140503,0.08488813042640686,0.7275040745735168,0.9998699426651001
129,5.12,23,LEFT_HIP,0.5848825573921204,0.5328509211540222,-0.07645075023174286,0.9998248815536499,0.9999951124191284
129,5.12,24,RIGHT_HIP,0.6323859095573425,0.5259093642234802,0.07584071159362793,0.9997490644454956,0.9999916553497314
129,5.12,25,LEFT_KNEE,0.6069079637527466,0.5843183994293213,-0.0031307183671742678,0.9812352061271667,0.9999533891677856
129,5.12,26,RIGHT_KNEE,0.6427245736122131,0.5747146010398865,0.1628856211900711,0.9754999876022339,0.9999464750289917
129,5.12,27,LEFT_ANKLE,0.6714269518852234,0.6266201138496399,-0.17139242589473724,0.9856348633766174,0.9999862909317017
129,5.12,28,RIGHT_ANKLE,0.7320454716682434,0.6104785799980164,-0.030786557123064995,0.9857029318809509,0.9999810457229614
129,5.12,29,LEFT_HEEL,0.6830545663833618,0.6294878125190735,-0.18767909705638885,0.9892233610153198,0.9999799728393555
129,5.12,30,RIGHT_HEEL,0.741798996925354,0.6106938719749451,-0.05363577976822853,0.9855538010597229,0.9999666213989258
129,5.12,31,LEFT_FOOT_INDEX,0.6557965278625488,0.6402881741523743,-0.24234969913959503,0.9484822750091553,0.9999160766601562
129,5.12,32,RIGHT_FOOT_INDEX,0.7426785230636597,0.6321820616722107,-0.10073103755712509,0.9495435953140259,0.9998593330383301
130,5.16,0,NOSE,0.5253110527992249,0.44002199172973633,0.13892662525177002,0.9994691610336304,0.999930739402771
130,5.16,1,LEFT_EYE_INNER,0.5229365229606628,0.4351077973842621,0.10604976117610931,0.9993108510971069,0.9998774528503418
130,5.16,2,LEFT_EYE,0.5218154191970825,0.4349918067455292,0.10600151121616364,0.9993868470191956,0.9998761415481567
130,5.16,3,LEFT_EYE_OUTER,0.5206555128097534,0.43497294187545776,0.10595980286598206,0.9993197917938232,0.9998669624328613
130,5.16,4,RIGHT_EYE_INNER,0.5274869203567505,0.43454116582870483,0.13085682690143585,0.999167263507843,0.9998941421508789
130,5.16,5,RIGHT_EYE,0.5299226641654968,0.4338836967945099,0.13091060519218445,0.9991673827171326,0.9998855590820312
130,5.16,6,RIGHT_EYE_OUTER,0.5325028300285339,0.43327564001083374,0.1309087872505188,0.998910665512085,0.9998676776885986
130,5.16,7,LEFT_EAR,0.5246158838272095,0.43553438782691956,-0.013818698935210705,0.9993513822555542,0.9998884201049805
130,5.16,8,RIGHT_EAR,0.5426961779594421,0.4325725734233856,0.09790019690990448,0.9987818002700806,0.9998533725738525
130,5.16,9,MOUTH_LEFT,0.5267792344093323,0.44337567687034607,0.10067673772573471,0.9993057250976562,0.9998388290405273
130,5.16,10,MOUTH_RIGHT,0.5321031808853149,0.4430910050868988,0.13307912647724152,0.9990584254264832,0.9998351335525513
130,5.16,11,LEFT_SHOULDER,0.5209271311759949,0.4584985673427582,-0.1223769262433052,0.9999289512634277,0.9998961687088013
130,5.16,12,RIGHT_SHOULDER,0.6005538105964661,0.4549821615219116,0.12271507829427719,0.9998300671577454,0.9998416900634766
130,5.16,13,LEFT_ELBOW,0.531552791595459,0.49588003754615784,-0.1580761969089508,0.9677236080169678,0.9996284246444702
130,5.16,14,RIGHT_ELBOW,0.6357045769691467,0.49320805072784424,0.11973823606967926,0.8888886570930481,0.9996765851974487
130,5.16,15,LEFT_WRIST,0.5010126233100891,0.5278345346450806,-0.13826407492160797,0.9165341854095459,0.9995226860046387
130,5.16,16,RIGHT_WRIST,0.6506111025810242,0.5281581282615662,0.07626897096633911,0.8299606442451477,0.9992559552192688
130,5.16,17,LEFT_PINKY,0.4967109262943268,0.53708416223526,-0.15189087390899658,0.8721542358398438,0.9991981387138367
130,5.16,18,RIGHT_PINKY,0.6574144959449768,0.5362098217010498,0.0789409726858139,0.7873706817626953,0.9987077713012695
130,5.16,19,LEFT_INDEX,0.49453112483024597,0.5365461707115173,-0.14079304039478302,0.8683962225914001,0.9992272853851318
130,5.16,20,RIGHT_INDEX,0.6525062322616577,0.5368906855583191,0.06640244275331497,0.7718466520309448,0.9987342953681946
130,5.16,21,LEFT_THUMB,0.49648696184158325,0.5333748459815979,-0.13575327396392822,0.8302474617958069,0.999365508556366
130,5.16,22,RIGHT_THUMB,0.64858478307724,0.5343501567840576,0.06889434158802032,0.7139980792999268,0.9990234375
130,5.16,23,LEFT_HIP,0.5790831446647644,0.5323266386985779,-0.08872462064027786,0.9998295307159424,0.9999144077301025
130,5.16,24,RIGHT_HIP,0.624267578125,0.525472104549408,0.0882856696844101,0.9996988773345947,0.9998224377632141
130,5.16,25,LEFT_KNEE,0.6069201827049255,0.584545910358429,-0.038585368543863297,0.982520341873169,0.9997114539146423
130,5.16,26,RIGHT_KNEE,0.6412996649742126,0.574717104434967,0.1685282588005066,0.9698992967605591,0.9995773434638977
130,5.16,27,LEFT_ANKLE,0.6763160228729248,0.6292360424995422,-0.11353528499603271,0.9867324829101562,0.9996696710586548
130,5.16,28,RIGHT_ANKLE,0.7234287261962891,0.6103025078773499,0.1342335045337677,0.9845150709152222,0.999816358089447
130,5.16,29,LEFT_HEEL,0.6901499032974243,0.6329887509346008,-0.13486658036708832,0.989798903465271,0.9995145797729492
130,5.16,30,RIGHT_HEEL,0.7332574129104614,0.6126111745834351,0.13078829646110535,0.9850026965141296,0.9996485710144043
130,5.16,31,LEFT_FOOT_INDEX,0.65623939037323,0.6405603289604187,-0.1629491001367569,0.9524259567260742,0.9988540410995483
130,5.16,32,RIGHT_FOOT_INDEX,0.7228729724884033,0.629690408706665,0.09480278193950653,0.9484543204307556,0.9991230368614197
131,5.2,0,NOSE,0.5175517201423645,0.4390367865562439,0.1498011201620102,0.9994468688964844,0.9999246597290039
131,5.2,1,LEFT_EYE_INNER,0.5154925584793091,0.4340824484825134,0.11927802115678787,0.999301552772522,0.9998756647109985
131,5.2,2,LEFT_EYE,0.5143280625343323,0.43401238322257996,0.11923812329769135,0.9993694424629211,0.9998695850372314
131,5.2,3,LEFT_EYE_OUTER,0.5131467580795288,0.4340236783027649,0.11918830871582031,0.9993108510971069,0.9998539686203003
131,5.2,4,RIGHT_EYE_INNER,0.5205046534538269,0.4334026873111725,0.13932695984840393,0.9991655945777893,0.9999018907546997
131,5.2,5,RIGHT_EYE,0.5230669379234314,0.4327430725097656,0.13937094807624817,0.9991591572761536,0.9998971223831177
131,5.2,6,RIGHT_EYE_OUTER,0.5258013606071472,0.4321216940879822,0.13934417068958282,0.9989275336265564,0.999880313873291
131,5.2,7,LEFT_EAR,0.5172327160835266,0.43486785888671875,0.0026305029168725014,0.9993289113044739,0.9998537302017212
131,5.2,8,RIGHT_EAR,0.5358801484107971,0.43179792165756226,0.10095300525426865,0.9987307786941528,0.9998733997344971
131,5.2,9,MOUTH_LEFT,0.5183452367782593,0.44264155626296997,0.1144048348069191,0.9992114305496216,0.9997910857200623
131,5.2,10,MOUTH_RIGHT,0.5239651799201965,0.4422060549259186,0.1407947987318039,0.9989141821861267,0.9998257756233215
131,5.2,11,LEFT_SHOULDER,0.5134226083755493,0.45875319838523865,-0.10606756061315536,0.9999306797981262,0.9997391104698181
131,5.2,12,RIGHT_SHOULDER,0.5911937355995178,0.4546860158443451,0.11847774684429169,0.9997931718826294,0.9997860789299011
131,5.2,13,LEFT_ELBOW,0.5160914659500122,0.49681124091148376,-0.15177178382873535,0.9703250527381897,0.9987694621086121
131,5.2,14,RIGHT_ELBOW,0.6232838034629822,0.4918074905872345,0.11423694342374802,0.8897255063056946,0.9995711445808411
131,5.2,15,LEFT_WRIST,0.4748651683330536,0.5160253047943115,-0.1269150972366333,0.9171735048294067,0.9983488321304321
131,5.2,16,RIGHT_WRIST,0.6434441804885864,0.5268557071685791,0.07558202743530273,0.8254349231719971,0.9993059635162354
131,5.2,17,LEFT_PINKY,0.4676765501499176,0.5200514197349548,-0.13870978355407715,0.8718577027320862,0.9983170032501221
131,5.2,18,RIGHT_PINKY,0.6508208513259888,0.5353822112083435,0.07910746335983276,0.7821675539016724,0.9989861845970154
131,5.2,19,LEFT_INDEX,0.46599799394607544,0.5180394053459167,-0.1337825506925583,0.8681039214134216,0.9981935620307922
131,5.2,20,RIGHT_INDEX,0.6476338505744934,0.5363052487373352,0.06848125159740448,0.7649898529052734,0.9989225268363953
131,5.2,21,LEFT_THUMB,0.46914827823638916,0.5164641737937927,-0.12414178997278214,0.8280452489852905,0.9982179999351501
131,5.2,22,RIGHT_THUMB,0.6438061594963074,0.5336501598358154,0.06996872276067734,0.7065739035606384,0.9991421699523926
131,5.2,23,LEFT_HIP,0.5736645460128784,0.5324034094810486,-0.09229054301977158,0.9998281002044678,0.999929666519165
131,5.2,24,RIGHT_HIP,0.6140961050987244,0.5251360535621643,0.09192530810832977,0.9995633959770203,0.9998388290405273
131,5.2,25,LEFT_KNEE,0.6061612367630005,0.5843588709831238,-0.06944049149751663,0.9824399352073669,0.99979168176651
131,5.2,26,RIGHT_KNEE,0.630268394947052,0.5734155774116516,0.19420228898525238,0.9446033239364624,0.9994099140167236
131,5.2,27,LEFT_ANKLE,0.682614803314209,0.6292546391487122,-0.1346021145582199,0.9870363473892212,0.9991171956062317
131,5.2,28,RIGHT_ANKLE,0.6921936869621277,0.6098896861076355,0.17181332409381866,0.9697503447532654,0.9996254444122314
131,5.2,29,LEFT_HEEL,0.6999433040618896,0.6338784694671631,-0.14282186329364777,0.9897180795669556,0.9983522891998291
131,5.2,30,RIGHT_HEEL,0.7068336606025696,0.6132013201713562,0.17017626762390137,0.9762536287307739,0.9993103742599487
131,5.2,31,LEFT_FOOT_INDEX,0.6572661399841309,0.6407257914543152,-0.20320256054401398,0.9550114274024963,0.9965842962265015
131,5.2,32,RIGHT_FOOT_INDEX,0.6890637874603271,0.6276639103889465,0.14795361459255219,0.9345115423202515,0.9987151622772217
132,5.24,0,NOSE,0.5129474997520447,0.4373425841331482,0.20806042850017548,0.9983883500099182,0.9996135830879211
132,5.24,1,LEFT_EYE_INNER,0.5101370811462402,0.4324723780155182,0.1782618761062622,0.9982389211654663,0.999458372592926
132,5.24,2,LEFT_EYE,0.508713960647583,0.43244895339012146,0.17821772396564484,0.9982779026031494,0.9994632601737976
132,5.24,3,LEFT_EYE_OUTER,0.5073184967041016,0.43250954151153564,0.17813238501548767,0.9982786774635315,0.9993990659713745
132,5.24,4,RIGHT_EYE_INNER,0.5155543088912964,0.4317248463630676,0.1899838000535965,0.9980524182319641,0.999519944190979
132,5.24,5,RIGHT_EYE,0.5182559490203857,0.43107983469963074,0.19003191590309143,0.9980419278144836,0.9995131492614746
132,5.24,6,RIGHT_EYE_OUTER,0.5211877226829529,0.4304756820201874,0.18996714055538177,0.997830867767334,0.9994078874588013
132,5.24,7,LEFT_EAR,0.5109930634498596,0.4333517849445343,0.06662120670080185,0.9984914660453796,0.999455988407135
132,5.24,8,RIGHT_EAR,0.5315141081809998,0.4302315413951874,0.1226518303155899,0.9971250891685486,0.9994112253189087
132,5.24,9,MOUTH_LEFT,0.5130783915519714,0.4409484565258026,0.1729620397090912,0.9976820945739746,0.9993230104446411
132,5.24,10,MOUTH_RIGHT,0.5193137526512146,0.4403877258300781,0.18828514218330383,0.9968519806861877,0.9993501305580139
132,5.24,11,LEFT_SHOULDER,0.5039960741996765,0.45770567655563354,-0.028883591294288635,0.9999160766601562,0.9996306896209717
132,5.24,12,RIGHT_SHOULDER,0.5844160318374634,0.45336467027664185,0.11554912477731705,0.9996554851531982,0.9995699524879456
132,5.24,13,LEFT_ELBOW,0.5015593767166138,0.4960721433162689,-0.055313803255558014,0.9722147583961487,0.9968043565750122
132,5.24,14,RIGHT_ELBOW,0.6165279150009155,0.4906448721885681,0.10354579985141754,0.8927874565124512,0.9988905787467957
132,5.24,15,LEFT_WRIST,0.46367573738098145,0.5055210590362549,-0.03317301720380783,0.9137400388717651,0.9958561062812805
132,5.24,16,RIGHT_WRIST,0.6386448740959167,0.5258444547653198,0.07509493827819824,0.8216828107833862,0.9966145157814026
132,5.24,17,LEFT_PINKY,0.45137709379196167,0.5073280930519104,-0.03928442671895027,0.8635587096214294,0.9962440729141235
132,5.24,18,RIGHT_PINKY,0.6460055112838745,0.5343482494354248,0.07753384113311768,0.7752183079719543,0.9953807592391968
132,5.24,19,LEFT_INDEX,0.4522421956062317,0.5043213963508606,-0.027196401730179787,0.8599205017089844,0.9957152009010315
132,5.24,20,RIGHT_INDEX,0.6428375244140625,0.5351582169532776,0.07088899612426758,0.7555357217788696,0.9949156045913696
132,5.24,21,LEFT_THUMB,0.4554911255836487,0.5039547085762024,-0.026858272030949593,0.8167858719825745,0.9955747127532959
132,5.24,22,RIGHT_THUMB,0.6391525864601135,0.5325218439102173,0.07169878482818604,0.6966097354888916,0.9956939220428467
132,5.24,23,LEFT_HIP,0.569611668586731,0.5322034358978271,-0.08674446493387222,0.9997959136962891,0.9998449087142944
132,5.24,24,RIGHT_HIP,0.6077114343643188,0.5242222547531128,0.08653298765420914,0.9991363286972046,0.9997443556785583
132,5.24,25,LEFT_KNEE,0.6064882278442383,0.5844309329986572,-0.10315793007612228,0.9817506670951843,0.9989840388298035
132,5.24,26,RIGHT_KNEE,0.6157363057136536,0.5729225873947144,0.1667490005493164,0.9008521437644958,0.997129499912262
132,5.24,27,LEFT_ANKLE,0.6870884299278259,0.6294412612915039,-0.11674278229475021,0.9825947880744934,0.9927910566329956
132,5.24,28,RIGHT_ANKLE,0.6758785247802734,0.6117490530014038,0.20774371922016144,0.9275478720664978,0.9968354105949402
132,5.24,29,LEFT_HEEL,0.7073426842689514,0.6356207132339478,-0.1205161064863205,0.9859679341316223,0.9875288009643555
132,5.24,30,RIGHT_HEEL,0.6836423277854919,0.6147236227989197,0.21230670809745789,0.9464548230171204,0.9949969053268433
132,5.24,31,LEFT_FOOT_INDEX,0.6578842997550964,0.6408437490463257,-0.1782650202512741,0.9479345679283142,0.9820588231086731
132,5.24,32,RIGHT_FOOT_INDEX,0.6614609956741333,0.6272914409637451,0.18425020575523376,0.8943155407905579,0.9943753480911255
133,5.28,0,NOSE,0.5029799938201904,0.43125253915786743,0.18398311734199524,0.9983124136924744,0.9998557567596436
133,5.28,1,LEFT_EYE_INNER,0.4995572566986084,0.42637965083122253,0.1515427827835083,0.9981179237365723,0.9998317956924438
133,5.28,2,LEFT_EYE,0.4978371560573578,0.4265826642513275,0.15156248211860657,0.9981403946876526,0.9998238682746887
133,5.28,3,LEFT_EYE_OUTER,0.49611538648605347,0.4268754720687866,0.1514226645231247,0.9980963468551636,0.9997960925102234
133,5.28,4,RIGHT_EYE_INNER,0.5057322382926941,0.4252344071865082,0.15946833789348602,0.9980053901672363,0.9998619556427002
133,5.28,5,RIGHT_EYE,0.5086491703987122,0.42459532618522644,0.15952132642269135,0.9980185031890869,0.9998683929443359
133,5.28,6,RIGHT_EYE_OUTER,0.511594831943512,0.4241037964820862,0.15949274599552155,0.9978101849555969,0.9998453855514526
133,5.28,7,LEFT_EAR,0.4986487627029419,0.4282952845096588,0.05000828579068184,0.9984078407287598,0.9998255372047424
133,5.28,8,RIGHT_EAR,0.5211337804794312,0.425231009721756,0.08327346295118332,0.9971272349357605,0.9998735189437866
133,5.28,9,MOUTH_LEFT,0.5028310418128967,0.4351237416267395,0.15343652665615082,0.9973987936973572,0.9997095465660095
133,5.28,10,MOUTH_RIGHT,0.5091837644577026,0.43430250883102417,0.1620919406414032,0.9966546893119812,0.9997677206993103
133,5.28,11,LEFT_SHOULDER,0.48769524693489075,0.4550701677799225,-0.04039313271641731,0.9999030828475952,0.9997625946998596
133,5.28,12,RIGHT_SHOULDER,0.5714427828788757,0.45005232095718384,0.06805920600891113,0.999644935131073,0.9998871088027954
133,5.28,13,LEFT_ELBOW,0.4751286804676056,0.49490606784820557,0.015988964587450027,0.972294807434082,0.9975776076316833
133,5.28,14,RIGHT_ELBOW,0.6023498773574829,0.48656657338142395,0.05796078220009804,0.8999269008636475,0.9995672106742859
133,5.28,15,LEFT_WRIST,0.4513086676597595,0.4873813986778259,0.15377044677734375,0.8812191486358643,0.9979096055030823
133,5.28,16,RIGHT_WRIST,0.6263948678970337,0.5218947529792786,0.03072177805006504,0.8275557160377502,0.9991806149482727
133,5.28,17,LEFT_PINKY,0.4367363750934601,0.48708999156951904,0.1643858253955841,0.8186313509941101,0.9981957077980042
133,5.28,18,RIGHT_PINKY,0.6348859667778015,0.530326247215271,0.0313267782330513,0.7789405584335327,0.9988168478012085
133,5.28,19,LEFT_INDEX,0.4404453933238983,0.4827612340450287,0.17416365444660187,0.8158407211303711,0.9977915287017822
133,5.28,20,RIGHT_INDEX,0.6318032741546631,0.5308188199996948,0.024917809292674065,0.7586753368377686,0.9986349940299988
133,5.28,21,LEFT_THUMB,0.44577574729919434,0.48247846961021423,0.16155755519866943,0.7730376124382019,0.9976620674133301
133,5.28,22,RIGHT_THUMB,0.6276494264602661,0.5284930467605591,0.02774474211037159,0.6987050771713257,0.9988766312599182
133,5.28,23,LEFT_HIP,0.5561944246292114,0.5318396091461182,-0.08262667804956436,0.9998093247413635,0.9999696016311646
133,5.28,24,RIGHT_HIP,0.5916354060173035,0.5229945778846741,0.08232062309980392,0.9991434216499329,0.9999406337738037
133,5.28,25,LEFT_KNEE,0.6056610941886902,0.5848817229270935,-0.12272779643535614,0.9827430248260498,0.9999052286148071
133,5.28,26,RIGHT_KNEE,0.5880547761917114,0.5697866678237915,0.1989607959985733,0.8695384860038757,0.9994204044342041
133,5.28,27,LEFT_ANKLE,0.6891688108444214,0.629133403301239,-0.11457806080579758,0.9827497005462646,0.9990630745887756
133,5.28,28,RIGHT_ANKLE,0.6214212775230408,0.6118833422660828,0.33983176946640015,0.9098621606826782,0.9993962049484253
133,5.28,29,LEFT_HEEL,0.7124913334846497,0.6354369521141052,-0.11578891426324844,0.9843178391456604,0.9981474876403809
133,5.28,30,RIGHT_HEEL,0.626634955406189,0.6159561276435852,0.35293400287628174,0.9256748557090759,0.9991415739059448
133,5.28,31,LEFT_FOOT_INDEX,0.665278971195221,0.6415238976478577,-0.180572509765625,0.9487271904945374,0.9966614246368408
133,5.28,32,RIGHT_FOOT_INDEX,0.6157222986221313,0.6214931011199951,0.3279415965080261,0.8759446740150452,0.9992178678512573
134,5.32,0,NOSE,0.4976152181625366,0.4265972673892975,0.17924131453037262,0.9983727931976318,0.9999129772186279
134,5.32,1,LEFT_EYE_INNER,0.49343934655189514,0.4218183755874634,0.1460537314414978,0.9981393218040466,0.9998970031738281
134,5.32,2,LEFT_EYE,0.4915957450866699,0.42200496792793274,0.14607121050357819,0.9981589317321777,0.9998914003372192
134,5.32,3,LEFT_EYE_OUTER,0.48988115787506104,0.4222610890865326,0.1459466516971588,0.9980871081352234,0.999870777130127
134,5.32,4,RIGHT_EYE_INNER,0.500110924243927,0.4207448959350586,0.1532565802335739,0.9980952739715576,0.9999258518218994
134,5.32,5,RIGHT_EYE,0.5029581189155579,0.42022445797920227,0.15330275893211365,0.9981246590614319,0.9999327659606934
134,5.32,6,RIGHT_EYE_OUTER,0.5059928297996521,0.41980379819869995,0.15326565504074097,0.9979255795478821,0.9999243021011353
134,5.32,7,LEFT_EAR,0.49193811416625977,0.4237132668495178,0.04630212113261223,0.9984458684921265,0.9998905658721924
134,5.32,8,RIGHT_EAR,0.5148115754127502,0.4208458662033081,0.07339432090520859,0.9972680807113647,0.9999423027038574
134,5.32,9,MOUTH_LEFT,0.4967782497406006,0.43039029836654663,0.1497887521982193,0.9974079132080078,0.9998111128807068
134,5.32,10,MOUTH_RIGHT,0.5038436651229858,0.42953044176101685,0.15618598461151123,0.9967235326766968,0.9998631477355957
134,5.32,11,LEFT_SHOULDER,0.48231688141822815,0.45014581084251404,-0.038466643542051315,0.9998907446861267,0.9998160004615784
134,5.32,12,RIGHT_SHOULDER,0.5641595125198364,0.4458567202091217,0.053472328931093216,0.9996512532234192,0.9999419450759888
134,5.32,13,LEFT_ELBOW,0.46159207820892334,0.4870051443576813,0.06359659135341644,0.9730836749076843,0.9985606074333191
134,5.32,14,RIGHT_ELBOW,0.596558690071106,0.4823753237724304,0.045608632266521454,0.9090415239334106,0.9998362064361572
134,5.32,15,LEFT_WRIST,0.441384881734848,0.4787563979625702,0.25017717480659485,0.8585051894187927,0.9983144998550415
134,5.32,16,RIGHT_WRIST,0.61958247423172,0.5171188712120056,0.030888885259628296,0.8403422832489014,0.9996352195739746
134,5.32,17,LEFT_PINKY,0.42782777547836304,0.476777583360672,0.27065640687942505,0.7833204865455627,0.9985116124153137
134,5.32,18,RIGHT_PINKY,0.6279870271682739,0.525205671787262,0.033383809030056,0.7918033599853516,0.9994106292724609
134,5.32,19,LEFT_INDEX,0.43317440152168274,0.47256818413734436,0.2779970169067383,0.7813090085983276,0.998130738735199
134,5.32,20,RIGHT_INDEX,0.6231619119644165,0.5258757472038269,0.027744410559535027,0.7721932530403137,0.9992813467979431
134,5.32,21,LEFT_THUMB,0.4380621314048767,0.47406619787216187,0.25855040550231934,0.7385807633399963,0.9980308413505554
134,5.32,22,RIGHT_THUMB,0.6190398335456848,0.5239390730857849,0.02878442406654358,0.7126753926277161,0.9994276165962219
134,5.32,23,LEFT_HIP,0.5465507507324219,0.5316293835639954,-0.08082791417837143,0.9998183846473694,0.9999629259109497
134,5.32,24,RIGHT_HIP,0.57837975025177,0.522979199886322,0.08045707643032074,0.9991408586502075,0.9999397993087769
134,5.32,25,LEFT_KNEE,0.599401593208313,0.5839671492576599,-0.11251474171876907,0.9837886691093445,0.9998807907104492
134,5.32,26,RIGHT_KNEE,0.5792080163955688,0.5692733526229858,0.21997496485710144,0.8503804206848145,0.99945467710495
134,5.32,27,LEFT_ANKLE,0.6885928511619568,0.6279991269111633,-0.11237477511167526,0.9829380512237549,0.9987823367118835
134,5.32,28,RIGHT_ANKLE,0.5986142158508301,0.6127451658248901,0.39167705178260803,0.8991710543632507,0.9994592070579529
134,5.32,29,LEFT_HEEL,0.7111262083053589,0.6337701678276062,-0.103947214782238,0.9823952913284302,0.9978331923484802
134,5.32,30,RIGHT_HEEL,0.6037546992301941,0.6175740361213684,0.4080469310283661,0.9124776124954224,0.999283492565155
134,5.32,31,LEFT_FOOT_INDEX,0.6652005314826965,0.6416555643081665,-0.1725853532552719,0.9486406445503235,0.9968008995056152
134,5.32,32,RIGHT_FOOT_INDEX,0.5968968868255615,0.6215378046035767,0.37762534618377686,0.8629799485206604,0.9994408488273621
135,5.36,0,NOSE,0.48443087935447693,0.4211433529853821,0.17066875100135803,0.9984421133995056,0.9999547004699707
135,5.36,1,LEFT_EYE_INNER,0.4809799790382385,0.41538742184638977,0.1335957646369934,0.9981873631477356,0.9999375343322754
135,5.36,2,LEFT_EYE,0.47948428988456726,0.41537389159202576,0.13357965648174286,0.9982101917266846,0.9999305009841919
135,5.36,3,LEFT_EYE_OUTER,0.47792771458625793,0.41550010442733765,0.13346680998802185,0.9981025457382202,0.9999152421951294
135,5.36,4,RIGHT_EYE_INNER,0.4872996509075165,0.4145240783691406,0.1447014957666397,0.9981813430786133,0.999951958656311
135,5.36,5,RIGHT_EYE,0.4904485046863556,0.4138980209827423,0.14475765824317932,0.9982264041900635,0.9999529123306274
135,5.36,6,RIGHT_EYE_OUTER,0.49354514479637146,0.41344791650772095,0.14473620057106018,0.9980295300483704,0.9999442100524902
135,5.36,7,LEFT_EAR,0.48083898425102234,0.4170010983943939,0.016960591077804565,0.9984898567199707,0.9999284744262695
135,5.36,8,RIGHT_EAR,0.502747118473053,0.41434887051582336,0.0690152645111084,0.9974050521850586,0.9999524354934692
135,5.36,9,MOUTH_LEFT,0.4849303662776947,0.42480799555778503,0.1379980891942978,0.9974105358123779,0.9998904466629028
135,5.36,10,MOUTH_RIGHT,0.49150463938713074,0.4241456985473633,0.15067315101623535,0.9968000054359436,0.9999146461486816
135,5.36,11,LEFT_SHOULDER,0.4683806896209717,0.44138583540916443,-0.040421802550554276,0.9998912215232849,0.9998774528503418
135,5.36,12,RIGHT_SHOULDER,0.5542557239532471,0.44050103425979614,0.057626716792583466,0.999670147895813,0.9999434947967529
135,5.36,13,LEFT_ELBOW,0.4410213828086853,0.47720062732696533,0.04195215553045273,0.973794162273407,0.9991138577461243
135,5.36,14,RIGHT_ELBOW,0.5801891088485718,0.47875654697418213,0.0453670434653759,0.9159622192382812,0.9998466968536377
135,5.36,15,LEFT_WRIST,0.4237136244773865,0.4699404835700989,0.23558366298675537,0.8432309627532959,0.9989916682243347
135,5.36,16,RIGHT_WRIST,0.6006256937980652,0.5121433138847351,0.01306424755603075,0.844440758228302,0.9996817111968994
135,5.36,17,LEFT_PINKY,0.41426724195480347,0.46808454394340515,0.24965272843837738,0.7558169960975647,0.999016523361206
135,5.36,18,RIGHT_PINKY,0.6106690168380737,0.5201526880264282,0.012917251326143742,0.7913419604301453,0.9995132684707642
135,5.36,19,LEFT_INDEX,0.41889750957489014,0.46414241194725037,0.2598392963409424,0.755042552947998,0.9988847374916077
135,5.36,20,RIGHT_INDEX,0.6077390313148499,0.519984781742096,0.004766840022057295,0.7714306712150574,0.9994285702705383
135,5.36,21,LEFT_THUMB,0.4231100380420685,0.46589234471321106,0.24529922008514404,0.712341845035553,0.9988725781440735
135,5.36,22,RIGHT_THUMB,0.6038777232170105,0.5178512930870056,0.009694905020296574,0.7114760875701904,0.9995304346084595
135,5.36,23,LEFT_HIP,0.5244017243385315,0.5267209410667419,-0.08013846725225449,0.9998321533203125,0.9999759197235107
135,5.36,24,RIGHT_HIP,0.5625995993614197,0.5192046761512756,0.07987574487924576,0.9992002248764038,0.9999550580978394
135,5.36,25,LEFT_KNEE,0.5794558525085449,0.5768425464630127,-0.08590016514062881,0.9848238825798035,0.9999337196350098
135,5.36,26,RIGHT_KNEE,0.5609334707260132,0.565796971321106,0.23748290538787842,0.8489420413970947,0.999771773815155
135,5.36,27,LEFT_ANKLE,0.6743885278701782,0.6215215921401978,-0.019957643002271652,0.983605146408081,0.9996461868286133
135,5.36,28,RIGHT_ANKLE,0.5565549731254578,0.612890362739563,0.4372495114803314,0.9006273746490479,0.9997661709785461
135,5.36,29,LEFT_HEEL,0.6910014152526855,0.6258099675178528,-0.012948238290846348,0.981694757938385,0.9994292855262756
135,5.36,30,RIGHT_HEEL,0.5618700981140137,0.6211105585098267,0.45679301023483276,0.9074749946594238,0.9996765851974487
135,5.36,31,LEFT_FOOT_INDEX,0.6654255390167236,0.6411234736442566,-0.08220075070858002,0.9495608806610107,0.9989681243896484
135,5.36,32,RIGHT_FOOT_INDEX,0.5482473969459534,0.6195112466812134,0.42458376288414,0.8595380783081055,0.9997050166130066
136,5.4,0,NOSE,0.4785623550415039,0.418517529964447,0.22992102801799774,0.9985553026199341,0.9999775886535645
136,5.4,1,LEFT_EYE_INNER,0.47470149397850037,0.41348233819007874,0.19633062183856964,0.9983155727386475,0.9999697208404541
136,5.4,2,LEFT_EYE,0.47289907932281494,0.4134659171104431,0.1963149905204773,0.9983354806900024,0.9999685287475586
136,5.4,3,LEFT_EYE_OUTER,0.4709773063659668,0.4135725796222687,0.19619576632976532,0.9982306957244873,0.9999629259109497
136,5.4,4,RIGHT_EYE_INNER,0.48109763860702515,0.41259992122650146,0.20542433857917786,0.9983215928077698,0.9999749660491943
136,5.4,5,RIGHT_EYE,0.4840773344039917,0.4119621217250824,0.20550164580345154,0.9983661770820618,0.9999749660491943
136,5.4,6,RIGHT_EYE_OUTER,0.4870217740535736,0.4114952087402344,0.20549282431602478,0.9981862306594849,0.9999696016311646
136,5.4,7,LEFT_EAR,0.47281762957572937,0.41449588537216187,0.07935258001089096,0.9986040592193604,0.9999699592590332
136,5.4,8,RIGHT_EAR,0.4955429136753082,0.4120731055736542,0.12374195456504822,0.9976083040237427,0.9999730587005615
136,5.4,9,MOUTH_LEFT,0.4776781499385834,0.42185503244400024,0.1952640861272812,0.9975555539131165,0.9999265670776367
136,5.4,10,MOUTH_RIGHT,0.48465824127197266,0.42100095748901367,0.20725183188915253,0.9970070123672485,0.9999383687973022
136,5.4,11,LEFT_SHOULDER,0.4569516181945801,0.4366148114204407,0.009402926079928875,0.9998961687088013,0.9999314546585083
136,5.4,12,RIGHT_SHOULDER,0.5453243255615234,0.4380859136581421,0.09458896517753601,0.9996953010559082,0.9999622106552124
136,5.4,13,LEFT_ELBOW,0.42920488119125366,0.47047868371009827,0.14031334221363068,0.9750048518180847,0.9993508458137512
136,5.4,14,RIGHT_ELBOW,0.5677184462547302,0.47592654824256897,0.10264259576797485,0.9237020611763,0.9998849630355835
136,5.4,15,LEFT_WRIST,0.4199097454547882,0.469178706407547,0.3690856099128723,0.80417799949646,0.999247670173645
136,5.4,16,RIGHT_WRIST,0.5884948968887329,0.5103446245193481,0.11838410049676895,0.8486736416816711,0.9997884631156921
136,5.4,17,LEFT_PINKY,0.41387274861335754,0.4695517420768738,0.3944496810436249,0.7071757912635803,0.9992974996566772
136,5.4,18,RIGHT_PINKY,0.5985559821128845,0.5177784562110901,0.12929664552211761,0.7901791334152222,0.9996500015258789
136,5.4,19,LEFT_INDEX,0.4192918539047241,0.465283066034317,0.402523934841156,0.7072408199310303,0.9991822838783264
136,5.4,20,RIGHT_INDEX,0.5954040884971619,0.5173539519309998,0.12448316812515259,0.7695105671882629,0.9995884299278259
136,5.4,21,LEFT_THUMB,0.42204663157463074,0.4651331603527069,0.3785799443721771,0.6669027805328369,0.9991994500160217
136,5.4,22,RIGHT_THUMB,0.5904576778411865,0.515208899974823,0.11814937740564346,0.7085562348365784,0.9996863603591919
136,5.4,23,LEFT_HIP,0.5065847039222717,0.519295334815979,-0.07396382838487625,0.9998425841331482,0.9999747276306152
136,5.4,24,RIGHT_HIP,0.5485747456550598,0.512807309627533,0.07388057559728622,0.9992530345916748,0.9999552965164185
136,5.4,25,LEFT_KNEE,0.5572660565376282,0.5696803331375122,-0.11129897087812424,0.985451877117157,0.9998739957809448
136,5.4,26,RIGHT_KNEE,0.5486108064651489,0.5630252361297607,0.18078270554542542,0.8493978381156921,0.9996544122695923
136,5.4,27,LEFT_ANKLE,0.6553453803062439,0.6173145771026611,-0.07607147097587585,0.9835522770881653,0.9993581175804138
136,5.4,28,RIGHT_ANKLE,0.537367045879364,0.613899290561676,0.30208489298820496,0.9006359577178955,0.9994719624519348
136,5.4,29,LEFT_HEEL,0.6676331162452698,0.6195436120033264,-0.069427490234375,0.981149435043335,0.9990506768226624
136,5.4,30,RIGHT_HEEL,0.5411053895950317,0.6238088011741638,0.31333810091018677,0.9043752551078796,0.9993053674697876
136,5.4,31,LEFT_FOOT_INDEX,0.6614150404930115,0.636333703994751,-0.124413400888443,0.9481999278068542,0.998195230960846
136,5.4,32,RIGHT_FOOT_INDEX,0.5331239700317383,0.6213963031768799,0.2791084051132202,0.8518162965774536,0.9992163181304932
137,5.44,0,NOSE,0.45822179317474365,0.41743507981300354,0.28044283390045166,0.998599112033844,0.999987006187439
137,5.44,1,LEFT_EYE_INNER,0.45654165744781494,0.4126059412956238,0.2475137561559677,0.9983206391334534,0.9999799728393555
137,5.44,2,LEFT_EYE,0.4550887644290924,0.41247090697288513,0.24750670790672302,0.9983309507369995,0.9999791383743286
137,5.44,3,LEFT_EYE_OUTER,0.4536880552768707,0.412422239780426,0.2474195659160614,0.9982277750968933,0.9999741315841675
137,5.44,4,RIGHT_EYE_INNER,0.46196576952934265,0.4121062159538269,0.2591557800769806,0.9983392953872681,0.9999833106994629
137,5.44,5,RIGHT_EYE,0.4645487070083618,0.4115501940250397,0.25920921564102173,0.9983795881271362,0.9999830722808838
137,5.44,6,RIGHT_EYE_OUTER,0.46743643283843994,0.411070317029953,0.2591993510723114,0.9982176423072815,0.99997878074646
137,5.44,7,LEFT_EAR,0.45671096444129944,0.4132795035839081,0.12816222012043,0.9986268877983093,0.9999743700027466
137,5.44,8,RIGHT_EAR,0.4768517315387726,0.4114709794521332,0.18251265585422516,0.997596800327301,0.9999767541885376
137,5.44,9,MOUTH_LEFT,0.4575660526752472,0.42098915576934814,0.24351419508457184,0.9974397420883179,0.9999513626098633
137,5.44,10,MOUTH_RIGHT,0.4637061357498169,0.4205544888973236,0.2585815489292145,0.9969021081924438,0.9999586343765259
137,5.44,11,LEFT_SHOULDER,0.44320395588874817,0.43428710103034973,0.035439424216747284,0.9999023079872131,0.9999469518661499
137,5.44,12,RIGHT_SHOULDER,0.5270477533340454,0.43654653429985046,0.1565788835287094,0.9997149705886841,0.9999754428863525
137,5.44,13,LEFT_ELBOW,0.4197566509246826,0.466856449842453,0.1033761128783226,0.9746299982070923,0.9995623230934143
137,5.44,14,RIGHT_ELBOW,0.5508700609207153,0.473868727684021,0.13488011062145233,0.9265852570533752,0.9999366998672485
137,5.44,15,LEFT_WRIST,0.40746957063674927,0.4699821472167969,0.2699357569217682,0.7866039872169495,0.9995192289352417
137,5.44,16,RIGHT_WRIST,0.5686860680580139,0.5096279978752136,0.1194603368639946,0.8454841375350952,0.9998453855514526
137,5.44,17,LEFT_PINKY,0.39760833978652954,0.47196492552757263,0.2861041724681854,0.682904839515686,0.99947589635849
137,5.44,18,RIGHT_PINKY,0.5765274167060852,0.5172761678695679,0.1278071105480194,0.7850906252861023,0.999729573726654
137,5.44,19,LEFT_INDEX,0.4004846215248108,0.4689001739025116,0.2978866994380951,0.683555543422699,0.9993532299995422
137,5.44,20,RIGHT_INDEX,0.5720905065536499,0.5171653628349304,0.11924327164888382,0.7627086043357849,0.9996674060821533
137,5.44,21,LEFT_THUMB,0.4064815044403076,0.46773260831832886,0.27945247292518616,0.6437786817550659,0.9993932247161865
137,5.44,22,RIGHT_THUMB,0.5681306719779968,0.51502925157547,0.11637317389249802,0.7022297382354736,0.9997583031654358
137,5.44,23,LEFT_HIP,0.49051371216773987,0.5167567729949951,-0.08012539148330688,0.9998546838760376,0.999992847442627
137,5.44,24,RIGHT_HIP,0.5309731960296631,0.5118524432182312,0.08008382469415665,0.9993109107017517,0.9999926090240479
137,5.44,25,LEFT_KNEE,0.5211188197135925,0.568672776222229,-0.14660829305648804,0.986000657081604,0.9999474287033081
137,5.44,26,RIGHT_KNEE,0.5236602425575256,0.5640271306037903,0.12992064654827118,0.8382928371429443,0.9999097585678101
137,5.44,27,LEFT_ANKLE,0.6229303479194641,0.6093881726264954,-0.17709630727767944,0.9838181734085083,0.9998145699501038
137,5.44,28,RIGHT_ANKLE,0.5214704275131226,0.6183750629425049,0.16767093539237976,0.8992771506309509,0.9998557567596436
137,5.44,29,LEFT_HEEL,0.6339987516403198,0.6096489429473877,-0.17952726781368256,0.9818488955497742,0.9997357726097107
137,5.44,30,RIGHT_HEEL,0.5259368419647217,0.6276699900627136,0.1697407066822052,0.9026862382888794,0.9997519850730896
137,5.44,31,LEFT_FOOT_INDEX,0.6354402303695679,0.6333057880401611,-0.22548630833625793,0.9502054452896118,0.9993860721588135
137,5.44,32,RIGHT_FOOT_INDEX,0.5140565037727356,0.6270695924758911,0.12985201179981232,0.8469147682189941,0.9995397329330444
138,5.48,0,NOSE,0.4489135146141052,0.4181254804134369,0.27358558773994446,0.9986599087715149,0.9999936819076538
138,5.48,1,LEFT_EYE_INNER,0.44779321551322937,0.41315892338752747,0.24290475249290466,0.9983556866645813,0.9999878406524658
138,5.48,2,LEFT_EYE,0.4464637339115143,0.4129209816455841,0.24289359152317047,0.9983484745025635,0.9999871253967285
138,5.48,3,LEFT_EYE_OUTER,0.44508805871009827,0.4127623736858368,0.24283280968666077,0.9982606172561646,0.9999837875366211
138,5.48,4,RIGHT_EYE_INNER,0.45270270109176636,0.41283825039863586,0.25564268231391907,0.9983633160591125,0.9999904632568359
138,5.48,5,RIGHT_EYE,0.45510411262512207,0.41232821345329285,0.2556886076927185,0.9983885288238525,0.9999898672103882
138,5.48,6,RIGHT_EYE_OUTER,0.4577981233596802,0.41187795996665955,0.25567591190338135,0.9982562065124512,0.9999872446060181
138,5.48,7,LEFT_EAR,0.4481101930141449,0.41326865553855896,0.13055747747421265,0.9985980987548828,0.9999823570251465
138,5.48,8,RIGHT_EAR,0.46795734763145447,0.4119572341442108,0.1914098709821701,0.9975332021713257,0.999984622001648
138,5.48,9,MOUTH_LEFT,0.44808316230773926,0.42176035046577454,0.23841293156147003,0.9973244667053223,0.9999732971191406
138,5.48,10,MOUTH_RIGHT,0.45406612753868103,0.42140138149261475,0.25546175241470337,0.9967616200447083,0.9999773502349854
138,5.48,11,LEFT_SHOULDER,0.43708229064941406,0.4330708682537079,0.03158050402998924,0.999908447265625,0.9999583959579468
138,5.48,12,RIGHT_SHOULDER,0.5179404616355896,0.4367619752883911,0.1722373515367508,0.9997352957725525,0.9999798536300659
138,5.48,13,LEFT_ELBOW,0.41885191202163696,0.4647408723831177,0.013616233132779598,0.9743766188621521,0.9996403455734253
138,5.48,14,RIGHT_ELBOW,0.5377578735351562,0.4733446538448334,0.1537308543920517,0.9291933178901672,0.9999526739120483
138,5.48,15,LEFT_WRIST,0.39366206526756287,0.4751812517642975,0.02065948396921158,0.7915245294570923,0.9996069073677063
138,5.48,16,RIGHT_WRIST,0.5528811812400818,0.5094873905181885,0.13954639434814453,0.8492456078529358,0.9998505115509033
138,5.48,17,LEFT_PINKY,0.3836715519428253,0.4771517217159271,0.012892680242657661,0.690289318561554,0.9995961785316467
138,5.48,18,RIGHT_PINKY,0.560485303401947,0.5171815156936646,0.1469465047121048,0.7896095514297485,0.9997304081916809
138,5.48,19,LEFT_INDEX,0.38705939054489136,0.47393885254859924,0.030167724937200546,0.6915335655212402,0.9995001554489136
138,5.48,20,RIGHT_INDEX,0.5561240315437317,0.5172662138938904,0.1347905844449997,0.7666068077087402,0.9996583461761475
138,5.48,21,LEFT_THUMB,0.39231765270233154,0.4730892777442932,0.02842618338763714,0.649192214012146,0.9995174407958984
138,5.48,22,RIGHT_THUMB,0.5525155067443848,0.515079915523529,0.13547088205814362,0.7073856592178345,0.9997372031211853
138,5.48,23,LEFT_HIP,0.47961482405662537,0.5135472416877747,-0.08780177682638168,0.9998642206192017,0.9999933242797852
138,5.48,24,RIGHT_HIP,0.5196846127510071,0.5113125443458557,0.0876617357134819,0.9993631839752197,0.9999933242797852
138,5.48,25,LEFT_KNEE,0.5010599493980408,0.567618727684021,-0.1359691470861435,0.9857287406921387,0.9998879432678223
138,5.48,26,RIGHT_KNEE,0.5135668516159058,0.5648796558380127,0.11108726263046265,0.8216328620910645,0.9998916387557983
138,5.48,27,LEFT_ANKLE,0.5974476337432861,0.6049729585647583,-0.16372665762901306,0.983504056930542,0.9998233914375305
138,5.48,28,RIGHT_ANKLE,0.5137454271316528,0.6223414540290833,0.11320023983716965,0.8958408236503601,0.9997863173484802
138,5.48,29,LEFT_HEEL,0.6112126708030701,0.6039589643478394,-0.16556355357170105,0.9819865226745605,0.9997926354408264
138,5.48,30,RIGHT_HEEL,0.5187640190124512,0.6309429407119751,0.11152235418558121,0.8985592126846313,0.9996002316474915
138,5.48,31,LEFT_FOOT_INDEX,0.6121078133583069,0.6312581300735474,-0.20237484574317932,0.9521333575248718,0.9994799494743347
138,5.48,32,RIGHT_FOOT_INDEX,0.5021473169326782,0.6312007904052734,0.06529635936021805,0.8432386517524719,0.9992449283599854
139,5.52,0,NOSE,0.4306448698043823,0.4186161160469055,0.19388502836227417,0.9987512230873108,0.9999945163726807
139,5.52,1,LEFT_EYE_INNER,0.43004143238067627,0.4136263132095337,0.16222186386585236,0.9984654784202576,0.9999874830245972
139,5.52,2,LEFT_EYE,0.4290294647216797,0.4133252501487732,0.162192702293396,0.9984449148178101,0.9999860525131226
139,5.52,3,LEFT_EYE_OUTER,0.42800772190093994,0.4130849838256836,0.16217300295829773,0.9983702898025513,0.9999829530715942
139,5.52,4,RIGHT_EYE_INNER,0.4347420036792755,0.413398414850235,0.18726496398448944,0.9984632730484009,0.9999908208847046
139,5.52,5,RIGHT_EYE,0.43720972537994385,0.4128972887992859,0.18731868267059326,0.998461902141571,0.9999897480010986
139,5.52,6,RIGHT_EYE_OUTER,0.4398325979709625,0.4124428927898407,0.18731486797332764,0.9983518719673157,0.9999876022338867
139,5.52,7,LEFT_EAR,0.4319150149822235,0.4133549928665161,0.052511442452669144,0.9986604452133179,0.999983549118042
139,5.52,8,RIGHT_EAR,0.4494962692260742,0.4122750163078308,0.15857775509357452,0.9976615905761719,0.9999849796295166
139,5.52,9,MOUTH_LEFT,0.4309229850769043,0.4220927953720093,0.1582612842321396,0.9974835515022278,0.9999812841415405
139,5.52,10,MOUTH_RIGHT,0.43586650490760803,0.42190250754356384,0.19226522743701935,0.9969439506530762,0.9999830722808838
139,5.52,11,LEFT_SHOULDER,0.4245316982269287,0.4328627288341522,-0.057083338499069214,0.9999167323112488,0.9999709129333496
139,5.52,12,RIGHT_SHOULDER,0.5038899779319763,0.4370477497577667,0.16545985639095306,0.9997577667236328,0.9999781847000122
139,5.52,13,LEFT_ELBOW,0.4075891375541687,0.46296226978302,-0.16405627131462097,0.9763792753219604,0.9997690320014954
139,5.52,14,RIGHT_ELBOW,0.5225107669830322,0.4739483892917633,0.16387057304382324,0.9153806567192078,0.9999250173568726
139,5.52,15,LEFT_WRIST,0.3792015016078949,0.48339909315109253,-0.22722338140010834,0.8101328015327454,0.9995915293693542
139,5.52,16,RIGHT_WRIST,0.5342186689376831,0.5098665356636047,0.1354171484708786,0.8375537991523743,0.9997053742408752
139,5.52,17,LEFT_PINKY,0.37169671058654785,0.48922741413116455,-0.254182904958725,0.7174032330513,0.9994868040084839
139,5.52,18,RIGHT_PINKY,0.5394463539123535,0.5181488990783691,0.14537431299686432,0.779810905456543,0.9994937181472778
139,5.52,19,LEFT_INDEX,0.37262189388275146,0.4885738492012024,-0.23176158964633942,0.7185073494911194,0.9993946552276611
139,5.52,20,RIGHT_INDEX,0.5356659293174744,0.5183184146881104,0.12216117233037949,0.7555426359176636,0.999382734298706
139,5.52,21,LEFT_THUMB,0.3756941556930542,0.4865070581436157,-0.21859581768512726,0.6776846647262573,0.9994551539421082
139,5.52,22,RIGHT_THUMB,0.5322791934013367,0.51604825258255,0.126169353723526,0.6996419429779053,0.999506950378418
139,5.52,23,LEFT_HIP,0.461061954498291,0.5125349760055542,-0.10005086660385132,0.9998732805252075,0.9999896287918091
139,5.52,24,RIGHT_HIP,0.5024453997612,0.5116396546363831,0.09983725845813751,0.9994148015975952,0.9999899864196777
139,5.52,25,LEFT_KNEE,0.46498367190361023,0.5682284832000732,-0.12765124440193176,0.9819230437278748,0.9996373653411865
139,5.52,26,RIGHT_KNEE,0.493465393781662,0.5677276849746704,0.13009601831436157,0.7659205794334412,0.9998273849487305
139,5.52,27,LEFT_ANKLE,0.5390321016311646,0.6049595475196838,-0.1635846644639969,0.9815200567245483,0.9997896552085876
139,5.52,28,RIGHT_ANKLE,0.5051983594894409,0.6314643621444702,0.07645772397518158,0.8745001554489136,0.999602735042572
139,5.52,29,LEFT_HEEL,0.5572900772094727,0.6038626432418823,-0.16822944581508636,0.9821593165397644,0.9997712969779968
139,5.52,30,RIGHT_HEEL,0.5280771255493164,0.6331074833869934,0.06852767616510391,0.8872438073158264,0.9990838766098022
139,5.52,31,LEFT_FOOT_INDEX,0.5491878390312195,0.6302841901779175,-0.19025053083896637,0.9536229372024536,0.9994214773178101
139,5.52,32,RIGHT_FOOT_INDEX,0.4926367402076721,0.6435147523880005,0.022509964182972908,0.8303152322769165,0.9985336065292358
140,5.56,0,NOSE,0.4210382401943207,0.419236958026886,0.1986973136663437,0.9987561702728271,0.999991774559021
140,5.56,1,LEFT_EYE_INNER,0.42053428292274475,0.41427746415138245,0.16648314893245697,0.9984806776046753,0.9999837875366211
140,5.56,2,LEFT_EYE,0.419528603553772,0.4140128493309021,0.16643893718719482,0.9984421730041504,0.9999831914901733
140,5.56,3,LEFT_EYE_OUTER,0.4185155928134918,0.41381657123565674,0.16641804575920105,0.9983842968940735,0.9999806880950928
140,5.56,4,RIGHT_EYE_INNER,0.4251161217689514,0.4139633774757385,0.1885509043931961,0.9984230399131775,0.9999850988388062
140,5.56,5,RIGHT_EYE,0.42747196555137634,0.41343486309051514,0.18860258162021637,0.9983631372451782,0.9999823570251465
140,5.56,6,RIGHT_EYE_OUTER,0.43010440468788147,0.41296279430389404,0.1885867416858673,0.9982671737670898,0.9999775886535645
140,5.56,7,LEFT_EAR,0.4223405718803406,0.4142044186592102,0.048954423516988754,0.9986255168914795,0.9999833106994629
140,5.56,8,RIGHT_EAR,0.43960490822792053,0.41289839148521423,0.15049593150615692,0.9975321888923645,0.999970555305481
140,5.56,9,MOUTH_LEFT,0.42150914669036865,0.42271071672439575,0.16048486530780792,0.9975123405456543,0.9999737739562988
140,5.56,10,MOUTH_RIGHT,0.42667797207832336,0.42250120639801025,0.1910560131072998,0.9969282746315002,0.9999696016311646
140,5.56,11,LEFT_SHOULDER,0.4153776168823242,0.43381765484809875,-0.061480678617954254,0.9999232292175293,0.9999685287475586
140,5.56,12,RIGHT_SHOULDER,0.49601608514785767,0.4373301565647125,0.15350285172462463,0.9997680187225342,0.9998922348022461
140,5.56,13,LEFT_ELBOW,0.40311574935913086,0.4651399552822113,-0.16527996957302094,0.9782366752624512,0.9998289346694946
140,5.56,14,RIGHT_ELBOW,0.5092390775680542,0.4740428030490875,0.14574137330055237,0.8966466784477234,0.9996919631958008
140,5.56,15,LEFT_WRIST,0.3719555735588074,0.4924565255641937,-0.21211686730384827,0.8266269564628601,0.999617338180542
140,5.56,16,RIGHT_WRIST,0.5137007236480713,0.5102167129516602,0.11586914211511612,0.7981359958648682,0.9991726279258728
140,5.56,17,LEFT_PINKY,0.3654515743255615,0.49923694133758545,-0.23566210269927979,0.7411823868751526,0.999480664730072
140,5.56,18,RIGHT_PINKY,0.5190781354904175,0.5187275409698486,0.12383387237787247,0.7428779602050781,0.9987565279006958
140,5.56,19,LEFT_INDEX,0.3651004433631897,0.49854180216789246,-0.2178967446088791,0.7421350479125977,0.999386191368103
140,5.56,20,RIGHT_INDEX,0.5138164162635803,0.5185970664024353,0.10743353515863419,0.7167087197303772,0.998584508895874
140,5.56,21,LEFT_THUMB,0.3685731589794159,0.4964781403541565,-0.2049839198589325,0.7020978331565857,0.9994850158691406
140,5.56,22,RIGHT_THUMB,0.5106294751167297,0.5164164900779724,0.1093190535902977,0.6656166911125183,0.9987824559211731
140,5.56,23,LEFT_HIP,0.44767865538597107,0.5127258896827698,-0.09804593026638031,0.999878466129303,0.9999887943267822
140,5.56,24,RIGHT_HIP,0.4930133819580078,0.5122519135475159,0.09788059443235397,0.9994511604309082,0.9999785423278809
140,5.56,25,LEFT_KNEE,0.4456743597984314,0.5680391788482666,-0.07206253707408905,0.9747533202171326,0.9989736080169678
140,5.56,26,RIGHT_KNEE,0.48469623923301697,0.5677683353424072,0.12432970106601715,0.7427955865859985,0.9994044303894043
140,5.56,27,LEFT_ANKLE,0.5115677118301392,0.604358971118927,-0.17575596272945404,0.9762630462646484,0.999416708946228
140,5.56,28,RIGHT_ANKLE,0.501649022102356,0.6284295320510864,-0.002456776797771454,0.8643917441368103,0.9992262125015259
140,5.56,29,LEFT_HEEL,0.5278392434120178,0.6048279404640198,-0.18711678683757782,0.9814208149909973,0.9993754029273987
140,5.56,30,RIGHT_HEEL,0.5118170976638794,0.6334633231163025,-0.016917767003178596,0.8869075775146484,0.9983705878257751
140,5.56,31,LEFT_FOOT_INDEX,0.516221284866333,0.6297727227210999,-0.21624724566936493,0.950623631477356,0.9985160231590271
140,5.56,32,RIGHT_FOOT_INDEX,0.48451799154281616,0.6462224721908569,-0.06867242604494095,0.8199346661567688,0.9973236322402954
141,5.6,0,NOSE,0.40566501021385193,0.4229433834552765,0.11900690197944641,0.9988169074058533,0.9999241828918457
141,5.6,1,LEFT_EYE_INNER,0.40331166982650757,0.41829317808151245,0.08723172545433044,0.9985674023628235,0.9999105930328369
141,5.6,2,LEFT_EYE,0.4020800292491913,0.41814500093460083,0.08717812597751617,0.9985430240631104,0.999916672706604
141,5.6,3,LEFT_EYE_OUTER,0.40092113614082336,0.41803503036499023,0.08715789765119553,0.9984886646270752,0.9999186992645264
141,5.6,4,RIGHT_EYE_INNER,0.4082407057285309,0.4176078736782074,0.1126655638217926,0.9984826445579529,0.9998971223831177
141,5.6,5,RIGHT_EYE,0.4102696180343628,0.4170301854610443,0.11270560324192047,0.9984123110771179,0.9998760223388672
141,5.6,6,RIGHT_EYE_OUTER,0.4129626154899597,0.41643086075782776,0.1126614362001419,0.9983120560646057,0.9998515844345093
141,5.6,7,LEFT_EAR,0.4038742482662201,0.41761353611946106,-0.024145368486642838,0.9987093806266785,0.9999500513076782
141,5.6,8,RIGHT_EAR,0.42048701643943787,0.41579383611679077,0.09272868186235428,0.9976301193237305,0.9998329877853394
141,5.6,9,MOUTH_LEFT,0.4062104821205139,0.425835520029068,0.08355462551116943,0.9976704716682434,0.9998993873596191
141,5.6,10,MOUTH_RIGHT,0.41202834248542786,0.4251652657985687,0.11701799184083939,0.9971030354499817,0.9998445510864258
141,5.6,11,LEFT_SHOULDER,0.40153202414512634,0.4344540536403656,-0.13860349357128143,0.9999299645423889,0.9999446868896484
141,5.6,12,RIGHT_SHOULDER,0.4732697904109955,0.43856313824653625,0.14601466059684753,0.9997619390487671,0.9997336268424988
141,5.6,13,LEFT_ELBOW,0.3912079334259033,0.4652561843395233,-0.21504949033260345,0.9801281094551086,0.9997428059577942
141,5.6,14,RIGHT_ELBOW,0.4889327585697174,0.4741113781929016,0.21282336115837097,0.8383514881134033,0.9989482760429382
141,5.6,15,LEFT_WRIST,0.3600686490535736,0.5021740794181824,-0.2037602812051773,0.8423123359680176,0.9994308352470398
141,5.6,16,RIGHT_WRIST,0.4823474884033203,0.5103345513343811,0.2759161591529846,0.7311716079711914,0.9982069730758667
141,5.6,17,LEFT_PINKY,0.35386139154434204,0.5094844102859497,-0.2197510451078415,0.7641347646713257,0.9990789890289307
141,5.6,18,RIGHT_PINKY,0.4792786240577698,0.5188411474227905,0.3018358051776886,0.6830666661262512,0.9977524876594543
141,5.6,19,LEFT_INDEX,0.3537706136703491,0.5088895559310913,-0.20767253637313843,0.7648735642433167,0.9990230798721313
141,5.6,20,RIGHT_INDEX,0.47752854228019714,0.5191053152084351,0.2829049527645111,0.6587049961090088,0.9977071285247803
141,5.6,21,LEFT_THUMB,0.3563595116138458,0.5065686106681824,-0.1960967481136322,0.7256271243095398,0.999241828918457
141,5.6,22,RIGHT_THUMB,0.4778856039047241,0.516649067401886,0.27011215686798096,0.6125949621200562,0.998079776763916
141,5.6,23,LEFT_HIP,0.4327618479728699,0.5132310390472412,-0.09457962214946747,0.9998862743377686,0.9999790191650391
141,5.6,24,RIGHT_HIP,0.47943833470344543,0.5125852227210999,0.09425312280654907,0.9994946122169495,0.9999603033065796
141,5.6,25,LEFT_KNEE,0.4010581970214844,0.5636267066001892,-0.04883381351828575,0.9767017960548401,0.9998219609260559
141,5.6,26,RIGHT_KNEE,0.47356513142585754,0.5656643509864807,0.13369211554527283,0.7600221037864685,0.9997554421424866
141,5.6,27,LEFT_ANKLE,0.4486840069293976,0.6060904860496521,-0.13626480102539062,0.9783642292022705,0.9998989105224609
141,5.6,28,RIGHT_ANKLE,0.5054210424423218,0.6192362904548645,0.043995268642902374,0.8752738833427429,0.9998346567153931
141,5.6,29,LEFT_HEEL,0.46623697876930237,0.6075173020362854,-0.14291729032993317,0.9829626679420471,0.9998561143875122
141,5.6,30,RIGHT_HEEL,0.5178267955780029,0.6248236894607544,0.03397377207875252,0.8955215811729431,0.9996805191040039
141,5.6,31,LEFT_FOOT_INDEX,0.4230455160140991,0.6306827664375305,-0.16361893713474274,0.9546351432800293,0.999403715133667
141,5.6,32,RIGHT_FOOT_INDEX,0.49918895959854126,0.6358365416526794,-0.001748504233546555,0.8307374715805054,0.9988481998443604
142,5.64,0,NOSE,0.3929598331451416,0.42499840259552,0.1473098248243332,0.998904287815094,0.9999617338180542
142,5.64,1,LEFT_EYE_INNER,0.39183366298675537,0.42046645283699036,0.11773496121168137,0.9986830353736877,0.9999446868896484
142,5.64,2,LEFT_EYE,0.39091411232948303,0.4202410876750946,0.11772830784320831,0.9986637234687805,0.9999489784240723
142,5.64,3,LEFT_EYE_OUTER,0.390033483505249,0.42005249857902527,0.11769326031208038,0.9986158609390259,0.9999489784240723
142,5.64,4,RIGHT_EYE_INNER,0.3960918188095093,0.4200896620750427,0.13242661952972412,0.9986000061035156,0.9999353885650635
142,5.64,5,RIGHT_EYE,0.39822444319725037,0.4195598065853119,0.13235217332839966,0.9985283017158508,0.9999243021011353
142,5.64,6,RIGHT_EYE_OUTER,0.4005986154079437,0.41899555921554565,0.1320919394493103,0.9984381794929504,0.9999085664749146
142,5.64,7,LEFT_EAR,0.39374133944511414,0.41991370916366577,0.005392941180616617,0.9988120794296265,0.9999682903289795
142,5.64,8,RIGHT_EAR,0.4087916612625122,0.41827452182769775,0.13926826417446136,0.9978153705596924,0.9999042749404907
142,5.64,9,MOUTH_LEFT,0.3938642144203186,0.42800283432006836,0.11298085749149323,0.997847318649292,0.9999456405639648
142,5.64,10,MOUTH_RIGHT,0.3986300826072693,0.4276149868965149,0.14440441131591797,0.9973223805427551,0.9999195337295532
142,5.64,11,LEFT_SHOULDER,0.3909919559955597,0.4357096552848816,-0.09524089097976685,0.9999358654022217,0.9999589920043945
142,5.64,12,RIGHT_SHOULDER,0.46271413564682007,0.44085678458213806,0.19210565090179443,0.9997530579566956,0.9997621178627014
142,5.64,13,LEFT_ELBOW,0.38365957140922546,0.46670404076576233,-0.16336555778980255,0.9819098114967346,0.9998025298118591
142,5.64,14,RIGHT_ELBOW,0.47791317105293274,0.47514665126800537,0.28192102909088135,0.7790600061416626,0.9991950392723083
142,5.64,15,LEFT_WRIST,0.3515082001686096,0.5054811835289001,-0.1429588794708252,0.8563807010650635,0.9993539452552795
142,5.64,16,RIGHT_WRIST,0.46436607837677,0.5064834356307983,0.35873132944107056,0.6650492548942566,0.9987407326698303
142,5.64,17,LEFT_PINKY,0.3434995114803314,0.5131827592849731,-0.15960931777954102,0.7846029996871948,0.9989859461784363
142,5.64,18,RIGHT_PINKY,0.4580640494823456,0.511570394039154,0.3843923807144165,0.6232466697692871,0.9984046816825867
142,5.64,19,LEFT_INDEX,0.34221264719963074,0.5125336647033691,-0.14786508679389954,0.7850948572158813,0.9989683628082275
142,5.64,20,RIGHT_INDEX,0.4565080404281616,0.5137341618537903,0.368129700422287,0.6008458733558655,0.9984286427497864
142,5.64,21,LEFT_THUMB,0.34583011269569397,0.510148823261261,-0.13557572662830353,0.746249258518219,0.9991602897644043
142,5.64,22,RIGHT_THUMB,0.4571733772754669,0.5108951926231384,0.3539562225341797,0.5594831705093384,0.9986579418182373
142,5.64,23,LEFT_HIP,0.4265105426311493,0.5140392780303955,-0.09310401231050491,0.9998905062675476,0.9999713897705078
142,5.64,24,RIGHT_HIP,0.47099119424819946,0.5130062103271484,0.09279001504182816,0.9995314478874207,0.9999552965164185
142,5.64,25,LEFT_KNEE,0.3867752254009247,0.5625637769699097,-0.05388758331537247,0.9785594344139099,0.9996289014816284
142,5.64,26,RIGHT_KNEE,0.4686618745326996,0.5654817223548889,0.13284127414226532,0.7789885401725769,0.9996683597564697
142,5.64,27,LEFT_ANKLE,0.42234304547309875,0.6109439730644226,-0.075400210916996,0.9801057577133179,0.9997922778129578
142,5.64,28,RIGHT_ANKLE,0.5070143342018127,0.6188396215438843,0.06492400914430618,0.8852309584617615,0.9996399879455566
142,5.64,29,LEFT_HEEL,0.43598243594169617,0.6178995370864868,-0.07391155511140823,0.9842141270637512,0.9997370839118958
142,5.64,30,RIGHT_HEEL,0.5260704159736633,0.6249150633811951,0.05815817415714264,0.9035676717758179,0.9993016719818115
142,5.64,31,LEFT_FOOT_INDEX,0.3891676068305969,0.631241500377655,-0.08604633063077927,0.9574642181396484,0.9991752505302429
142,5.64,32,RIGHT_FOOT_INDEX,0.501453697681427,0.6353583931922913,0.027389418333768845,0.8361380696296692,0.9982477426528931
143,5.68,0,NOSE,0.3742751181125641,0.43122974038124084,0.20251798629760742,0.9988635778427124,0.999840259552002
143,5.68,1,LEFT_EYE_INNER,0.3715222477912903,0.42693203687667847,0.16803254187107086,0.9986943602561951,0.9997498393058777
143,5.68,2,LEFT_EYE,0.37023067474365234,0.4269053339958191,0.1679733693599701,0.9986952543258667,0.9997740387916565
143,5.68,3,LEFT_EYE_OUTER,0.3691307604312897,0.4269149601459503,0.16791462898254395,0.9986588954925537,0.9997722506523132
143,5.68,4,RIGHT_EYE_INNER,0.37646782398223877,0.42616140842437744,0.1906219869852066,0.9986005425453186,0.9997020363807678
143,5.68,5,RIGHT_EYE,0.37869274616241455,0.4255792200565338,0.19061434268951416,0.9985149502754211,0.999658465385437
143,5.68,6,RIGHT_EYE_OUTER,0.38119402527809143,0.42501845955848694,0.19044502079486847,0.9984182119369507,0.9995812773704529
143,5.68,7,LEFT_EAR,0.37214356660842896,0.4268477261066437,0.04369325935840607,0.9988216161727905,0.9998587369918823
143,5.68,8,RIGHT_EAR,0.38821282982826233,0.4244288206100464,0.15538343787193298,0.9978247880935669,0.9995431900024414
143,5.68,9,MOUTH_LEFT,0.37483322620391846,0.4342711269855499,0.16274991631507874,0.9978417754173279,0.9998113512992859
143,5.68,10,MOUTH_RIGHT,0.38045307993888855,0.43337875604629517,0.19373761117458344,0.9972459673881531,0.99970942735672
143,5.68,11,LEFT_SHOULDER,0.37270113825798035,0.44283607602119446,-0.08140581846237183,0.9999397993087769,0.9999136924743652
143,5.68,12,RIGHT_SHOULDER,0.4410400390625,0.4451610743999481,0.18668141961097717,0.9996785521507263,0.9987865090370178
143,5.68,13,LEFT_ELBOW,0.35947301983833313,0.4751022458076477,-0.15281935036182404,0.9835618734359741,0.9995217323303223
143,5.68,14,RIGHT_ELBOW,0.46662113070487976,0.47899410128593445,0.25625962018966675,0.7517392635345459,0.996336817741394
143,5.68,15,LEFT_WRIST,0.3268517255783081,0.5099221467971802,-0.14718370139598846,0.8697128295898438,0.9981034994125366
143,5.68,16,RIGHT_WRIST,0.45986542105674744,0.506558358669281,0.3188529312610626,0.6097115278244019,0.9938410520553589
143,5.68,17,LEFT_PINKY,0.3178750276565552,0.5176858901977539,-0.1708337962627411,0.8039543628692627,0.9968949556350708
143,5.68,18,RIGHT_PINKY,0.4593401849269867,0.5135459303855896,0.33804500102996826,0.571643590927124,0.9922303557395935
143,5.68,19,LEFT_INDEX,0.3167262077331543,0.5167701244354248,-0.15614740550518036,0.8041738867759705,0.9967542290687561
143,5.68,20,RIGHT_INDEX,0.4532461166381836,0.5149248242378235,0.322265088558197,0.5506880879402161,0.9922084808349609
143,5.68,21,LEFT_THUMB,0.31880679726600647,0.5148634314537048,-0.1398829072713852,0.7664304375648499,0.9973092079162598
143,5.68,22,RIGHT_THUMB,0.4529387652873993,0.5116026997566223,0.31358155608177185,0.5140795707702637,0.9930458664894104
143,5.68,23,LEFT_HIP,0.4091370701789856,0.519906759262085,-0.086209237575531,0.9998230934143066,0.9993805885314941
143,5.68,24,RIGHT_HIP,0.4533079266548157,0.5179502367973328,0.08593054860830307,0.9993647336959839,0.9984538555145264
143,5.68,25,LEFT_KNEE,0.3602463901042938,0.564048707485199,-0.06038646772503853,0.9796411991119385,0.9966661334037781
143,5.68,26,RIGHT_KNEE,0.44841301441192627,0.5672813653945923,0.13312584161758423,0.7946820259094238,0.9936240911483765
143,5.68,27,LEFT_ANKLE,0.36286649107933044,0.6202310919761658,-0.017332611605525017,0.9796251654624939,0.9912723898887634
143,5.68,28,RIGHT_ANKLE,0.49801281094551086,0.6189979910850525,0.15000765025615692,0.8833279609680176,0.9867628216743469
143,5.68,29,LEFT_HEEL,0.37487274408340454,0.6296539902687073,-0.010559499263763428,0.9826998114585876,0.9899932742118835
143,5.68,30,RIGHT_HEEL,0.5026378631591797,0.6250125169754028,0.15374045073986053,0.9020336270332336,0.980842113494873
143,5.68,31,LEFT_FOOT_INDEX,0.3170977830886841,0.6315196752548218,-0.027691248804330826,0.9500336050987244,0.9818997383117676
143,5.68,32,RIGHT_FOOT_INDEX,0.4832397401332855,0.6336780190467834,0.13508427143096924,0.805676281452179,0.9772387742996216
144,5.72,0,NOSE,0.3588697016239166,0.43581828474998474,0.2098056674003601,0.998783528804779,0.9998331069946289
144,5.72,1,LEFT_EYE_INNER,0.3577636778354645,0.4314108192920685,0.17776642739772797,0.9987074732780457,0.9997339844703674
144,5.72,2,LEFT_EYE,0.3571576178073883,0.43125849962234497,0.1777035892009735,0.9987261891365051,0.9997614026069641
144,5.72,3,LEFT_EYE_OUTER,0.35660719871520996,0.43114522099494934,0.17764563858509064,0.9987014532089233,0.9997592568397522
144,5.72,4,RIGHT_EYE_INNER,0.3612430989742279,0.43106821179389954,0.20339912176132202,0.9985826015472412,0.9997013211250305
144,5.72,5,RIGHT_EYE,0.36313173174858093,0.4306272864341736,0.20343002676963806,0.9984790086746216,0.9996676445007324
144,5.72,6,RIGHT_EYE_OUTER,0.36525073647499084,0.43014100193977356,0.20332616567611694,0.998379647731781,0.9995928406715393
144,5.72,7,LEFT_EAR,0.36151304841041565,0.4312343895435333,0.0599580816924572,0.9988366365432739,0.9998698234558105
144,5.72,8,RIGHT_EAR,0.3736729025840759,0.4293906092643738,0.17618995904922485,0.9977586269378662,0.9995971322059631
144,5.72,9,MOUTH_LEFT,0.3606351613998413,0.43908193707466125,0.1712828278541565,0.9977738261222839,0.9998074173927307
144,5.72,10,MOUTH_RIGHT,0.36451980471611023,0.4386448264122009,0.20476217567920685,0.9969644546508789,0.999713122844696
144,5.72,11,LEFT_SHOULDER,0.36330172419548035,0.4475696384906769,-0.07004023343324661,0.9999444484710693,0.9999349117279053
144,5.72,12,RIGHT_SHOULDER,0.4308583438396454,0.4493681490421295,0.2052600383758545,0.9995938539505005,0.9990832805633545
144,5.72,13,LEFT_ELBOW,0.3461405038833618,0.4795914590358734,-0.13335199654102325,0.9849870204925537,0.9994819760322571
144,5.72,14,RIGHT_ELBOW,0.46101072430610657,0.48114439845085144,0.2521840035915375,0.7237820625305176,0.9956799745559692
144,5.72,15,LEFT_WRIST,0.30865970253944397,0.5118684768676758,-0.1127990260720253,0.8814122676849365,0.9975494742393494
144,5.72,16,RIGHT_WRIST,0.4605090916156769,0.5089653730392456,0.2877982556819916,0.5601861476898193,0.989254355430603
144,5.72,17,LEFT_PINKY,0.30148056149482727,0.518475353717804,-0.1314508020877838,0.8208449482917786,0.9961081147193909
144,5.72,18,RIGHT_PINKY,0.46031513810157776,0.5171780586242676,0.3039851784706116,0.5249195694923401,0.9856334328651428
144,5.72,19,LEFT_INDEX,0.30010128021240234,0.5179484486579895,-0.11734038591384888,0.8208224177360535,0.9960045218467712
144,5.72,20,RIGHT_INDEX,0.45512446761131287,0.5166252851486206,0.2908176779747009,0.5051432847976685,0.9854863882064819
144,5.72,21,LEFT_THUMB,0.3034326434135437,0.5161059498786926,-0.10516750812530518,0.7837308645248413,0.9966315627098083
144,5.72,22,RIGHT_THUMB,0.45333296060562134,0.5120736360549927,0.2823176085948944,0.47268998622894287,0.9872242212295532
144,5.72,23,LEFT_HIP,0.4015997052192688,0.5232803225517273,-0.08617265522480011,0.9997934699058533,0.9997561573982239
144,5.72,24,RIGHT_HIP,0.44497808814048767,0.5213457942008972,0.08590105921030045,0.9991071224212646,0.998918890953064
144,5.72,25,LEFT_KNEE,0.3492558002471924,0.5659667253494263,-0.08098389953374863,0.9806492924690247,0.9989029169082642
144,5.72,26,RIGHT_KNEE,0.4380584955215454,0.5701415538787842,0.1344258189201355,0.8039935827255249,0.9957683086395264
144,5.72,27,LEFT_ANKLE,0.33622080087661743,0.6270219683647156,-0.0585702583193779,0.9801611304283142,0.9933428168296814
144,5.72,28,RIGHT_ANKLE,0.4866117238998413,0.6165069341659546,0.17421846091747284,0.880703330039978,0.9901858568191528
144,5.72,29,LEFT_HEEL,0.34721729159355164,0.6366466879844666,-0.05620099976658821,0.9816921353340149,0.9915626645088196
144,5.72,30,RIGHT_HEEL,0.49635201692581177,0.6209751963615417,0.17852836847305298,0.8996273875236511,0.9863601922988892
144,5.72,31,LEFT_FOOT_INDEX,0.29208311438560486,0.6344864368438721,-0.0891721099615097,0.9487313032150269,0.9856618046760559
144,5.72,32,RIGHT_FOOT_INDEX,0.47843509912490845,0.6296471357345581,0.15822498500347137,0.7852070927619934,0.9862688183784485
145,5.76,0,NOSE,0.34189707040786743,0.44317781925201416,0.22972556948661804,0.998875081539154,0.9999914169311523
145,5.76,1,LEFT_EYE_INNER,0.3391111195087433,0.4384903311729431,0.19828082621097565,0.9988136887550354,0.9999808073043823
145,5.76,2,LEFT_EYE,0.3381870687007904,0.4383584260940552,0.1982385218143463,0.998831570148468,0.9999802112579346
145,5.76,3,LEFT_EYE_OUTER,0.33737868070602417,0.438275009393692,0.19821719825267792,0.9988110661506653,0.999976396560669
145,5.76,4,RIGHT_EYE_INNER,0.3434760570526123,0.43795523047447205,0.22206106781959534,0.9986975193023682,0.9999837875366211
145,5.76,5,RIGHT_EYE,0.34549686312675476,0.43741700053215027,0.22209998965263367,0.9985992312431335,0.9999823570251465
145,5.76,6,RIGHT_EYE_OUTER,0.347852498292923,0.4368506371974945,0.2220294177532196,0.9985116124153137,0.9999786615371704
145,5.76,7,LEFT_EAR,0.3415883779525757,0.43802639842033386,0.08010517060756683,0.998923122882843,0.9999784231185913
145,5.76,8,RIGHT_EAR,0.35654985904693604,0.43565788865089417,0.18698814511299133,0.9979187250137329,0.9999749660491943
145,5.76,9,MOUTH_LEFT,0.34388959407806396,0.4464575946331024,0.1908566802740097,0.9979407787322998,0.9999785423278809
145,5.76,10,MOUTH_RIGHT,0.34843066334724426,0.4456086754798889,0.22203217446804047,0.9971712231636047,0.9999790191650391
145,5.76,11,LEFT_SHOULDER,0.3461538553237915,0.4544467329978943,-0.04954344406723976,0.9999489188194275,0.999946117401123
145,5.76,12,RIGHT_SHOULDER,0.4163057208061218,0.45442721247673035,0.20449881255626678,0.9996126294136047,0.9999150037765503
145,5.76,13,LEFT_ELBOW,0.31987443566322327,0.4851619005203247,-0.15395866334438324,0.9863061308860779,0.999711811542511
145,5.76,14,RIGHT_ELBOW,0.45123279094696045,0.4872056543827057,0.24194036424160004,0.7349286675453186,0.9996614456176758
145,5.76,15,LEFT_WRIST,0.280477374792099,0.5114932656288147,-0.19488291442394257,0.8925628662109375,0.9994677901268005
145,5.76,16,RIGHT_WRIST,0.4548202455043793,0.5187025666236877,0.1684529185295105,0.5665101408958435,0.9992967844009399
145,5.76,17,LEFT_PINKY,0.27076202630996704,0.5168049931526184,-0.22554737329483032,0.8372641205787659,0.9992496371269226
145,5.76,18,RIGHT_PINKY,0.4585801064968109,0.5265719294548035,0.17021220922470093,0.5276497602462769,0.998740017414093
145,5.76,19,LEFT_INDEX,0.2665419280529022,0.5161718726158142,-0.20574162900447845,0.8371289372444153,0.9992744326591492
145,5.76,20,RIGHT_INDEX,0.4544624388217926,0.526720404624939,0.1535726636648178,0.5073060989379883,0.9987273812294006
145,5.76,21,LEFT_THUMB,0.2711641788482666,0.514620304107666,-0.18678420782089233,0.80197674036026,0.9993836879730225
145,5.76,22,RIGHT_THUMB,0.4514978229999542,0.5243473649024963,0.1599782407283783,0.47459086775779724,0.9990015625953674
145,5.76,23,LEFT_HIP,0.3847433030605316,0.5274741053581238,-0.08972585201263428,0.9997825622558594,0.9999135732650757
145,5.76,24,RIGHT_HIP,0.42952319979667664,0.5260156393051147,0.0894722193479538,0.9990677833557129,0.999858021736145
145,5.76,25,LEFT_KNEE,0.33133041858673096,0.5693206787109375,-0.07365737855434418,0.9817683100700378,0.9996293783187866
145,5.76,26,RIGHT_KNEE,0.41312626004219055,0.5735258460044861,0.11199028044939041,0.8169771432876587,0.9996446371078491
145,5.76,27,LEFT_ANKLE,0.31911954283714294,0.6304598450660706,-0.06804355978965759,0.9817137718200684,0.9994181394577026
145,5.76,28,RIGHT_ANKLE,0.470248818397522,0.6160799264907837,0.0736573338508606,0.8894258141517639,0.9995902180671692
145,5.76,29,LEFT_HEEL,0.32806554436683655,0.6399688720703125,-0.06094029173254967,0.9828237295150757,0.9993453621864319
145,5.76,30,RIGHT_HEEL,0.4798450469970703,0.6202132105827332,0.06939633190631866,0.9069129824638367,0.9992942810058594
145,5.76,31,LEFT_FOOT_INDEX,0.28096896409988403,0.6370900273323059,-0.1306646317243576,0.9526723623275757,0.9985464215278625
145,5.76,32,RIGHT_FOOT_INDEX,0.4749464690685272,0.6337963342666626,0.029129067435860634,0.7987990379333496,0.9986794590950012
146,5.8,0,NOSE,0.33075281977653503,0.44702258706092834,0.2211872786283493,0.9989662766456604,0.9999916553497314
146,5.8,1,LEFT_EYE_INNER,0.3280858099460602,0.44271519780158997,0.19037196040153503,0.9989194869995117,0.9999827146530151
146,5.8,2,LEFT_EYE,0.3272426724433899,0.44258201122283936,0.19033196568489075,0.9989349842071533,0.9999821186065674
146,5.8,3,LEFT_EYE_OUTER,0.3264820873737335,0.4424634575843811,0.1903027594089508,0.9989187717437744,0.9999778270721436
146,5.8,4,RIGHT_EYE_INNER,0.33186036348342896,0.4422704875469208,0.21488597989082336,0.9988130927085876,0.9999878406524658
146,5.8,5,RIGHT_EYE,0.3337288796901703,0.44175615906715393,0.2149292230606079,0.9987204074859619,0.9999877214431763
146,5.8,6,RIGHT_EYE_OUTER,0.33580419421195984,0.44124066829681396,0.2148754894733429,0.9986454844474792,0.9999861717224121
146,5.8,7,LEFT_EAR,0.3309755325317383,0.4420751929283142,0.07813416421413422,0.9990134835243225,0.9999792575836182
146,5.8,8,RIGHT_EAR,0.34452226758003235,0.44001108407974243,0.19339080154895782,0.9980905652046204,0.9999874830245972
146,5.8,9,MOUTH_LEFT,0.3328719139099121,0.4499407708644867,0.1835622787475586,0.9981065392494202,0.9999810457229614
146,5.8,10,MOUTH_RIGHT,0.33687251806259155,0.44939985871315,0.21572156250476837,0.99739009141922,0.9999845027923584
146,5.8,11,LEFT_SHOULDER,0.3381718099117279,0.4583676755428314,-0.04650867357850075,0.9999527335166931,0.99991774559021
146,5.8,12,RIGHT_SHOULDER,0.40750652551651,0.45816314220428467,0.2150627076625824,0.9996408224105835,0.9999688863754272
146,5.8,13,LEFT_ELBOW,0.312150239944458,0.48771244287490845,-0.17820852994918823,0.9873394966125488,0.9994775652885437
146,5.8,14,RIGHT_ELBOW,0.44651904702186584,0.48859402537345886,0.2293788492679596,0.7501657605171204,0.9998123049736023
146,5.8,15,LEFT_WRIST,0.2665877640247345,0.5103002190589905,-0.23775416612625122,0.9021192193031311,0.9991036057472229
146,5.8,16,RIGHT_WRIST,0.4512115716934204,0.522549569606781,0.18598228693008423,0.5879660844802856,0.9995187520980835
146,5.8,17,LEFT_PINKY,0.2582874000072479,0.5148485898971558,-0.26718297600746155,0.8512316346168518,0.998924195766449
146,5.8,18,RIGHT_PINKY,0.45717647671699524,0.5301370024681091,0.19676974415779114,0.5474592447280884,0.9990885257720947
146,5.8,19,LEFT_INDEX,0.25475895404815674,0.51370769739151,-0.24630248546600342,0.8509088754653931,0.9989493489265442
146,5.8,20,RIGHT_INDEX,0.45122113823890686,0.5303767323493958,0.18105138838291168,0.527039110660553,0.999062716960907
146,5.8,21,LEFT_THUMB,0.2578912675380707,0.5123138427734375,-0.22925908863544464,0.8164321780204773,0.9990882873535156
146,5.8,22,RIGHT_THUMB,0.4481276869773865,0.5281768441200256,0.17944377660751343,0.4924415946006775,0.999289870262146
146,5.8,23,LEFT_HIP,0.37823182344436646,0.5280858874320984,-0.09296475350856781,0.9997782707214355,0.9999414682388306
146,5.8,24,RIGHT_HIP,0.4198390245437622,0.527025580406189,0.09270016103982925,0.999075710773468,0.9999345541000366
146,5.8,25,LEFT_KNEE,0.32475143671035767,0.5727267861366272,-0.07325296103954315,0.9826192259788513,0.9996417760848999
146,5.8,26,RIGHT_KNEE,0.40094858407974243,0.5749212503433228,0.07394712418317795,0.8274080753326416,0.9997962117195129
146,5.8,27,LEFT_ANKLE,0.3153388500213623,0.6317172646522522,-0.0927647203207016,0.9830349087715149,0.999692440032959
146,5.8,28,RIGHT_ANKLE,0.4564458131790161,0.6146887540817261,0.0028555283788591623,0.8970258831977844,0.9997729659080505
146,5.8,29,LEFT_HEEL,0.326669305562973,0.6417725086212158,-0.0961865484714508,0.9837369322776794,0.999664306640625
146,5.8,30,RIGHT_HEEL,0.46679195761680603,0.6174818277359009,-0.005177563987672329,0.9123138785362244,0.9995989203453064
146,5.8,31,LEFT_FOOT_INDEX,0.2808728814125061,0.6387454271316528,-0.16039900481700897,0.9564635157585144,0.999330997467041
146,5.8,32,RIGHT_FOOT_INDEX,0.46465709805488586,0.6352777481079102,-0.05902455747127533,0.8128108382225037,0.9992614388465881
147,5.84,0,NOSE,0.3178033232688904,0.4496060013771057,0.16555741429328918,0.9990192651748657,0.9999622106552124
147,5.84,1,LEFT_EYE_INNER,0.31490689516067505,0.44568076729774475,0.1344461441040039,0.9989746809005737,0.9999315738677979
147,5.84,2,LEFT_EYE,0.31393855810165405,0.4456385374069214,0.1344023197889328,0.998991847038269,0.9999277591705322
147,5.84,3,LEFT_EYE_OUTER,0.31309279799461365,0.4456273913383484,0.13436377048492432,0.9989785552024841,0.9999148845672607
147,5.84,4,RIGHT_EYE_INNER,0.31895557045936584,0.4450298845767975,0.15533044934272766,0.9988841414451599,0.9999523162841797
147,5.84,5,RIGHT_EYE,0.32077500224113464,0.4445263147354126,0.15538622438907623,0.9987978935241699,0.9999535083770752
147,5.84,6,RIGHT_EYE_OUTER,0.3230004906654358,0.44399431347846985,0.155314102768898,0.9987282156944275,0.9999499320983887
147,5.84,7,LEFT_EAR,0.31593358516693115,0.44598203897476196,0.02354022115468979,0.9990588426589966,0.9999207258224487
147,5.84,8,RIGHT_EAR,0.33135128021240234,0.443493515253067,0.11997143924236298,0.9981778860092163,0.99994957447052
147,5.84,9,MOUTH_LEFT,0.3196417987346649,0.452844500541687,0.1295214295387268,0.9982184767723083,0.99992835521698
147,5.84,10,MOUTH_RIGHT,0.3236132860183716,0.45210525393486023,0.15727326273918152,0.9975283145904541,0.9999440908432007
147,5.84,11,LEFT_SHOULDER,0.3186708986759186,0.4644254446029663,-0.07293064892292023,0.9999557137489319,0.9998579025268555
147,5.84,12,RIGHT_SHOULDER,0.38878631591796875,0.46040618419647217,0.13160577416419983,0.9996607303619385,0.9999364614486694
147,5.84,13,LEFT_ELBOW,0.2877299189567566,0.49500036239624023,-0.16074524819850922,0.9884705543518066,0.9994773268699646
147,5.84,14,RIGHT_ELBOW,0.43063655495643616,0.4881802499294281,0.1499844491481781,0.7713764309883118,0.9997976422309875
147,5.84,15,LEFT_WRIST,0.24286030232906342,0.5073237419128418,-0.18285876512527466,0.911328911781311,0.9994722008705139
147,5.84,16,RIGHT_WRIST,0.44339290261268616,0.523154079914093,0.12441065907478333,0.6212282776832581,0.999573290348053
147,5.84,17,LEFT_PINKY,0.22842533886432648,0.5080952048301697,-0.20565222203731537,0.8648363351821899,0.9993932247161865
147,5.84,18,RIGHT_PINKY,0.44949331879615784,0.5307594537734985,0.12628351151943207,0.5793441534042358,0.9992856383323669
147,5.84,19,LEFT_INDEX,0.22867856919765472,0.5045951008796692,-0.18949483335018158,0.8644488453865051,0.9993748068809509
147,5.84,20,RIGHT_INDEX,0.44375988841056824,0.530860424041748,0.11593489348888397,0.5592183470726013,0.9992606043815613
147,5.84,21,LEFT_THUMB,0.23495741188526154,0.5043162107467651,-0.17510010302066803,0.8317108750343323,0.9994503855705261
147,5.84,22,RIGHT_THUMB,0.44085514545440674,0.5288458466529846,0.11980047076940536,0.5245400667190552,0.9993898868560791
147,5.84,23,LEFT_HIP,0.3610406816005707,0.5316105484962463,-0.09154537320137024,0.9997796416282654,0.999895453453064
147,5.84,24,RIGHT_HIP,0.4021575450897217,0.529487133026123,0.0912787988781929,0.999028742313385,0.9998582601547241
147,5.84,25,LEFT_KNEE,0.31632179021835327,0.5764698386192322,-0.05667678266763687,0.9840764403343201,0.9998428821563721
147,5.84,26,RIGHT_KNEE,0.38053974509239197,0.5743892192840576,0.19227556884288788,0.8301084041595459,0.9996165037155151
147,5.84,27,LEFT_ANKLE,0.31972041726112366,0.6325415968894958,-0.047842204570770264,0.9842913746833801,0.9995025396347046
147,5.84,28,RIGHT_ANKLE,0.4149860143661499,0.6130107641220093,0.23526152968406677,0.8998899459838867,0.999724805355072
147,5.84,29,LEFT_HEEL,0.3308466970920563,0.641028642654419,-0.04828409105539322,0.9842390418052673,0.9993677735328674
147,5.84,30,RIGHT_HEEL,0.4264967441558838,0.6179789900779724,0.23907020688056946,0.9140276312828064,0.9995793700218201
147,5.84,31,LEFT_FOOT_INDEX,0.2800884246826172,0.6395120024681091,-0.10123077034950256,0.9596250653266907,0.9986899495124817
147,5.84,32,RIGHT_FOOT_INDEX,0.3941195011138916,0.6311185359954834,0.2119569331407547,0.8195145726203918,0.9993556141853333
148,5.88,0,NOSE,0.31238213181495667,0.4503212869167328,0.1986428052186966,0.9991015791893005,0.9999927282333374
148,5.88,1,LEFT_EYE_INNER,0.3099793791770935,0.44648250937461853,0.16749651730060577,0.9990578293800354,0.9999847412109375
148,5.88,2,LEFT_EYE,0.3087036609649658,0.4465198516845703,0.16749204695224762,0.9990744590759277,0.9999836683273315
148,5.88,3,LEFT_EYE_OUTER,0.3073996901512146,0.4466298222541809,0.1674782633781433,0.9990621209144592,0.9999798536300659
148,5.88,4,RIGHT_EYE_INNER,0.3143395781517029,0.4457284212112427,0.17824140191078186,0.9989800453186035,0.9999890327453613
148,5.88,5,RIGHT_EYE,0.3163191080093384,0.4451669454574585,0.17832893133163452,0.9989017844200134,0.9999892711639404
148,5.88,6,RIGHT_EYE_OUTER,0.31872639060020447,0.4445737898349762,0.17824560403823853,0.9988373517990112,0.9999876022338867
148,5.88,7,LEFT_EAR,0.3086531162261963,0.44770511984825134,0.06080023571848869,0.9991324543952942,0.9999802112579346
148,5.88,8,RIGHT_EAR,0.3265484869480133,0.44443970918655396,0.13540726900100708,0.9983330368995667,0.9999896287918091
148,5.88,9,MOUTH_LEFT,0.3124743402004242,0.45368945598602295,0.16563542187213898,0.9983699917793274,0.9999880790710449
148,5.88,10,MOUTH_RIGHT,0.31715673208236694,0.45302852988243103,0.181357279419899,0.9977399110794067,0.9999916553497314
148,5.88,11,LEFT_SHOULDER,0.3099270761013031,0.4676055610179901,-0.02882840298116207,0.9999589323997498,0.9999295473098755
148,5.88,12,RIGHT_SHOULDER,0.37829992175102234,0.4619639813899994,0.13830579817295074,0.9996891021728516,0.9999781847000122
148,5.88,13,LEFT_ELBOW,0.27673351764678955,0.49769896268844604,-0.15109193325042725,0.9894043207168579,0.9992125034332275
148,5.88,14,RIGHT_ELBOW,0.4251227378845215,0.48768022656440735,0.13347689807415009,0.7925652265548706,0.999896764755249
148,5.88,15,LEFT_WRIST,0.23638612031936646,0.5022200345993042,-0.2181278020143509,0.9187890291213989,0.9993937015533447
148,5.88,16,RIGHT_WRIST,0.4394274353981018,0.5219748616218567,0.0958651751279831,0.6545650362968445,0.9998522996902466
148,5.88,17,LEFT_PINKY,0.22269071638584137,0.5028213858604431,-0.24595127999782562,0.8756178021430969,0.9994383454322815
148,5.88,18,RIGHT_PINKY,0.44662541151046753,0.5301674008369446,0.09472205489873886,0.6129521131515503,0.9997468590736389
148,5.88,19,LEFT_INDEX,0.2236558496952057,0.49832573533058167,-0.2284926027059555,0.875106155872345,0.9993937015533447
148,5.88,20,RIGHT_INDEX,0.4400457739830017,0.5300947427749634,0.0886688157916069,0.5931427478790283,0.9997250437736511
148,5.88,21,LEFT_THUMB,0.23017407953739166,0.497681587934494,-0.21183446049690247,0.8428234457969666,0.999437153339386
148,5.88,22,RIGHT_THUMB,0.43603527545928955,0.5279295444488525,0.09356299787759781,0.5586012005805969,0.9997829794883728
148,5.88,23,LEFT_HIP,0.35503676533699036,0.5337029099464417,-0.0824463814496994,0.9997974038124084,0.9999666213989258
148,5.88,24,RIGHT_HIP,0.3946172893047333,0.530756413936615,0.08218703418970108,0.9990827441215515,0.9999446868896484
148,5.88,25,LEFT_KNEE,0.31241297721862793,0.5795993804931641,-0.034510597586631775,0.9854332208633423,0.9999403953552246
148,5.88,26,RIGHT_KNEE,0.3726731538772583,0.5740821361541748,0.2360142320394516,0.8300591707229614,0.9998202919960022
148,5.88,27,LEFT_ANKLE,0.32089000940322876,0.6316000819206238,-0.037556130439043045,0.9853450655937195,0.9997351765632629
148,5.88,28,RIGHT_ANKLE,0.3964432179927826,0.6109434366226196,0.2964830994606018,0.9001602530479431,0.999842643737793
148,5.88,29,LEFT_HEEL,0.3312318027019501,0.6400659680366516,-0.0388638861477375,0.9845083951950073,0.9996209144592285
148,5.88,30,RIGHT_HEEL,0.4051380157470703,0.6163271069526672,0.3023031949996948,0.9125798344612122,0.9997692704200745
148,5.88,31,LEFT_FOOT_INDEX,0.2829395532608032,0.6393187642097473,-0.08752722293138504,0.9622981548309326,0.9993269443511963
148,5.88,32,RIGHT_FOOT_INDEX,0.36711519956588745,0.6244565844535828,0.2805512547492981,0.8236141204833984,0.9997298121452332
149,5.92,0,NOSE,0.3012414574623108,0.45090237259864807,0.22297455370426178,0.9991572499275208,0.9999938011169434
149,5.92,1,LEFT_EYE_INNER,0.2994305491447449,0.44683849811553955,0.19412268698215485,0.9990968704223633,0.9999887943267822
149,5.92,2,LEFT_EYE,0.29842808842658997,0.44681045413017273,0.19413086771965027,0.9991127848625183,0.9999868869781494
149,5.92,3,LEFT_EYE_OUTER,0.2970905601978302,0.4468971788883209,0.1941136121749878,0.9990991950035095,0.9999828338623047
149,5.92,4,RIGHT_EYE_INNER,0.3032068908214569,0.44613415002822876,0.2045949250459671,0.9990512728691101,0.999993085861206
149,5.92,5,RIGHT_EYE,0.30505818128585815,0.4455409646034241,0.20462076365947723,0.9989813566207886,0.9999935626983643
149,5.92,6,RIGHT_EYE_OUTER,0.3069850206375122,0.4449910521507263,0.20451855659484863,0.9989213347434998,0.999993085861206
149,5.92,7,LEFT_EAR,0.29945021867752075,0.44760721921920776,0.09029071033000946,0.9991549253463745,0.9999812841415405
149,5.92,8,RIGHT_EAR,0.31473055481910706,0.44481781125068665,0.13603681325912476,0.9984480142593384,0.9999939203262329
149,5.92,9,MOUTH_LEFT,0.30190524458885193,0.45428764820098877,0.18990790843963623,0.9984593987464905,0.9999845027923584
149,5.92,10,MOUTH_RIGHT,0.3058023452758789,0.4536508619785309,0.20408935844898224,0.9978910088539124,0.999990701675415
149,5.92,11,LEFT_SHOULDER,0.29817312955856323,0.4673745930194855,0.0061461529694497585,0.9999604821205139,0.9999351501464844
149,5.92,12,RIGHT_SHOULDER,0.3694723844528198,0.46180981397628784,0.1314019411802292,0.9997121691703796,0.9999856948852539
149,5.92,13,LEFT_ELBOW,0.2668561637401581,0.4981633722782135,-0.02296326868236065,0.9885304570198059,0.9993799924850464
149,5.92,14,RIGHT_ELBOW,0.41558581590652466,0.4862019419670105,0.13045407831668854,0.8121441006660461,0.9999356269836426
149,5.92,15,LEFT_WRIST,0.23702698945999146,0.49951988458633423,-0.006543322000652552,0.9072818160057068,0.9990401864051819
149,5.92,16,RIGHT_WRIST,0.42805126309394836,0.5180801153182983,0.11453595757484436,0.683439314365387,0.9998990297317505
149,5.92,17,LEFT_PINKY,0.22778266668319702,0.4995983839035034,-0.01907336339354515,0.8597559332847595,0.9990911483764648
149,5.92,18,RIGHT_PINKY,0.43629539012908936,0.5269719362258911,0.1117311641573906,0.6404504179954529,0.9998400211334229
149,5.92,19,LEFT_INDEX,0.2287905067205429,0.49553099274635315,-0.010050123557448387,0.8583751916885376,0.9990070462226868
149,5.92,20,RIGHT_INDEX,0.4295242130756378,0.5272047519683838,0.10738692432641983,0.6210682392120361,0.99981290102005
149,5.92,21,LEFT_THUMB,0.23351003229618073,0.4951793849468231,-0.0017638466088101268,0.8212030529975891,0.9990284442901611
149,5.92,22,RIGHT_THUMB,0.4251360595226288,0.5251267552375793,0.11318022757768631,0.5851801037788391,0.9998629093170166
149,5.92,23,LEFT_HIP,0.3439483344554901,0.5341778993606567,-0.08009736239910126,0.9998165965080261,0.9999961853027344
149,5.92,24,RIGHT_HIP,0.384435772895813,0.5306332111358643,0.07988165318965912,0.9991504549980164,0.9999908208847046
149,5.92,25,LEFT_KNEE,0.3104017972946167,0.5811229348182678,-0.09952551871538162,0.9866269826889038,0.9999891519546509
149,5.92,26,RIGHT_KNEE,0.3530154228210449,0.5681732296943665,0.27363455295562744,0.7952565550804138,0.9998843669891357
149,5.92,27,LEFT_ANKLE,0.32191771268844604,0.6327984929084778,-0.15039776265621185,0.9863235354423523,0.9998818635940552
149,5.92,28,RIGHT_ANKLE,0.35925745964050293,0.6093148589134216,0.39887407422065735,0.8780413269996643,0.9999144077301025
149,5.92,29,LEFT_HEEL,0.333139568567276,0.640981137752533,-0.15597546100616455,0.9851954579353333,0.999790370464325
149,5.92,30,RIGHT_HEEL,0.3671850562095642,0.61700040102005,0.41060808300971985,0.8986434936523438,0.9999022483825684
149,5.92,31,LEFT_FOOT_INDEX,0.2796647250652313,0.6412473917007446,-0.21724878251552582,0.964532196521759,0.9995520710945129
149,5.92,32,RIGHT_FOOT_INDEX,0.3308469355106354,0.6167856454849243,0.3964669406414032,0.805709958076477,0.999915361404419
150,5.96,0,NOSE,0.29958099126815796,0.4498150050640106,0.2511466145515442,0.9991854429244995,0.9999827146530151
150,5.96,1,LEFT_EYE_INNER,0.2969307005405426,0.445939838886261,0.22192156314849854,0.999097466468811,0.9999674558639526
150,5.96,2,LEFT_EYE,0.2955845296382904,0.4459317922592163,0.22192096710205078,0.9991133809089661,0.9999616146087646
150,5.96,3,LEFT_EYE_OUTER,0.293923020362854,0.446039080619812,0.2218959778547287,0.9990919828414917,0.9999493360519409
150,5.96,4,RIGHT_EYE_INNER,0.3013209402561188,0.4451899230480194,0.23351675271987915,0.9990978837013245,0.9999810457229614
150,5.96,5,RIGHT_EYE,0.3031502068042755,0.4446112811565399,0.23353511095046997,0.9990411400794983,0.9999829530715942
150,5.96,6,RIGHT_EYE_OUTER,0.305222749710083,0.44407588243484497,0.23343642055988312,0.9989867806434631,0.9999821186065674
150,5.96,7,LEFT_EAR,0.2955528795719147,0.44673463702201843,0.11281538009643555,0.9991598725318909,0.9999477863311768
150,5.96,8,RIGHT_EAR,0.31344079971313477,0.4438757300376892,0.1630210429430008,0.9985442161560059,0.999985933303833
150,5.96,9,MOUTH_LEFT,0.2997223734855652,0.45305851101875305,0.21569810807704926,0.9984984397888184,0.9999533891677856
150,5.96,10,MOUTH_RIGHT,0.30449873208999634,0.4522761106491089,0.2306765913963318,0.9979983568191528,0.9999749660491943
150,5.96,11,LEFT_SHOULDER,0.28935930132865906,0.4665171205997467,0.034117572009563446,0.9999600052833557,0.9998251795768738
150,5.96,12,RIGHT_SHOULDER,0.36617305874824524,0.4613040089607239,0.14058227837085724,0.9997320175170898,0.9999772310256958
150,5.96,13,LEFT_ELBOW,0.2604016661643982,0.49768081307411194,0.05990397185087204,0.9869435429573059,0.9988071918487549
150,5.96,14,RIGHT_ELBOW,0.41143864393234253,0.4823836386203766,0.14477074146270752,0.8290720582008362,0.9999217987060547
150,5.96,15,LEFT_WRIST,0.23199200630187988,0.4978233277797699,0.1390114277601242,0.8993202447891235,0.9981452226638794
150,5.96,16,RIGHT_WRIST,0.4216173589229584,0.5143691301345825,0.13667938113212585,0.7080015540122986,0.9998615980148315
150,5.96,17,LEFT_PINKY,0.2216702252626419,0.49756747484207153,0.13721995055675507,0.8490781784057617,0.998267650604248
150,5.96,18,RIGHT_PINKY,0.4285886883735657,0.5236440300941467,0.13936913013458252,0.6643852591514587,0.9997748732566833
150,5.96,19,LEFT_INDEX,0.2229539006948471,0.49412214756011963,0.14593154191970825,0.846866250038147,0.9981291890144348
150,5.96,20,RIGHT_INDEX,0.4226929247379303,0.5236216187477112,0.1294781118631363,0.6451066136360168,0.9997379183769226
150,5.96,21,LEFT_THUMB,0.2297034114599228,0.4943378269672394,0.14556369185447693,0.8057714700698853,0.9981157779693604
150,5.96,22,RIGHT_THUMB,0.41906917095184326,0.5214938521385193,0.13138306140899658,0.6087577939033508,0.9998043179512024
150,5.96,23,LEFT_HIP,0.33797624707221985,0.5328391790390015,-0.07319844514131546,0.9998334646224976,0.9999909400939941
150,5.96,24,RIGHT_HIP,0.3793700337409973,0.5296012759208679,0.07307613641023636,0.9992162585258484,0.9999872446060181
150,5.96,25,LEFT_KNEE,0.3094898462295532,0.5809804201126099,-0.08954000473022461,0.9878301620483398,0.9999767541885376
150,5.96,26,RIGHT_KNEE,0.34905216097831726,0.5680577158927917,0.2320927083492279,0.7892995476722717,0.9998542070388794
150,5.96,27,LEFT_ANKLE,0.321341872215271,0.6319556832313538,-0.12006323039531708,0.9873149991035461,0.9998340606689453
150,5.96,28,RIGHT_ANKLE,0.34739404916763306,0.6096721887588501,0.3362348973751068,0.8757233023643494,0.9998348951339722
150,5.96,29,LEFT_HEEL,0.3298495411872864,0.6399140954017639,-0.12382431328296661,0.9860298037528992,0.9997166991233826
150,5.96,30,RIGHT_HEEL,0.3529319763183594,0.6180646419525146,0.3457849621772766,0.8978328108787537,0.9998028874397278
150,5.96,31,LEFT_FOOT_INDEX,0.28271669149398804,0.6417597532272339,-0.17730537056922913,0.9663329124450684,0.9992738366127014
150,5.96,32,RIGHT_FOOT_INDEX,0.31780821084976196,0.6173083186149597,0.32736915349960327,0.8015559911727905,0.9997847676277161
151,6.0,0,NOSE,0.29894861578941345,0.4484584629535675,0.18093177676200867,0.9989398121833801,0.999954342842102
151,6.0,1,LEFT_EYE_INNER,0.2958483099937439,0.4443826675415039,0.15045176446437836,0.9988196492195129,0.9999141693115234
151,6.0,2,LEFT_EYE,0.29433414340019226,0.44435378909111023,0.1504054069519043,0.9988210201263428,0.9999058246612549
151,6.0,3,LEFT_EYE_OUTER,0.29263392090797424,0.4444229304790497,0.15036192536354065,0.9987969398498535,0.9998888969421387
151,6.0,4,RIGHT_EYE_INNER,0.30092889070510864,0.4436810314655304,0.16314831376075745,0.998858630657196,0.9999325275421143
151,6.0,5,RIGHT_EYE,0.30328601598739624,0.44311627745628357,0.16319699585437775,0.9987912774085999,0.99992835521698
151,6.0,6,RIGHT_EYE_OUTER,0.3055507242679596,0.44258055090904236,0.1631341427564621,0.9987086057662964,0.9999151229858398
151,6.0,7,LEFT_EAR,0.29415297508239746,0.4450272023677826,0.04236096516251564,0.9988613724708557,0.999890923500061
151,6.0,8,RIGHT_EAR,0.3131885230541229,0.44231319427490234,0.1019531637430191,0.9981439113616943,0.9999052286148071
151,6.0,9,MOUTH_LEFT,0.2986025810241699,0.4518372118473053,0.14687207341194153,0.9982669353485107,0.9999092817306519
151,6.0,10,MOUTH_RIGHT,0.3042195439338684,0.451201856136322,0.1639270931482315,0.9976633787155151,0.9999206066131592
151,6.0,11,LEFT_SHOULDER,0.2837061285972595,0.46464866399765015,-0.03702918067574501,0.9999607801437378,0.9999024868011475
151,6.0,12,RIGHT_SHOULDER,0.3621821701526642,0.46082812547683716,0.09732840210199356,0.9997185468673706,0.9998825788497925
151,6.0,13,LEFT_ELBOW,0.2620183527469635,0.4939875900745392,-0.0983477309346199,0.9876792430877686,0.9996185302734375
151,6.0,14,RIGHT_ELBOW,0.4036009609699249,0.4765205681324005,0.11195123940706253,0.8425225019454956,0.9997202754020691
151,6.0,15,LEFT_WRIST,0.23358382284641266,0.5054213404655457,-0.1453118920326233,0.9068582653999329,0.9987698197364807
151,6.0,16,RIGHT_WRIST,0.41097283363342285,0.5091637969017029,0.108458511531353,0.7267493009567261,0.9993637204170227
151,6.0,17,LEFT_PINKY,0.22260522842407227,0.50886470079422,-0.16997943818569183,0.8594360947608948,0.9986577033996582
151,6.0,18,RIGHT_PINKY,0.41788893938064575,0.51776522397995,0.10820351541042328,0.6801424622535706,0.9991826415061951
151,6.0,19,LEFT_INDEX,0.22028717398643494,0.5064230561256409,-0.15834645926952362,0.8572274446487427,0.9984866380691528
151,6.0,20,RIGHT_INDEX,0.4099760353565216,0.5182072520256042,0.09724388271570206,0.6603471636772156,0.9990121126174927
151,6.0,21,LEFT_THUMB,0.22643516957759857,0.5053050518035889,-0.14129260182380676,0.8160776495933533,0.9985145926475525
151,6.0,22,RIGHT_THUMB,0.4061945676803589,0.5160927176475525,0.10421737283468246,0.6235277056694031,0.9991043210029602
151,6.0,23,LEFT_HIP,0.32761022448539734,0.5288601517677307,-0.07456254959106445,0.999843955039978,0.9999678134918213
151,6.0,24,RIGHT_HIP,0.3689117431640625,0.5256330370903015,0.07437241077423096,0.9992219805717468,0.9999240636825562
151,6.0,25,LEFT_KNEE,0.311483770608902,0.5749873518943787,-0.036183908581733704,0.9885122776031494,0.999930739402771
151,6.0,26,RIGHT_KNEE,0.3369034230709076,0.5645110011100769,0.2139103263616562,0.770341157913208,0.999758780002594
151,6.0,27,LEFT_ANKLE,0.32097652554512024,0.6240657567977905,0.02437506429851055,0.9875327944755554,0.9996869564056396
151,6.0,28,RIGHT_ANKLE,0.3307223618030548,0.6086223721504211,0.32857686281204224,0.8646866679191589,0.9997753500938416
151,6.0,29,LEFT_HEEL,0.3314083516597748,0.6306775808334351,0.02928747609257698,0.9852967262268066,0.9995319843292236
151,6.0,30,RIGHT_HEEL,0.33365491032600403,0.6167414784431458,0.3398813307285309,0.8848578333854675,0.9996852874755859
151,6.0,31,LEFT_FOOT_INDEX,0.29080286622047424,0.6400511264801025,-0.020170042291283607,0.9668328762054443,0.9991151690483093
151,6.0,32,RIGHT_FOOT_INDEX,0.3012104034423828,0.6166310906410217,0.3121926188468933,0.7976750731468201,0.9996633529663086
152,6.04,0,NOSE,0.29619938135147095,0.4476746618747711,0.19145192205905914,0.9987465143203735,0.9999344348907471
152,6.04,1,LEFT_EYE_INNER,0.2934710681438446,0.4443354308605194,0.1615661233663559,0.9985301494598389,0.9998660087585449
152,6.04,2,LEFT_EYE,0.2920607924461365,0.4442703425884247,0.1615303009748459,0.9985111951828003,0.9998490810394287
152,6.04,3,LEFT_EYE_OUTER,0.2905845642089844,0.4442824721336365,0.16149219870567322,0.9984606504440308,0.9998171925544739
152,6.04,4,RIGHT_EYE_INNER,0.29848194122314453,0.4435361623764038,0.17641867697238922,0.9985650777816772,0.9998966455459595
152,6.04,5,RIGHT_EYE,0.30076730251312256,0.4429076313972473,0.17645671963691711,0.9985079765319824,0.9998879432678223
152,6.04,6,RIGHT_EYE_OUTER,0.3032703697681427,0.4423188865184784,0.1763928383588791,0.998421847820282,0.9998675584793091
152,6.04,7,LEFT_EAR,0.29177412390708923,0.4448170065879822,0.048750218003988266,0.9985002279281616,0.9998047947883606
152,6.04,8,RIGHT_EAR,0.3108978569507599,0.4420517683029175,0.12093066424131393,0.9976366758346558,0.9998273253440857
152,6.04,9,MOUTH_LEFT,0.2961091101169586,0.45073986053466797,0.15681888163089752,0.997822642326355,0.9997887015342712
152,6.04,10,MOUTH_RIGHT,0.30140355229377747,0.4503665566444397,0.17583075165748596,0.9971778392791748,0.9998238682746887
152,6.04,11,LEFT_SHOULDER,0.2812435030937195,0.4642636477947235,-0.03664695471525192,0.9999582767486572,0.9997051358222961
152,6.04,12,RIGHT_SHOULDER,0.3585429787635803,0.45879772305488586,0.11590453237295151,0.9997032284736633,0.9998075366020203
152,6.04,13,LEFT_ELBOW,0.2596137225627899,0.4890604615211487,-0.09533657133579254,0.9884557723999023,0.9994075298309326
152,6.04,14,RIGHT_ELBOW,0.3981304168701172,0.47566840052604675,0.12160928547382355,0.8547685146331787,0.9996877908706665
152,6.04,15,LEFT_WRIST,0.23399542272090912,0.5078555345535278,-0.11647456884384155,0.9133825898170471,0.9983458518981934
152,6.04,16,RIGHT_WRIST,0.40395915508270264,0.5082013607025146,0.1161951944231987,0.742725133895874,0.9993364214897156
152,6.04,17,LEFT_PINKY,0.2237192541360855,0.5130065083503723,-0.13648314774036407,0.867892324924469,0.9979621171951294
152,6.04,18,RIGHT_PINKY,0.4101250171661377,0.517140805721283,0.12043246626853943,0.6939462423324585,0.999022364616394
152,6.04,19,LEFT_INDEX,0.22342698276042938,0.5096391439437866,-0.12415770441293716,0.8657379746437073,0.9977124929428101
152,6.04,20,RIGHT_INDEX,0.40222102403640747,0.5172318816184998,0.10964762419462204,0.6739060282707214,0.9988358616828918
152,6.04,21,LEFT_THUMB,0.22919350862503052,0.508314847946167,-0.11078173667192459,0.8244531750679016,0.997913658618927
152,6.04,22,RIGHT_THUMB,0.39844244718551636,0.514970600605011,0.11229436099529266,0.6368646621704102,0.9989739656448364
152,6.04,23,LEFT_HIP,0.3191039264202118,0.5248944759368896,-0.07560833543539047,0.9998306632041931,0.9998192191123962
152,6.04,24,RIGHT_HIP,0.3617994785308838,0.521405041217804,0.07539716362953186,0.9991698861122131,0.9997695088386536
152,6.04,25,LEFT_KNEE,0.30947303771972656,0.5700368285179138,-0.03592385724186897,0.9881055355072021,0.9994004964828491
152,6.04,26,RIGHT_KNEE,0.3294382691383362,0.5652192831039429,0.14451898634433746,0.7490136027336121,0.999271810054779
152,6.04,27,LEFT_ANKLE,0.3178847134113312,0.6159345507621765,-0.02515910565853119,0.986775815486908,0.9991927742958069
152,6.04,28,RIGHT_ANKLE,0.3166985511779785,0.6102715134620667,0.14979586005210876,0.8590986132621765,0.9992170333862305
152,6.04,29,LEFT_HEEL,0.32698503136634827,0.6191193461418152,-0.025108398869633675,0.9845159649848938,0.9989545345306396
152,6.04,30,RIGHT_HEEL,0.317911833524704,0.6171006560325623,0.14872846007347107,0.8817893862724304,0.9986500144004822
152,6.04,31,LEFT_FOOT_INDEX,0.29414257407188416,0.6342253088951111,-0.06577928364276886,0.966410219669342,0.9981650710105896
152,6.04,32,RIGHT_FOOT_INDEX,0.2907296121120453,0.6182471513748169,0.10748154670000076,0.7966278791427612,0.9981541037559509
153,6.08,0,NOSE,0.2941252291202545,0.4458063244819641,0.2018013596534729,0.9987717270851135,0.999995231628418
153,6.08,1,LEFT_EYE_INNER,0.2912862300872803,0.44286125898361206,0.1782452017068863,0.9984911680221558,0.9999904632568359
153,6.08,2,LEFT_EYE,0.28979748487472534,0.4427609145641327,0.17819492518901825,0.9985017776489258,0.9999899864196777
153,6.08,3,LEFT_EYE_OUTER,0.28825315833091736,0.44275057315826416,0.17822162806987762,0.9984065890312195,0.9999881982803345
153,6.08,4,RIGHT_EYE_INNER,0.29663050174713135,0.44232267141342163,0.18817348778247833,0.9984638690948486,0.9999918937683105
153,6.08,5,RIGHT_EYE,0.29911699891090393,0.44178077578544617,0.1881704330444336,0.99842768907547,0.9999904632568359
153,6.08,6,RIGHT_EYE_OUTER,0.3016704320907593,0.44126173853874207,0.1881301999092102,0.9983004927635193,0.9999886751174927
153,6.08,7,LEFT_EAR,0.28897878527641296,0.443377822637558,0.07365741580724716,0.9984278678894043,0.9999916553497314
153,6.08,8,RIGHT_EAR,0.3087792992591858,0.44107377529144287,0.12680667638778687,0.9975629448890686,0.9999874830245972
153,6.08,9,MOUTH_LEFT,0.2936193346977234,0.4484790563583374,0.16693317890167236,0.9978577494621277,0.9999895095825195
153,6.08,10,MOUTH_RIGHT,0.2996671795845032,0.44829219579696655,0.17707255482673645,0.997203528881073,0.9999879598617554
153,6.08,11,LEFT_SHOULDER,0.27714839577674866,0.46006783843040466,0.000986704253591597,0.999959409236908,0.999984860420227
153,6.08,12,RIGHT_SHOULDER,0.3556422293186188,0.4578585922718048,0.1007569283246994,0.9997240304946899,0.9999728202819824
153,6.08,13,LEFT_ELBOW,0.2547289729118347,0.48140180110931396,-0.07981124520301819,0.9891181588172913,0.9999428987503052
153,6.08,14,RIGHT_ELBOW,0.3891771137714386,0.4767610728740692,0.08410070836544037,0.867314875125885,0.9998860359191895
153,6.08,15,LEFT_WRIST,0.23612995445728302,0.5086097717285156,-0.10833783447742462,0.9201740622520447,0.9997603297233582
153,6.08,16,RIGHT_WRIST,0.38790881633758545,0.5092305541038513,0.08202797919511795,0.7549055814743042,0.999796450138092
153,6.08,17,LEFT_PINKY,0.22752141952514648,0.5154098272323608,-0.12891508638858795,0.877347469329834,0.9996063113212585
153,6.08,18,RIGHT_PINKY,0.39244529604911804,0.5180942416191101,0.08584252744913101,0.7032374143600464,0.9996863603591919
153,6.08,19,LEFT_INDEX,0.22871935367584229,0.5143643021583557,-0.1137208566069603,0.875365674495697,0.9995514750480652
153,6.08,20,RIGHT_INDEX,0.3841215670108795,0.5180871486663818,0.08362989127635956,0.682911217212677,0.9996376037597656
153,6.08,21,LEFT_THUMB,0.23355691134929657,0.5118942856788635,-0.10298338532447815,0.8348296880722046,0.9996743202209473
153,6.08,22,RIGHT_THUMB,0.3802340626716614,0.515743613243103,0.08192568272352219,0.646625280380249,0.9996910095214844
153,6.08,23,LEFT_HIP,0.30815088748931885,0.5212706923484802,-0.04421931505203247,0.9998376369476318,0.9999889135360718
153,6.08,24,RIGHT_HIP,0.35041680932044983,0.5193829536437988,0.043806292116642,0.9992272853851318,0.9999805688858032
153,6.08,25,LEFT_KNEE,0.296830415725708,0.5632639527320862,-0.02650456689298153,0.9847004413604736,0.9997923970222473
153,6.08,26,RIGHT_KNEE,0.3233848214149475,0.5629597902297974,0.04945266991853714,0.7584210634231567,0.9998390674591064
153,6.08,27,LEFT_ANKLE,0.3091849088668823,0.6056520342826843,-0.2003493458032608,0.9858856201171875,0.9999071359634399
153,6.08,28,RIGHT_ANKLE,0.31311747431755066,0.6080392599105835,-0.14360006153583527,0.8677486181259155,0.9998877048492432
153,6.08,29,LEFT_HEEL,0.3146998882293701,0.6068004369735718,-0.2221929132938385,0.9850491285324097,0.9998828172683716
153,6.08,30,RIGHT_HEEL,0.3162519335746765,0.6119070053100586,-0.1662912219762802,0.8910627961158752,0.9997822642326355
153,6.08,31,LEFT_FOOT_INDEX,0.298997163772583,0.6291916966438293,-0.2668311297893524,0.9676086902618408,0.9996453523635864
153,6.08,32,RIGHT_FOOT_INDEX,0.2991742193698883,0.6265881061553955,-0.22695617377758026,0.8117663860321045,0.9995406866073608
154,6.12,0,NOSE,0.2954375445842743,0.4454123079776764,0.2025090605020523,0.9988361597061157,0.9999958276748657
154,6.12,1,LEFT_EYE_INNER,0.2920810878276825,0.4423731863498688,0.17827552556991577,0.9985446333885193,0.9999932050704956
154,6.12,2,LEFT_EYE,0.29039233922958374,0.4422987699508667,0.17823125422000885,0.998572051525116,0.999993085861206
154,6.12,3,LEFT_EYE_OUTER,0.28868696093559265,0.44227486848831177,0.17825588583946228,0.998452365398407,0.9999921321868896
154,6.12,4,RIGHT_EYE_INNER,0.29784268140792847,0.4418017268180847,0.18860654532909393,0.9984759092330933,0.9999935626983643
154,6.12,5,RIGHT_EYE,0.30019840598106384,0.44132712483406067,0.18860504031181335,0.9984539747238159,0.9999921321868896
154,6.12,6,RIGHT_EYE_OUTER,0.3026498556137085,0.4408468008041382,0.18856404721736908,0.9982892870903015,0.9999903440475464
154,6.12,7,LEFT_EAR,0.28849467635154724,0.4428517520427704,0.07296552509069443,0.9984904527664185,0.9999947547912598
154,6.12,8,RIGHT_EAR,0.3096586763858795,0.44051656126976013,0.1233820766210556,0.9976165890693665,0.9999881982803345
154,6.12,9,MOUTH_LEFT,0.2942454218864441,0.4479861855506897,0.16755208373069763,0.9979817867279053,0.9999911785125732
154,6.12,10,MOUTH_RIGHT,0.3007103204727173,0.4476819336414337,0.18118909001350403,0.9973408579826355,0.9999880790710449
154,6.12,11,LEFT_SHOULDER,0.2745813727378845,0.4584093987941742,-0.003014735411852598,0.9999615550041199,0.9999901056289673
154,6.12,12,RIGHT_SHOULDER,0.35547536611557007,0.45756736397743225,0.08849068731069565,0.9997403025627136,0.9999628067016602
154,6.12,13,LEFT_ELBOW,0.2534215450286865,0.4824610948562622,-0.07374727725982666,0.989993155002594,0.9999730587005615
154,6.12,14,RIGHT_ELBOW,0.38425424695014954,0.47860798239707947,0.0675959512591362,0.8790521621704102,0.9999085664749146
154,6.12,15,LEFT_WRIST,0.2362993061542511,0.510030210018158,-0.08923861384391785,0.9261454939842224,0.999907374382019
154,6.12,16,RIGHT_WRIST,0.3799217641353607,0.509646475315094,0.06709549576044083,0.7631456255912781,0.999890923500061
154,6.12,17,LEFT_PINKY,0.22818493843078613,0.5177801847457886,-0.09925252199172974,0.8847482204437256,0.9998393058776855
154,6.12,18,RIGHT_PINKY,0.3838326334953308,0.5186758637428284,0.07323133945465088,0.7072641253471375,0.9998210072517395
154,6.12,19,LEFT_INDEX,0.23043635487556458,0.5172387361526489,-0.09091554582118988,0.8829358220100403,0.9998213648796082
154,6.12,20,RIGHT_INDEX,0.3759624660015106,0.5183998942375183,0.07363884896039963,0.6862388849258423,0.9998055100440979
154,6.12,21,LEFT_THUMB,0.23417438566684723,0.5141093134880066,-0.08547204732894897,0.8423065543174744,0.9998749494552612
154,6.12,22,RIGHT_THUMB,0.37258121371269226,0.5160171985626221,0.0679187923669815,0.6500369310379028,0.999840259552002
154,6.12,23,LEFT_HIP,0.3015879988670349,0.5181946158409119,-0.039776671677827835,0.9998475313186646,0.9999898672103882
154,6.12,24,RIGHT_HIP,0.3450424075126648,0.51790452003479,0.0393725149333477,0.9992821216583252,0.9999761581420898
154,6.12,25,LEFT_KNEE,0.2926817834377289,0.5616549253463745,-0.033340439200401306,0.9827111959457397,0.9998733997344971
154,6.12,26,RIGHT_KNEE,0.32273218035697937,0.5618945956230164,0.06722348928451538,0.7683369517326355,0.9997913241386414
154,6.12,27,LEFT_ANKLE,0.30334553122520447,0.6033641695976257,-0.23005354404449463,0.9860143065452576,0.9999529123306274
154,6.12,28,RIGHT_ANKLE,0.3129572868347168,0.6059168577194214,-0.12369192391633987,0.8760994672775269,0.9999171495437622
154,6.12,29,LEFT_HEEL,0.3062364161014557,0.6042909622192383,-0.2532978057861328,0.9858782291412354,0.999940037727356
154,6.12,30,RIGHT_HEEL,0.31641411781311035,0.6101173162460327,-0.14609558880329132,0.899963915348053,0.9998636245727539
154,6.12,31,LEFT_FOOT_INDEX,0.2963242828845978,0.6253018975257874,-0.30691564083099365,0.9690664410591125,0.9998175501823425
154,6.12,32,RIGHT_FOOT_INDEX,0.30003032088279724,0.6265696883201599,-0.2052849531173706,0.8239730596542358,0.9997736811637878
155,6.16,0,NOSE,0.29001373052597046,0.4460294842720032,0.22575818002223969,0.9989351034164429,0.9999991655349731
155,6.16,1,LEFT_EYE_INNER,0.2874404489994049,0.4426974058151245,0.19982923567295074,0.9986665844917297,0.9999984502792358
155,6.16,2,LEFT_EYE,0.28605324029922485,0.4425453841686249,0.19980932772159576,0.9986943006515503,0.9999983310699463
155,6.16,3,LEFT_EYE_OUTER,0.2845613360404968,0.44247400760650635,0.19985124468803406,0.9985771179199219,0.9999982118606567
155,6.16,4,RIGHT_EYE_INNER,0.2924942374229431,0.44218680262565613,0.2101874053478241,0.998590886592865,0.9999984502792358
155,6.16,5,RIGHT_EYE,0.29476872086524963,0.4417114853858948,0.21018491685390472,0.9985724687576294,0.9999980926513672
155,6.16,6,RIGHT_EYE_OUTER,0.29725325107574463,0.4412240982055664,0.2101622223854065,0.9984111189842224,0.999997615814209
155,6.16,7,LEFT_EAR,0.28466302156448364,0.4427207112312317,0.09370147436857224,0.9986122250556946,0.9999988079071045
155,6.16,8,RIGHT_EAR,0.30419352650642395,0.44052353501319885,0.14163359999656677,0.9978148341178894,0.9999972581863403
155,6.16,9,MOUTH_LEFT,0.2894996702671051,0.44829845428466797,0.1908952295780182,0.9981606006622314,0.9999980926513672
155,6.16,10,MOUTH_RIGHT,0.29549363255500793,0.448083758354187,0.20465441048145294,0.9975743293762207,0.9999973773956299
155,6.16,11,LEFT_SHOULDER,0.2727604806423187,0.45835983753204346,0.022292833775281906,0.9999648928642273,0.9999973773956299
155,6.16,12,RIGHT_SHOULDER,0.3536466062068939,0.4594617187976837,0.10288549959659576,0.9997624754905701,0.999984860420227
155,6.16,13,LEFT_ELBOW,0.24972915649414062,0.48256051540374756,-0.06625241041183472,0.9908562898635864,0.9999871253967285
155,6.16,14,RIGHT_ELBOW,0.37383678555488586,0.48710811138153076,0.09325866401195526,0.8872808218002319,0.9999207258224487
155,6.16,15,LEFT_WRIST,0.22966855764389038,0.5102965235710144,-0.09556856751441956,0.9325324892997742,0.9999675750732422
155,6.16,16,RIGHT_WRIST,0.36221593618392944,0.5146145820617676,0.13396015763282776,0.7375097870826721,0.9999052286148071
155,6.16,17,LEFT_PINKY,0.22132690250873566,0.5178348422050476,-0.10402781516313553,0.8938985466957092,0.9999446868896484
155,6.16,18,RIGHT_PINKY,0.36096757650375366,0.5219427943229675,0.14731387794017792,0.676581621170044,0.9998682737350464
155,6.16,19,LEFT_INDEX,0.22349795699119568,0.5174177289009094,-0.09327436238527298,0.8921995162963867,0.9999388456344604
155,6.16,20,RIGHT_INDEX,0.3560400605201721,0.5215883255004883,0.14476892352104187,0.6551515460014343,0.9998518228530884
155,6.16,21,LEFT_THUMB,0.2274785190820694,0.5144649147987366,-0.09071815758943558,0.8529989123344421,0.9999583959579468
155,6.16,22,RIGHT_THUMB,0.35414740443229675,0.5193961262702942,0.13488861918449402,0.6214282512664795,0.9998787641525269
155,6.16,23,LEFT_HIP,0.2940828204154968,0.5192670822143555,-0.02531392313539982,0.9998612403869629,0.9999978542327881
155,6.16,24,RIGHT_HIP,0.33824101090431213,0.5185695290565491,0.024840833619236946,0.9993500709533691,0.9999947547912598
155,6.16,25,LEFT_KNEE,0.2778889238834381,0.5616647601127625,0.019247299060225487,0.979236364364624,0.9999151229858398
155,6.16,26,RIGHT_KNEE,0.31435802578926086,0.562655508518219,0.06383948028087616,0.785914957523346,0.9999011754989624
155,6.16,27,LEFT_ANKLE,0.2921440601348877,0.6004360914230347,-0.18984434008598328,0.9861664772033691,0.9999771118164062
155,6.16,28,RIGHT_ANKLE,0.3077556788921356,0.6089450120925903,-0.18084266781806946,0.8868929147720337,0.9999632835388184
155,6.16,29,LEFT_HEEL,0.29912450909614563,0.5998517274856567,-0.21267536282539368,0.9868413209915161,0.999971866607666
155,6.16,30,RIGHT_HEEL,0.30701327323913574,0.6106737852096558,-0.20795871317386627,0.9092740416526794,0.9999409914016724
155,6.16,31,LEFT_FOOT_INDEX,0.28683409094810486,0.6225374341011047,-0.25224775075912476,0.9703088998794556,0.999900221824646
155,6.16,32,RIGHT_FOOT_INDEX,0.29371389746665955,0.6276029944419861,-0.2605380117893219,0.8385119438171387,0.9998465776443481
156,6.2,0,NOSE,0.2846400737762451,0.4467720687389374,0.22563372552394867,0.9989544153213501,0.9999946355819702
156,6.2,1,LEFT_EYE_INNER,0.28300023078918457,0.44335177540779114,0.19836749136447906,0.9986478090286255,0.999991774559021
156,6.2,2,LEFT_EYE,0.28154274821281433,0.4432673156261444,0.19833199679851532,0.9987007975578308,0.9999909400939941
156,6.2,3,LEFT_EYE_OUTER,0.2800031900405884,0.44322386384010315,0.19835595786571503,0.9985300302505493,0.9999898672103882
156,6.2,4,RIGHT_EYE_INNER,0.28795790672302246,0.4428946375846863,0.20977520942687988,0.9985283017158508,0.9999927282333374
156,6.2,5,RIGHT_EYE,0.2903885841369629,0.4424906075000763,0.20976993441581726,0.9985315799713135,0.9999912977218628
156,6.2,6,RIGHT_EYE_OUTER,0.2928597629070282,0.44208642840385437,0.209720179438591,0.9983119368553162,0.9999898672103882
156,6.2,7,LEFT_EAR,0.2803517282009125,0.44335946440696716,0.09226369857788086,0.9985436797142029,0.9999922513961792
156,6.2,8,RIGHT_EAR,0.29966723918914795,0.4415014386177063,0.1456291675567627,0.9978636503219604,0.9999897480010986
156,6.2,9,MOUTH_LEFT,0.28407415747642517,0.4490090608596802,0.1914445012807846,0.9982060194015503,0.9999891519546509
156,6.2,10,MOUTH_RIGHT,0.2902297079563141,0.4489278197288513,0.20683221518993378,0.9976602792739868,0.99998939037323
156,6.2,11,LEFT_SHOULDER,0.27087104320526123,0.45836201310157776,0.020571107044816017,0.9999659657478333,0.9999821186065674
156,6.2,12,RIGHT_SHOULDER,0.34975001215934753,0.46171343326568604,0.10803817212581635,0.999779999256134,0.9999626874923706
156,6.2,13,LEFT_ELBOW,0.24900269508361816,0.48206913471221924,-0.06804196536540985,0.9913793206214905,0.9999327659606934
156,6.2,14,RIGHT_ELBOW,0.3686007857322693,0.48922598361968994,0.15700097382068634,0.8901791572570801,0.9997983574867249
156,6.2,15,LEFT_WRIST,0.22640885412693024,0.5097113251686096,-0.0974704697728157,0.9358834624290466,0.9997830986976624
156,6.2,16,RIGHT_WRIST,0.3513523042201996,0.5141183137893677,0.24086225032806396,0.685145378112793,0.9997001886367798
156,6.2,17,LEFT_PINKY,0.21776175498962402,0.5165594816207886,-0.10568027943372726,0.8985774517059326,0.9997054934501648
156,6.2,18,RIGHT_PINKY,0.34697455167770386,0.521030604839325,0.26002034544944763,0.6255844235420227,0.9996352195739746
156,6.2,19,LEFT_INDEX,0.21820680797100067,0.5157313346862793,-0.09441939741373062,0.896986722946167,0.9996674060821533
156,6.2,20,RIGHT_INDEX,0.3409087657928467,0.5193276405334473,0.25335773825645447,0.6051056385040283,0.9995645880699158
156,6.2,21,LEFT_THUMB,0.2209365963935852,0.513175368309021,-0.09233018010854721,0.8561886548995972,0.9997432827949524
156,6.2,22,RIGHT_THUMB,0.3408927321434021,0.5171957612037659,0.24138817191123962,0.5764907598495483,0.9996148347854614
156,6.2,23,LEFT_HIP,0.2878442406654358,0.5200813412666321,-0.023087892681360245,0.9998730421066284,0.9999953508377075
156,6.2,24,RIGHT_HIP,0.3342055082321167,0.5212125182151794,0.022559937089681625,0.9994112253189087,0.9999911785125732
156,6.2,25,LEFT_KNEE,0.2695239782333374,0.561416745185852,0.060182854533195496,0.9791707992553711,0.9997768998146057
156,6.2,26,RIGHT_KNEE,0.3119901716709137,0.5686680674552917,0.08822629600763321,0.8052509427070618,0.9998437166213989
156,6.2,27,LEFT_ANKLE,0.28271329402923584,0.5986393690109253,-0.13570596277713776,0.9869067072868347,0.9999754428863525
156,6.2,28,RIGHT_ANKLE,0.2992447316646576,0.6101508736610413,-0.11511427909135818,0.8976686596870422,0.9999752044677734
156,6.2,29,LEFT_HEEL,0.2897574007511139,0.5980628132820129,-0.16514378786087036,0.987963855266571,0.9999750852584839
156,6.2,30,RIGHT_HEEL,0.29684174060821533,0.6112946271896362,-0.1372852325439453,0.9181108474731445,0.999961256980896
156,6.2,31,LEFT_FOOT_INDEX,0.27645233273506165,0.6215816736221313,-0.15958662331104279,0.9711400270462036,0.9998767375946045
156,6.2,32,RIGHT_FOOT_INDEX,0.2843070328235626,0.6280602216720581,-0.17566965520381927,0.8520395159721375,0.999843955039978
157,6.24,0,NOSE,0.2799098789691925,0.4469943344593048,0.26838037371635437,0.9990233778953552,0.9999898672103882
157,6.24,1,LEFT_EYE_INNER,0.27807527780532837,0.4438103437423706,0.24208667874336243,0.9987196326255798,0.9999843835830688
157,6.24,2,LEFT_EYE,0.27658650279045105,0.44384345412254333,0.24205607175827026,0.9987837672233582,0.9999830722808838
157,6.24,3,LEFT_EYE_OUTER,0.2750297486782074,0.4439195990562439,0.24206237494945526,0.9986099004745483,0.9999808073043823
157,6.24,4,RIGHT_EYE_INNER,0.28318631649017334,0.4432711601257324,0.2541288435459137,0.9986004829406738,0.999984622001648
157,6.24,5,RIGHT_EYE,0.285388320684433,0.44292697310447693,0.2541220486164093,0.9986160397529602,0.9999815225601196
157,6.24,6,RIGHT_EYE_OUTER,0.2878519594669342,0.4425971210002899,0.2540842890739441,0.9983949661254883,0.9999775886535645
157,6.24,7,LEFT_EAR,0.275163471698761,0.4443475604057312,0.13911111652851105,0.9986242055892944,0.9999834299087524
157,6.24,8,RIGHT_EAR,0.29357078671455383,0.4425167441368103,0.19521164894104004,0.998005747795105,0.999970555305481
157,6.24,9,MOUTH_LEFT,0.27917197346687317,0.4493721127510071,0.2355097234249115,0.9983046650886536,0.9999798536300659
157,6.24,10,MOUTH_RIGHT,0.2851012349128723,0.4491855204105377,0.2513510584831238,0.9978054165840149,0.9999784231185913
157,6.24,11,LEFT_SHOULDER,0.2644398808479309,0.458717405796051,0.04501449689269066,0.9999660849571228,0.9999572038650513
157,6.24,12,RIGHT_SHOULDER,0.3405599296092987,0.46309518814086914,0.17132125794887543,0.9997866749763489,0.9998887777328491
157,6.24,13,LEFT_ELBOW,0.240950807929039,0.48037147521972656,-0.024058159440755844,0.9920569658279419,0.9999029636383057
157,6.24,14,RIGHT_ELBOW,0.3579229414463043,0.49165019392967224,0.23576654493808746,0.8857094645500183,0.9997715353965759
157,6.24,15,LEFT_WRIST,0.21884137392044067,0.5069097876548767,-0.02028670348227024,0.9384092092514038,0.9996626377105713
157,6.24,16,RIGHT_WRIST,0.33650439977645874,0.512895941734314,0.3365412652492523,0.6277579069137573,0.9997722506523132
157,6.24,17,LEFT_PINKY,0.21091747283935547,0.5146259665489197,-0.03065831959247589,0.9019008278846741,0.9994972944259644
157,6.24,18,RIGHT_PINKY,0.3325085937976837,0.5189206600189209,0.3580608367919922,0.5728057622909546,0.9997226595878601
157,6.24,19,LEFT_INDEX,0.21247746050357819,0.5148470997810364,-0.019657067954540253,0.9005464315414429,0.9995192289352417
157,6.24,20,RIGHT_INDEX,0.32535526156425476,0.516271710395813,0.35067063570022583,0.5536410212516785,0.9996960163116455
157,6.24,21,LEFT_THUMB,0.21517996490001678,0.5119972229003906,-0.0147551903501153,0.8583492636680603,0.9996163845062256
157,6.24,22,RIGHT_THUMB,0.32581740617752075,0.514604926109314,0.3372497856616974,0.5294220447540283,0.9997358918190002
157,6.24,23,LEFT_HIP,0.2804388403892517,0.5204744935035706,-0.03437822312116623,0.9998813271522522,0.9999798536300659
157,6.24,24,RIGHT_HIP,0.32490113377571106,0.5217359066009521,0.03393784910440445,0.9994620084762573,0.9999686479568481
157,6.24,25,LEFT_KNEE,0.26097896695137024,0.5621321797370911,0.0239314716309309,0.9811503291130066,0.999813973903656
157,6.24,26,RIGHT_KNEE,0.3070800006389618,0.57176274061203,0.10035618394613266,0.8244805932044983,0.9998619556427002
157,6.24,27,LEFT_ANKLE,0.27207210659980774,0.6018702387809753,-0.09613152593374252,0.9880762696266174,0.9999780654907227
157,6.24,28,RIGHT_ANKLE,0.3018611967563629,0.614807665348053,-0.032888177782297134,0.9076680541038513,0.9999758005142212
157,6.24,29,LEFT_HEEL,0.2804592549800873,0.6036350131034851,-0.10780572891235352,0.9891175031661987,0.9999755620956421
157,6.24,30,RIGHT_HEEL,0.3014757037162781,0.6203048825263977,-0.04737146198749542,0.9261720180511475,0.9999605417251587
157,6.24,31,LEFT_FOOT_INDEX,0.2585272192955017,0.6215115189552307,-0.10693646222352982,0.9719449877738953,0.9998925924301147
157,6.24,32,RIGHT_FOOT_INDEX,0.2845321595668793,0.6285196542739868,-0.10056094080209732,0.8622254729270935,0.9998431205749512
158,6.28,0,NOSE,0.2748216986656189,0.44686540961265564,0.17960147559642792,0.999090850353241,0.9999767541885376
158,6.28,1,LEFT_EYE_INNER,0.2734622657299042,0.44359007477760315,0.15377186238765717,0.9987998604774475,0.9999629259109497
158,6.28,2,LEFT_EYE,0.2721090614795685,0.4436241686344147,0.15374113619327545,0.9988634586334229,0.9999600648880005
158,6.28,3,LEFT_EYE_OUTER,0.27062922716140747,0.44371548295021057,0.15375465154647827,0.9986961483955383,0.9999556541442871
158,6.28,4,RIGHT_EYE_INNER,0.2783529758453369,0.4430693984031677,0.1674877554178238,0.9986790418624878,0.9999641180038452
158,6.28,5,RIGHT_EYE,0.2806297838687897,0.4427264332771301,0.16749629378318787,0.9986949563026428,0.9999566078186035
158,6.28,6,RIGHT_EYE_OUTER,0.28317975997924805,0.4424065053462982,0.16745924949645996,0.9984819293022156,0.9999483823776245
158,6.28,7,LEFT_EAR,0.27129772305488586,0.44410982728004456,0.061393871903419495,0.9986975789070129,0.9999616146087646
158,6.28,8,RIGHT_EAR,0.28966641426086426,0.44237861037254333,0.12493061274290085,0.9981287121772766,0.9999364614486694
158,6.28,9,MOUTH_LEFT,0.27418357133865356,0.4492992162704468,0.15039180219173431,0.9984009265899658,0.9999517202377319
158,6.28,10,MOUTH_RIGHT,0.2797783315181732,0.44908270239830017,0.1685718148946762,0.997934103012085,0.999946117401123
158,6.28,11,LEFT_SHOULDER,0.26303741335868835,0.4580785632133484,-0.01921834982931614,0.999966561794281,0.9999041557312012
158,6.28,12,RIGHT_SHOULDER,0.3337390422821045,0.4633544981479645,0.11901705712080002,0.9997955560684204,0.9998134970664978
158,6.28,13,LEFT_ELBOW,0.24476315081119537,0.4791589081287384,-0.10025398433208466,0.9927144050598145,0.9998337030410767
158,6.28,14,RIGHT_ELBOW,0.3569332957267761,0.4900470972061157,0.18657857179641724,0.8807448744773865,0.9996182918548584
158,6.28,15,LEFT_WRIST,0.21732619404792786,0.5017995238304138,-0.11618118733167648,0.941951334476471,0.9996652603149414
158,6.28,16,RIGHT_WRIST,0.3354659676551819,0.5081239938735962,0.24273088574409485,0.5842801332473755,0.9995200634002686
158,6.28,17,LEFT_PINKY,0.21070358157157898,0.5089637637138367,-0.12855425477027893,0.9065466523170471,0.9995256662368774
158,6.28,18,RIGHT_PINKY,0.33234360814094543,0.514049232006073,0.260344922542572,0.5322077870368958,0.9994248151779175
158,6.28,19,LEFT_INDEX,0.2115347534418106,0.5086226463317871,-0.11647001653909683,0.9053422808647156,0.9995207786560059
158,6.28,20,RIGHT_INDEX,0.3261772096157074,0.5124706029891968,0.25208786129951477,0.5139933824539185,0.9993863105773926
158,6.28,21,LEFT_THUMB,0.21423281729221344,0.5061281323432922,-0.11031699180603027,0.8631399869918823,0.9996155500411987
158,6.28,22,RIGHT_THUMB,0.3263477385044098,0.5109493732452393,0.24227498471736908,0.49265217781066895,0.9994476437568665
158,6.28,23,LEFT_HIP,0.2809878885746002,0.5207234621047974,-0.03868167847394943,0.999889612197876,0.9999793767929077
158,6.28,24,RIGHT_HIP,0.3236210346221924,0.5229208469390869,0.03827621042728424,0.999509871006012,0.9999715089797974
158,6.28,25,LEFT_KNEE,0.25955191254615784,0.561347246170044,0.023259589448571205,0.9826973080635071,0.9997766613960266
158,6.28,26,RIGHT_KNEE,0.30421116948127747,0.5712405443191528,0.10305517166852951,0.8408728837966919,0.9998249411582947
158,6.28,27,LEFT_ANKLE,0.2679607570171356,0.6026275753974915,-0.07809008657932281,0.9890642166137695,0.9999744892120361
158,6.28,28,RIGHT_ANKLE,0.30670085549354553,0.6143105626106262,-0.027537785470485687,0.9165126085281372,0.9999556541442871
158,6.28,29,LEFT_HEEL,0.2768020033836365,0.6045850515365601,-0.08574601262807846,0.9901091456413269,0.9999697208404541
158,6.28,30,RIGHT_HEEL,0.3121742606163025,0.6194654703140259,-0.04069611057639122,0.9331663250923157,0.9999239444732666
158,6.28,31,LEFT_FOOT_INDEX,0.2527482807636261,0.6218611598014832,-0.08424188196659088,0.9735251665115356,0.9998550415039062
158,6.28,32,RIGHT_FOOT_INDEX,0.29495325684547424,0.6286182999610901,-0.07305272668600082,0.8729708194732666,0.999683141708374
159,6.32,0,NOSE,0.26531004905700684,0.44640976190567017,0.3381143808364868,0.9990634918212891,0.9999982118606567
159,6.32,1,LEFT_EYE_INNER,0.2643260061740875,0.443025678396225,0.3125912845134735,0.9987184405326843,0.9999967813491821
159,6.32,2,LEFT_EYE,0.2633749842643738,0.442880779504776,0.31253311038017273,0.9988269805908203,0.9999966621398926
159,6.32,3,LEFT_EYE_OUTER,0.2621951699256897,0.4427746832370758,0.3125349283218384,0.9986390471458435,0.9999963045120239
159,6.32,4,RIGHT_EYE_INNER,0.2683590054512024,0.44277650117874146,0.329231321811676,0.9985359907150269,0.9999966621398926
159,6.32,5,RIGHT_EYE,0.27048516273498535,0.4424569308757782,0.32927563786506653,0.9985808730125427,0.9999958276748657
159,6.32,6,RIGHT_EYE_OUTER,0.2726982533931732,0.44218191504478455,0.3292352259159088,0.9983232021331787,0.9999947547912598
159,6.32,7,LEFT_EAR,0.2644926607608795,0.44307178258895874,0.2018507868051529,0.9986304640769958,0.9999973773956299
159,6.32,8,RIGHT_EAR,0.2797169089317322,0.4421681761741638,0.27964726090431213,0.9979673027992249,0.9999934434890747
159,6.32,9,MOUTH_LEFT,0.26560649275779724,0.44870150089263916,0.30097445845603943,0.9981921911239624,0.9999964237213135
159,6.32,10,MOUTH_RIGHT,0.27027371525764465,0.4486190676689148,0.32345008850097656,0.9976739287376404,0.9999951124191284
159,6.32,11,LEFT_SHOULDER,0.2579658031463623,0.45402371883392334,0.08001376688480377,0.9999685287475586,0.9999927282333374
159,6.32,12,RIGHT_SHOULDER,0.324405312538147,0.4628371596336365,0.24800103902816772,0.999801754951477,0.9999450445175171
159,6.32,13,LEFT_ELBOW,0.23456856608390808,0.4747940003871918,-0.021406380459666252,0.9928566217422485,0.9999489784240723
159,6.32,14,RIGHT_ELBOW,0.34615957736968994,0.4892226755619049,0.280762255191803,0.8495925664901733,0.9997654557228088
159,6.32,15,LEFT_WRIST,0.20954692363739014,0.5011427998542786,-0.038771990686655045,0.9439046382904053,0.999748170375824
159,6.32,16,RIGHT_WRIST,0.32480788230895996,0.5076729655265808,0.3401966094970703,0.5400097966194153,0.999762237071991
159,6.32,17,LEFT_PINKY,0.2043110728263855,0.5077121257781982,-0.055148545652627945,0.909417986869812,0.9996054768562317
159,6.32,18,RIGHT_PINKY,0.3215804994106293,0.5136709809303284,0.3569965958595276,0.49111348390579224,0.9997084736824036
159,6.32,19,LEFT_INDEX,0.2060006558895111,0.5071698427200317,-0.04123144596815109,0.9084396958351135,0.9995949864387512
159,6.32,20,RIGHT_INDEX,0.314100980758667,0.5114859938621521,0.3490871489048004,0.4737508296966553,0.9996562004089355
159,6.32,21,LEFT_THUMB,0.20844635367393494,0.5049813389778137,-0.03261156380176544,0.8652940988540649,0.9996825456619263
159,6.32,22,RIGHT_THUMB,0.31438320875167847,0.5099538564682007,0.3387003540992737,0.4570977985858917,0.9997218251228333
159,6.32,23,LEFT_HIP,0.2737414836883545,0.517692506313324,-0.05172993987798691,0.9998974204063416,0.9999974966049194
159,6.32,24,RIGHT_HIP,0.31579703092575073,0.5195085406303406,0.05129919573664665,0.9995477199554443,0.9999886751174927
159,6.32,25,LEFT_KNEE,0.2527295649051666,0.5611125826835632,0.014451935887336731,0.9841582775115967,0.9999295473098755
159,6.32,26,RIGHT_KNEE,0.30164384841918945,0.5671759843826294,0.1270124912261963,0.8546542525291443,0.9998879432678223
159,6.32,27,LEFT_ANKLE,0.261173814535141,0.6033826470375061,-0.16979549825191498,0.9900186657905579,0.9999818801879883
159,6.32,28,RIGHT_ANKLE,0.3080141544342041,0.6102794408798218,-0.05020663142204285,0.9241833686828613,0.9999707937240601
159,6.32,29,LEFT_HEEL,0.2681582272052765,0.6063964366912842,-0.1900693029165268,0.991024911403656,0.9999750852584839
159,6.32,30,RIGHT_HEEL,0.31120607256889343,0.6142541766166687,-0.07150249928236008,0.9393988847732544,0.9999468326568604
159,6.32,31,LEFT_FOOT_INDEX,0.2425961196422577,0.6204558610916138,-0.20964188873767853,0.9753075242042542,0.9999029636383057
159,6.32,32,RIGHT_FOOT_INDEX,0.2957940697669983,0.6277790665626526,-0.1086384579539299,0.8823520541191101,0.9998517036437988
160,6.36,0,NOSE,0.2622305750846863,0.4456592798233032,0.3130299150943756,0.9991337656974792,0.9999990463256836
160,6.36,1,LEFT_EYE_INNER,0.26107004284858704,0.44195497035980225,0.28691670298576355,0.998806357383728,0.9999984502792358
160,6.36,2,LEFT_EYE,0.26000353693962097,0.4418383240699768,0.28687962889671326,0.99891197681427,0.9999983310699463
160,6.36,3,LEFT_EYE_OUTER,0.2588215470314026,0.44179075956344604,0.28687891364097595,0.9987350702285767,0.9999980926513672
160,6.36,4,RIGHT_EYE_INNER,0.2652474641799927,0.4416959583759308,0.3016054332256317,0.9986280798912048,0.9999983310699463
160,6.36,5,RIGHT_EYE,0.2672916352748871,0.441387802362442,0.30162039399147034,0.9986748099327087,0.9999979734420776
160,6.36,6,RIGHT_EYE_OUTER,0.26957300305366516,0.44113603234291077,0.3015877902507782,0.9984287619590759,0.9999973773956299
160,6.36,7,LEFT_EAR,0.2603524625301361,0.44209998846054077,0.17927639186382294,0.9987207055091858,0.9999984502792358
160,6.36,8,RIGHT_EAR,0.2758590281009674,0.44098472595214844,0.24659313261508942,0.9980944991111755,0.9999967813491821
160,6.36,9,MOUTH_LEFT,0.26231029629707336,0.4479409158229828,0.2775650918483734,0.9983121752738953,0.9999977350234985
160,6.36,10,MOUTH_RIGHT,0.2673269212245941,0.447826087474823,0.29699772596359253,0.9978184700012207,0.9999970197677612
160,6.36,11,LEFT_SHOULDER,0.2517533302307129,0.45423856377601624,0.06667621433734894,0.9999697208404541,0.9999914169311523
160,6.36,12,RIGHT_SHOULDER,0.32239267230033875,0.4622825086116791,0.21954487264156342,0.9998061060905457,0.9999356269836426
160,6.36,13,LEFT_ELBOW,0.23003770411014557,0.4759059250354767,-0.019252464175224304,0.9931899905204773,0.9999624490737915
160,6.36,14,RIGHT_ELBOW,0.3444714844226837,0.4891398847103119,0.25529465079307556,0.8292668461799622,0.999789297580719
160,6.36,15,LEFT_WRIST,0.20868553221225739,0.5010320544242859,-0.012750008143484592,0.9452371001243591,0.9999107122421265
160,6.36,16,RIGHT_WRIST,0.31821638345718384,0.5030270218849182,0.32613736391067505,0.49528175592422485,0.9998514652252197
160,6.36,17,LEFT_PINKY,0.2029934674501419,0.507340669631958,-0.024277301505208015,0.9105485677719116,0.9998440742492676
160,6.36,18,RIGHT_PINKY,0.3132229447364807,0.5080903768539429,0.3447573482990265,0.45019152760505676,0.9998065829277039
160,6.36,19,LEFT_INDEX,0.20462150871753693,0.5065438747406006,-0.01032632403075695,0.909595787525177,0.9998457431793213
160,6.36,20,RIGHT_INDEX,0.30667999386787415,0.5059560537338257,0.3378227651119232,0.43392422795295715,0.9997937083244324
160,6.36,21,LEFT_THUMB,0.20790591835975647,0.504461944103241,-0.006083943881094456,0.8654799461364746,0.9998891353607178
160,6.36,22,RIGHT_THUMB,0.30732589960098267,0.5049861669540405,0.325272798538208,0.4206981658935547,0.9998379945755005
160,6.36,23,LEFT_HIP,0.2701073884963989,0.5170683264732361,-0.05190706625580788,0.9999043941497803,0.9999972581863403
160,6.36,24,RIGHT_HIP,0.3138466477394104,0.5189816355705261,0.051477253437042236,0.9995805621147156,0.9999889135360718
160,6.36,25,LEFT_KNEE,0.2487061619758606,0.5614721179008484,0.015357266180217266,0.9855548143386841,0.9999412298202515
160,6.36,26,RIGHT_KNEE,0.2970026731491089,0.5653105974197388,0.1305190920829773,0.8679816722869873,0.9998908042907715
160,6.36,27,LEFT_ANKLE,0.25136905908584595,0.6050036549568176,-0.1931544542312622,0.990909993648529,0.999984860420227
160,6.36,28,RIGHT_ANKLE,0.3054523468017578,0.6067885160446167,-0.07565393298864365,0.9312370419502258,0.9999724626541138
160,6.36,29,LEFT_HEEL,0.2534908652305603,0.610061764717102,-0.21501386165618896,0.9918849468231201,0.9999771118164062
160,6.36,30,RIGHT_HEEL,0.31002408266067505,0.6101623773574829,-0.09889931976795197,0.9451457858085632,0.9999527931213379
160,6.36,31,LEFT_FOOT_INDEX,0.24390862882137299,0.6189212799072266,-0.2348109781742096,0.9768205881118774,0.9998947381973267
160,6.36,32,RIGHT_FOOT_INDEX,0.29690563678741455,0.6264070272445679,-0.13211075961589813,0.8899930715560913,0.9998410940170288
161,6.4,0,NOSE,0.2604811489582062,0.4450087249279022,0.4146403968334198,0.9991146922111511,0.9999994039535522
161,6.4,1,LEFT_EYE_INNER,0.25868892669677734,0.4414622485637665,0.3888966739177704,0.9987695217132568,0.999998927116394
161,6.4,2,LEFT_EYE,0.25723642110824585,0.4413527548313141,0.38887733221054077,0.9988889098167419,0.9999986886978149
161,6.4,3,LEFT_EYE_OUTER,0.255691260099411,0.4413062632083893,0.38886016607284546,0.9986898899078369,0.9999984502792358
161,6.4,4,RIGHT_EYE_INNER,0.2636849582195282,0.44127973914146423,0.401901513338089,0.9985824823379517,0.9999990463256836
161,6.4,5,RIGHT_EYE,0.26595085859298706,0.44101160764694214,0.4019227623939514,0.998655378818512,0.9999990463256836
161,6.4,6,RIGHT_EYE_OUTER,0.2683051824569702,0.44078555703163147,0.40187832713127136,0.9984167814254761,0.9999988079071045
161,6.4,7,LEFT_EAR,0.2552797496318817,0.4418151080608368,0.2719610631465912,0.998683750629425,0.9999985694885254
161,6.4,8,RIGHT_EAR,0.2729557454586029,0.44083479046821594,0.332249253988266,0.9981161952018738,0.9999988079071045
161,6.4,9,MOUTH_LEFT,0.25939106941223145,0.44742146134376526,0.37503552436828613,0.9982442855834961,0.9999980926513672
161,6.4,10,MOUTH_RIGHT,0.2649855613708496,0.4473496377468109,0.3923518657684326,0.9977555274963379,0.9999983310699463
161,6.4,11,LEFT_SHOULDER,0.2434212565422058,0.45439136028289795,0.15021103620529175,0.999964714050293,0.9999865293502808
161,6.4,12,RIGHT_SHOULDER,0.31808799505233765,0.4621105492115021,0.27454954385757446,0.9998138546943665,0.9999823570251465
161,6.4,13,LEFT_ELBOW,0.22186332941055298,0.4777141213417053,0.0517524890601635,0.9902710914611816,0.9998397827148438
161,6.4,14,RIGHT_ELBOW,0.3360821604728699,0.4902788996696472,0.28124505281448364,0.8231511116027832,0.9998645782470703
161,6.4,15,LEFT_WRIST,0.20582130551338196,0.501095175743103,0.03619413822889328,0.9189288020133972,0.999259889125824
161,6.4,16,RIGHT_WRIST,0.3188883662223816,0.5109925866127014,0.33262869715690613,0.4612910747528076,0.9998281002044678
161,6.4,17,LEFT_PINKY,0.2001143842935562,0.5076900720596313,0.024948539212346077,0.8768370747566223,0.9992864727973938
161,6.4,18,RIGHT_PINKY,0.315958708524704,0.517426073551178,0.346687912940979,0.4165741801261902,0.9997766613960266
161,6.4,19,LEFT_INDEX,0.20336325466632843,0.5068723559379578,0.039448320865631104,0.8751712441444397,0.9992390871047974
161,6.4,20,RIGHT_INDEX,0.3049887418746948,0.5174632668495178,0.3464352488517761,0.4007754921913147,0.9997466206550598
161,6.4,21,LEFT_THUMB,0.2068377286195755,0.5047467947006226,0.04166892543435097,0.8259671330451965,0.9993112087249756
161,6.4,22,RIGHT_THUMB,0.3040999472141266,0.5155254006385803,0.3335283696651459,0.39062827825546265,0.9998015761375427
161,6.4,23,LEFT_HIP,0.26670849323272705,0.5158948302268982,-0.05156132951378822,0.9999099969863892,0.9999980926513672
161,6.4,24,RIGHT_HIP,0.31026333570480347,0.5182355642318726,0.05117027088999748,0.9996092915534973,0.9999945163726807
161,6.4,25,LEFT_KNEE,0.24477502703666687,0.5618186593055725,0.006534934509545565,0.9868656992912292,0.9999338388442993
161,6.4,26,RIGHT_KNEE,0.29160067439079285,0.5638610124588013,0.12925025820732117,0.8801601529121399,0.9999021291732788
161,6.4,27,LEFT_ANKLE,0.24115391075611115,0.6077019572257996,-0.20515844225883484,0.9917155504226685,0.9999756813049316
161,6.4,28,RIGHT_ANKLE,0.3017286956310272,0.6015465259552002,-0.0828155130147934,0.9375596642494202,0.9999706745147705
161,6.4,29,LEFT_HEEL,0.24416805803775787,0.614305317401886,-0.22844019532203674,0.9926482439041138,0.9999663829803467
161,6.4,30,RIGHT_HEEL,0.30665281414985657,0.6052758693695068,-0.10638532042503357,0.9503382444381714,0.9999580383300781
161,6.4,31,LEFT_FOOT_INDEX,0.2307145595550537,0.6189951300621033,-0.25866562128067017,0.9776402115821838,0.9998903274536133
161,6.4,32,RIGHT_FOOT_INDEX,0.29341745376586914,0.6197308301925659,-0.14360684156417847,0.895809531211853,0.999900221824646
162,6.44,0,NOSE,0.26056063175201416,0.4442389905452728,0.37553536891937256,0.999113917350769,0.9999988079071045
162,6.44,1,LEFT_EYE_INNER,0.25764819979667664,0.4405875504016876,0.3492651581764221,0.9987711310386658,0.9999980926513672
162,6.44,2,LEFT_EYE,0.2560006082057953,0.4404866099357605,0.3492392897605896,0.9989062547683716,0.9999979734420776
162,6.44,3,LEFT_EYE_OUTER,0.2542594075202942,0.4404565095901489,0.34921902418136597,0.9986878037452698,0.999997615814209
162,6.44,4,RIGHT_EYE_INNER,0.263135701417923,0.44044172763824463,0.3621155321598053,0.9985729455947876,0.9999982118606567
162,6.44,5,RIGHT_EYE,0.2654319405555725,0.44021087884902954,0.3621206283569336,0.9986739158630371,0.9999980926513672
162,6.44,6,RIGHT_EYE_OUTER,0.26772424578666687,0.4400257170200348,0.36209508776664734,0.9984307885169983,0.999997615814209
162,6.44,7,LEFT_EAR,0.25353795289993286,0.4411716163158417,0.23443518579006195,0.9987234473228455,0.9999982118606567
162,6.44,8,RIGHT_EAR,0.27295762300491333,0.440237820148468,0.2931883931159973,0.998184084892273,0.999997615814209
162,6.44,9,MOUTH_LEFT,0.25924932956695557,0.44676515460014343,0.3370816111564636,0.9982776641845703,0.9999970197677612
162,6.44,10,MOUTH_RIGHT,0.2650565207004547,0.4467141926288605,0.3538808524608612,0.9977981448173523,0.9999966621398926
162,6.44,11,LEFT_SHOULDER,0.2410222887992859,0.4546884596347809,0.12124550342559814,0.9999631643295288,0.9999902248382568
162,6.44,12,RIGHT_SHOULDER,0.31726524233818054,0.46193501353263855,0.24699413776397705,0.9998124837875366,0.9999678134918213
162,6.44,13,LEFT_ELBOW,0.2207229733467102,0.4790688157081604,0.06909571588039398,0.9899248480796814,0.9999197721481323
162,6.44,14,RIGHT_ELBOW,0.3360987603664398,0.4898854196071625,0.26910334825515747,0.820772111415863,0.9998138546943665
162,6.44,15,LEFT_WRIST,0.20732846856117249,0.5014228820800781,0.11655652523040771,0.9027652740478516,0.9995657801628113
162,6.44,16,RIGHT_WRIST,0.32281020283699036,0.5110470056533813,0.34023967385292053,0.42297354340553284,0.9998270869255066
162,6.44,17,LEFT_PINKY,0.20214051008224487,0.5079265832901001,0.11358091235160828,0.8542409539222717,0.9994683861732483
162,6.44,18,RIGHT_PINKY,0.318168967962265,0.5173923373222351,0.3569135069847107,0.3811112642288208,0.9997865557670593
162,6.44,19,LEFT_INDEX,0.2049749791622162,0.5070419907569885,0.12489468604326248,0.8523489236831665,0.9994445443153381
162,6.44,20,RIGHT_INDEX,0.30751973390579224,0.5173635482788086,0.35675179958343506,0.36627113819122314,0.9997766613960266
162,6.44,21,LEFT_THUMB,0.2074134349822998,0.5049611926078796,0.1226281225681305,0.798720121383667,0.999548614025116
162,6.44,22,RIGHT_THUMB,0.30657702684402466,0.5153207182884216,0.3416263461112976,0.3585931360721588,0.9998205304145813
162,6.44,23,LEFT_HIP,0.2633587718009949,0.5151647925376892,-0.05143056437373161,0.9999158978462219,0.999997615814209
162,6.44,24,RIGHT_HIP,0.30825895071029663,0.5171722173690796,0.05109114944934845,0.9996339678764343,0.999991774559021
162,6.44,25,LEFT_KNEE,0.24376997351646423,0.5620828866958618,-0.007974124513566494,0.9881073832511902,0.9999567270278931
162,6.44,26,RIGHT_KNEE,0.288772851228714,0.5624215602874756,0.1191767230629921,0.8916118144989014,0.9998853206634521
162,6.44,27,LEFT_ANKLE,0.24158824980258942,0.6095081567764282,-0.20343130826950073,0.992464005947113,0.9999716281890869
162,6.44,28,RIGHT_ANKLE,0.2997463643550873,0.5988389849662781,-0.0738150104880333,0.9433029890060425,0.9999630451202393
162,6.44,29,LEFT_HEEL,0.24582929909229279,0.6170685291290283,-0.22459577023983002,0.9933487176895142,0.9999545812606812
162,6.44,30,RIGHT_HEEL,0.3042352795600891,0.6018098592758179,-0.09506107866764069,0.9550485014915466,0.9999476671218872
162,6.44,31,LEFT_FOOT_INDEX,0.22906216979026794,0.6189882755279541,-0.25361737608909607,0.9784319996833801,0.9998334646224976
162,6.44,32,RIGHT_FOOT_INDEX,0.29085516929626465,0.6154203414916992,-0.12717512249946594,0.9001874327659607,0.9998630285263062
163,6.48,0,NOSE,0.26198774576187134,0.4427690804004669,0.21043039858341217,0.9991332292556763,0.9999239444732666
163,6.48,1,LEFT_EYE_INNER,0.2582549452781677,0.4393601417541504,0.17996031045913696,0.9987886548042297,0.9998853206634521
163,6.48,2,LEFT_EYE,0.2562107443809509,0.43933168053627014,0.1799686849117279,0.9989298582077026,0.9998700618743896
163,6.48,3,LEFT_EYE_OUTER,0.2541865110397339,0.43937522172927856,0.17994780838489532,0.9986825585365295,0.9998565912246704
163,6.48,4,RIGHT_EYE_INNER,0.26468732953071594,0.43916675448417664,0.18644437193870544,0.9986294507980347,0.9998965263366699
163,6.48,5,RIGHT_EYE,0.26702579855918884,0.4390120208263397,0.18643584847450256,0.9987465739250183,0.9998898506164551
163,6.48,6,RIGHT_EYE_OUTER,0.26932308077812195,0.43891239166259766,0.1863749772310257,0.9985076189041138,0.9998775720596313
163,6.48,7,LEFT_EAR,0.25266706943511963,0.44060781598091125,0.06921161711215973,0.9987729787826538,0.9998782873153687
163,6.48,8,RIGHT_EAR,0.2740211486816406,0.43953752517700195,0.0975441262125969,0.9983009696006775,0.999874472618103
163,6.48,9,MOUTH_LEFT,0.2597554326057434,0.4455399215221405,0.17609553039073944,0.9983510971069336,0.999842643737793
163,6.48,10,MOUTH_RIGHT,0.2664583623409271,0.4453319311141968,0.1838807612657547,0.9979239106178284,0.9998635053634644
163,6.48,11,LEFT_SHOULDER,0.2364189624786377,0.4566227197647095,0.0005273749120533466,0.9999504089355469,0.999832272529602
163,6.48,12,RIGHT_SHOULDER,0.3121163845062256,0.4605095088481903,0.05784288048744202,0.9998007416725159,0.9996970891952515
163,6.48,13,LEFT_ELBOW,0.21980425715446472,0.48319563269615173,0.03154141455888748,0.9896566271781921,0.9994631409645081
163,6.48,14,RIGHT_ELBOW,0.3314172327518463,0.4893426299095154,0.09587116539478302,0.8367878794670105,0.9992747902870178
163,6.48,15,LEFT_WRIST,0.2090395838022232,0.5017270445823669,0.1266798973083496,0.8516940474510193,0.9990884065628052
163,6.48,16,RIGHT_WRIST,0.32298657298088074,0.5112705826759338,0.17794188857078552,0.40402474999427795,0.9994376301765442
163,6.48,17,LEFT_PINKY,0.20387332141399384,0.5075545907020569,0.13133297860622406,0.7966537475585938,0.9990641474723816
163,6.48,18,RIGHT_PINKY,0.3217543661594391,0.5176564455032349,0.19206708669662476,0.3581843376159668,0.9993882179260254
163,6.48,19,LEFT_INDEX,0.20595240592956543,0.5065804123878479,0.1392977088689804,0.793397068977356,0.9991137385368347
163,6.48,20,RIGHT_INDEX,0.3143037259578705,0.5173932313919067,0.18975655734539032,0.3437889814376831,0.9994077682495117
163,6.48,21,LEFT_THUMB,0.20917977392673492,0.5040035843849182,0.1324474960565567,0.7405335903167725,0.9991093277931213
163,6.48,22,RIGHT_THUMB,0.31342989206314087,0.515144407749176,0.17958396673202515,0.33647409081459045,0.9994890689849854
163,6.48,23,LEFT_HIP,0.2575414776802063,0.5156838893890381,-0.03337632119655609,0.9999174475669861,0.9999245405197144
163,6.48,24,RIGHT_HIP,0.30263617634773254,0.5175446271896362,0.0331621989607811,0.9996402859687805,0.9998047947883606
163,6.48,25,LEFT_KNEE,0.24480943381786346,0.5626618266105652,-0.01686803251504898,0.9892376065254211,0.999934196472168
163,6.48,26,RIGHT_KNEE,0.28850263357162476,0.5601845383644104,0.1247066929936409,0.9018421173095703,0.9994354844093323
163,6.48,27,LEFT_ANKLE,0.24323798716068268,0.6123685836791992,-0.003335968591272831,0.9930075407028198,0.9997953772544861
163,6.48,28,RIGHT_ANKLE,0.295021653175354,0.5990311503410339,0.19213777780532837,0.9473314881324768,0.9996488094329834
163,6.48,29,LEFT_HEEL,0.2476077675819397,0.6196606755256653,0.0006422121659852564,0.9938481450080872,0.999593198299408
163,6.48,30,RIGHT_HEEL,0.2978787124156952,0.6037904620170593,0.20048844814300537,0.9583576917648315,0.9996116757392883
163,6.48,31,LEFT_FOOT_INDEX,0.2343706339597702,0.6181045770645142,-0.014637346379458904,0.971867561340332,0.9990236759185791
163,6.48,32,RIGHT_FOOT_INDEX,0.2834165096282959,0.6088942289352417,0.19969210028648376,0.8801459670066833,0.9993984699249268
164,6.52,0,NOSE,0.2608751356601715,0.44231125712394714,0.2271857112646103,0.999077558517456,0.9999336004257202
164,6.52,1,LEFT_EYE_INNER,0.25735506415367126,0.43909797072410583,0.19719217717647552,0.9986512064933777,0.9999067783355713
164,6.52,2,LEFT_EYE,0.2552662789821625,0.4390947222709656,0.19718196988105774,0.9988489747047424,0.9999004602432251
164,6.52,3,LEFT_EYE_OUTER,0.25331681966781616,0.439156174659729,0.1971607655286789,0.998514711856842,0.9998940229415894
164,6.52,4,RIGHT_EYE_INNER,0.2638188302516937,0.43879184126853943,0.20342357456684113,0.998539388179779,0.9999090433120728
164,6.52,5,RIGHT_EYE,0.26623600721359253,0.4385680556297302,0.20342905819416046,0.9987200498580933,0.9999023675918579
164,6.52,6,RIGHT_EYE_OUTER,0.2685396075248718,0.43840599060058594,0.20336076617240906,0.9984347224235535,0.9998899698257446
164,6.52,7,LEFT_EAR,0.25233614444732666,0.44045597314834595,0.08602403849363327,0.9987314343452454,0.9998977184295654
164,6.52,8,RIGHT_EAR,0.27370306849479675,0.4392443001270294,0.11318997293710709,0.998281717300415,0.9998667240142822
164,6.52,9,MOUTH_LEFT,0.2585783004760742,0.4452785849571228,0.19280144572257996,0.9982736110687256,0.9998563528060913
164,6.52,10,MOUTH_RIGHT,0.2655859887599945,0.44502249360084534,0.2003459632396698,0.9978857636451721,0.9998706579208374
164,6.52,11,LEFT_SHOULDER,0.23507100343704224,0.4578172564506531,0.004780623130500317,0.9999396204948425,0.9998769760131836
164,6.52,12,RIGHT_SHOULDER,0.30711695551872253,0.4586412310600281,0.07260777801275253,0.9997934699058533,0.9998195767402649
164,6.52,13,LEFT_ELBOW,0.21490350365638733,0.484406977891922,0.02314804308116436,0.9893736243247986,0.9996840953826904
164,6.52,14,RIGHT_ELBOW,0.32724231481552124,0.48626598715782166,0.06865042448043823,0.8522387742996216,0.999729335308075
164,6.52,15,LEFT_WRIST,0.20993562042713165,0.5019798278808594,0.05696430429816246,0.8084082007408142,0.9992658495903015
164,6.52,16,RIGHT_WRIST,0.32479071617126465,0.5111120343208313,0.08981437981128693,0.42440342903137207,0.9997379183769226
164,6.52,17,LEFT_PINKY,0.2046889215707779,0.5080363154411316,0.05270007252693176,0.7463600635528564,0.9992596507072449
164,6.52,18,RIGHT_PINKY,0.3256882131099701,0.5180142521858215,0.09612784534692764,0.3663444519042969,0.999687910079956
164,6.52,19,LEFT_INDEX,0.20688021183013916,0.5069518089294434,0.06274029612541199,0.7418537139892578,0.9993183612823486
164,6.52,20,RIGHT_INDEX,0.3174475431442261,0.5177657008171082,0.097306028008461,0.3506143391132355,0.9996927976608276
164,6.52,21,LEFT_THUMB,0.21178728342056274,0.5068174004554749,0.06241275742650032,0.6902685165405273,0.999297022819519
164,6.52,22,RIGHT_THUMB,0.31754210591316223,0.5151441693305969,0.09134114533662796,0.3390890657901764,0.999739944934845
164,6.52,23,LEFT_HIP,0.2565930187702179,0.5158293843269348,-0.036372698843479156,0.9999152421951294,0.999935507774353
164,6.52,24,RIGHT_HIP,0.30065882205963135,0.517638623714447,0.036149874329566956,0.9996306300163269,0.9998445510864258
164,6.52,25,LEFT_KNEE,0.24596360325813293,0.5628926157951355,-0.03394239768385887,0.9902840256690979,0.9999467134475708
164,6.52,26,RIGHT_KNEE,0.2899762988090515,0.5583322048187256,0.12768900394439697,0.9112023711204529,0.9996544122695923
164,6.52,27,LEFT_ANKLE,0.24428188800811768,0.6127831935882568,-0.02580670826137066,0.99358069896698,0.9998956918716431
164,6.52,28,RIGHT_ANKLE,0.29134419560432434,0.5989977121353149,0.1873370110988617,0.9515218138694763,0.9998261332511902
164,6.52,29,LEFT_HEEL,0.24849729239940643,0.619642436504364,-0.023903345689177513,0.9943554997444153,0.999798595905304
164,6.52,30,RIGHT_HEEL,0.29306620359420776,0.6046063899993896,0.19391025602817535,0.961733877658844,0.9998108744621277
164,6.52,31,LEFT_FOOT_INDEX,0.23461200296878815,0.6181392073631287,-0.04452018439769745,0.9683341979980469,0.999548614025116
164,6.52,32,RIGHT_FOOT_INDEX,0.28021538257598877,0.6063462495803833,0.18786297738552094,0.870312511920929,0.9997158646583557
165,6.56,0,NOSE,0.2615634500980377,0.43773123621940613,0.2386687695980072,0.9990980625152588,0.9999769926071167
165,6.56,1,LEFT_EYE_INNER,0.2583879232406616,0.4347414970397949,0.21016845107078552,0.9986504316329956,0.9999704360961914
165,6.56,2,LEFT_EYE,0.2564302086830139,0.43479645252227783,0.21016888320446014,0.9988529682159424,0.9999678134918213
165,6.56,3,LEFT_EYE_OUTER,0.2545597553253174,0.43492624163627625,0.21014249324798584,0.9984973073005676,0.9999618530273438
165,6.56,4,RIGHT_EYE_INNER,0.2644762098789215,0.43421420454978943,0.21519215404987335,0.9985821843147278,0.9999762773513794
165,6.56,5,RIGHT_EYE,0.26665836572647095,0.43395474553108215,0.21523088216781616,0.9987702965736389,0.9999756813049316
165,6.56,6,RIGHT_EYE_OUTER,0.2688596546649933,0.43377768993377686,0.2151818573474884,0.9984961152076721,0.9999734163284302
165,6.56,7,LEFT_EAR,0.2531542479991913,0.4363512694835663,0.10662446916103363,0.9987707138061523,0.9999614953994751
165,6.56,8,RIGHT_EAR,0.2734905183315277,0.4350820779800415,0.1302517056465149,0.9983760714530945,0.9999735355377197
165,6.56,9,MOUTH_LEFT,0.25874224305152893,0.440589964389801,0.2070891410112381,0.9983108043670654,0.9999605417251587
165,6.56,10,MOUTH_RIGHT,0.2653026878833771,0.4401598870754242,0.21350279450416565,0.9979816675186157,0.9999715089797974
165,6.56,11,LEFT_SHOULDER,0.2326458990573883,0.45648565888404846,0.022647494450211525,0.9999295473098755,0.9998801946640015
165,6.56,12,RIGHT_SHOULDER,0.3013545274734497,0.45160263776779175,0.08843334019184113,0.9998034238815308,0.9999680519104004
165,6.56,13,LEFT_ELBOW,0.21468111872673035,0.4796709418296814,0.021636759862303734,0.9797999262809753,0.9994096755981445
165,6.56,14,RIGHT_ELBOW,0.324695885181427,0.47852957248687744,0.06206025555729866,0.8663950562477112,0.9999384880065918
165,6.56,15,LEFT_WRIST,0.22469256818294525,0.4851681590080261,0.04264179617166519,0.7477684020996094,0.999472439289093
165,6.56,16,RIGHT_WRIST,0.32704728841781616,0.5064955949783325,0.03850380331277847,0.47315293550491333,0.9999489784240723
165,6.56,17,LEFT_PINKY,0.2255588173866272,0.4868631660938263,0.037168245762586594,0.6882909536361694,0.999572217464447
165,6.56,18,RIGHT_PINKY,0.33021312952041626,0.5143642425537109,0.038580965250730515,0.41464996337890625,0.9999285936355591
165,6.56,19,LEFT_INDEX,0.23311248421669006,0.48477473855018616,0.04656914249062538,0.6835752725601196,0.999636173248291
165,6.56,20,RIGHT_INDEX,0.3245638906955719,0.5147707462310791,0.04028851166367531,0.39886605739593506,0.9999227523803711
165,6.56,21,LEFT_THUMB,0.23454540967941284,0.4843406677246094,0.04736853763461113,0.6373533010482788,0.9995957016944885
165,6.56,22,RIGHT_THUMB,0.3206759989261627,0.5122801661491394,0.0400257334113121,0.38327649235725403,0.9999390840530396
165,6.56,23,LEFT_HIP,0.25558972358703613,0.5153321027755737,-0.037739548832178116,0.9999182820320129,0.9999889135360718
165,6.56,24,RIGHT_HIP,0.2973622679710388,0.5145872235298157,0.03786429762840271,0.9996448755264282,0.9999785423278809
165,6.56,25,LEFT_KNEE,0.24591758847236633,0.5626561045646667,-0.04239998012781143,0.9912124872207642,0.9999765157699585
165,6.56,26,RIGHT_KNEE,0.29057207703590393,0.5536605715751648,0.1488487273454666,0.9186444878578186,0.9999105930328369
165,6.56,27,LEFT_ANKLE,0.24713146686553955,0.6123953461647034,-0.07386688143014908,0.9940846562385559,0.9999186992645264
165,6.56,28,RIGHT_ANKLE,0.28675124049186707,0.5960016250610352,0.17936816811561584,0.955078125,0.9999127388000488
165,6.56,29,LEFT_HEEL,0.2519707977771759,0.6191615462303162,-0.07891371846199036,0.9947725534439087,0.9998515844345093
165,6.56,30,RIGHT_HEEL,0.28777337074279785,0.6024081110954285,0.18192975223064423,0.9644402265548706,0.999893069267273
165,6.56,31,LEFT_FOOT_INDEX,0.23470990359783173,0.6183650493621826,-0.10478832572698593,0.9688538312911987,0.9995653033256531
165,6.56,32,RIGHT_FOOT_INDEX,0.2741817235946655,0.6041828393936157,0.17306847870349884,0.8741021156311035,0.9998158812522888
166,6.6,0,NOSE,0.2621500790119171,0.43489089608192444,0.24050317704677582,0.9991243481636047,0.9999743700027466
166,6.6,1,LEFT_EYE_INNER,0.25918009877204895,0.43186524510383606,0.21445682644844055,0.9986762404441833,0.9999676942825317
166,6.6,2,LEFT_EYE,0.25665757060050964,0.43184033036231995,0.21447670459747314,0.9988842010498047,0.9999667406082153
166,6.6,3,LEFT_EYE_OUTER,0.2550119459629059,0.43186110258102417,0.21446460485458374,0.998525083065033,0.9999629259109497
166,6.6,4,RIGHT_EYE_INNER,0.2645694315433502,0.4315344989299774,0.2148103564977646,0.9986467957496643,0.9999719858169556
166,6.6,5,RIGHT_EYE,0.26727765798568726,0.43131449818611145,0.21483738720417023,0.998836100101471,0.999970555305481
166,6.6,6,RIGHT_EYE_OUTER,0.2698426842689514,0.43114134669303894,0.21477119624614716,0.9985752701759338,0.9999682903289795
166,6.6,7,LEFT_EAR,0.25499266386032104,0.43303364515304565,0.1161268875002861,0.9988294243812561,0.9999697208404541
166,6.6,8,RIGHT_EAR,0.2747877836227417,0.4324452579021454,0.11967360973358154,0.9984859228134155,0.9999722242355347
166,6.6,9,MOUTH_LEFT,0.2598746120929718,0.4376336932182312,0.21144725382328033,0.9983543157577515,0.9999597072601318
166,6.6,10,MOUTH_RIGHT,0.26668715476989746,0.4375500977039337,0.21194210648536682,0.9980758428573608,0.9999668598175049
166,6.6,11,LEFT_SHOULDER,0.23012880980968475,0.4545510411262512,0.07289451360702515,0.9999238848686218,0.9999397993087769
166,6.6,12,RIGHT_SHOULDER,0.3002219796180725,0.44816747307777405,0.05061381310224533,0.9998178482055664,0.9999736547470093
166,6.6,13,LEFT_ELBOW,0.2128719538450241,0.47700217366218567,0.13267937302589417,0.9699119925498962,0.9997989535331726
166,6.6,14,RIGHT_ELBOW,0.3238089680671692,0.47448375821113586,0.0599660649895668,0.8795936703681946,0.9999552965164185
166,6.6,15,LEFT_WRIST,0.22930534183979034,0.48028725385665894,0.22255593538284302,0.6869494915008545,0.9998346567153931
166,6.6,16,RIGHT_WRIST,0.3275834321975708,0.5017479062080383,0.1062161922454834,0.5196183323860168,0.9999567270278931
166,6.6,17,LEFT_PINKY,0.2321767508983612,0.481025367975235,0.23518402874469757,0.6304953694343567,0.9998261332511902
166,6.6,18,RIGHT_PINKY,0.3345608115196228,0.5093445181846619,0.1156044453382492,0.46043914556503296,0.9999344348907471
166,6.6,19,LEFT_INDEX,0.240409716963768,0.47968676686286926,0.23755982518196106,0.625777006149292,0.9998470544815063
166,6.6,20,RIGHT_INDEX,0.329673707485199,0.509680449962616,0.1179795116186142,0.4458518922328949,0.999932050704956
166,6.6,21,LEFT_THUMB,0.24083198606967926,0.47944706678390503,0.22633971273899078,0.5839632153511047,0.9998452663421631
166,6.6,22,RIGHT_THUMB,0.32559651136398315,0.5075166821479797,0.11050624400377274,0.4278697073459625,0.9999501705169678
166,6.6,23,LEFT_HIP,0.24993035197257996,0.5128495097160339,-0.007749177049845457,0.9999215006828308,0.9999866485595703
166,6.6,24,RIGHT_HIP,0.2928079068660736,0.5105517506599426,0.007546140346676111,0.9996652007102966,0.9999709129333496
166,6.6,25,LEFT_KNEE,0.2454799860715866,0.5604593753814697,-0.02052963711321354,0.9919803142547607,0.9999731779098511
166,6.6,26,RIGHT_KNEE,0.292253702878952,0.5501760244369507,0.09588269889354706,0.9258665442466736,0.9998726844787598
166,6.6,27,LEFT_ANKLE,0.24793915450572968,0.6095947623252869,-0.06990031152963638,0.9943517446517944,0.9999099969863892
166,6.6,28,RIGHT_ANKLE,0.2843807339668274,0.5939570069313049,0.1268303394317627,0.9584741592407227,0.9998776912689209
166,6.6,29,LEFT_HEEL,0.2527149021625519,0.6153045296669006,-0.07697480171918869,0.9950720071792603,0.9998224377632141
166,6.6,30,RIGHT_HEEL,0.28317439556121826,0.6000350117683411,0.10490745306015015,0.9673136472702026,0.9998682737350464
166,6.6,31,LEFT_FOOT_INDEX,0.2370414137840271,0.6179700493812561,-0.1055886521935463,0.9650425314903259,0.9995429515838623
166,6.6,32,RIGHT_FOOT_INDEX,0.27593129873275757,0.6022905111312866,0.08114928752183914,0.8780556917190552,0.9997671246528625
167,6.64,0,NOSE,0.2632591724395752,0.43042775988578796,0.1888764500617981,0.9991826415061951,0.9999486207962036
167,6.64,1,LEFT_EYE_INNER,0.2605554163455963,0.4272240996360779,0.1635151207447052,0.9987632036209106,0.9999334812164307
167,6.64,2,LEFT_EYE,0.2579590976238251,0.42710721492767334,0.16354189813137054,0.998955488204956,0.9999288320541382
167,6.64,3,LEFT_EYE_OUTER,0.2558489739894867,0.4270366430282593,0.16353784501552582,0.9986099004745483,0.999920129776001
167,6.64,4,RIGHT_EYE_INNER,0.26553720235824585,0.42712628841400146,0.1630227118730545,0.9987506866455078,0.999945878982544
167,6.64,5,RIGHT_EYE,0.2676234245300293,0.4269537329673767,0.16302433609962463,0.9989252090454102,0.999941349029541
167,6.64,6,RIGHT_EYE_OUTER,0.2701476216316223,0.42681509256362915,0.16296060383319855,0.9986845850944519,0.9999369382858276
167,6.64,7,LEFT_EAR,0.2559458911418915,0.4280296862125397,0.07328911870718002,0.9989063143730164,0.9999395608901978
167,6.64,8,RIGHT_EAR,0.2753853499889374,0.42822107672691345,0.07257381081581116,0.9986170530319214,0.9999527931213379
167,6.64,9,MOUTH_LEFT,0.2602035701274872,0.43289440870285034,0.16269008815288544,0.9984323978424072,0.9999096393585205
167,6.64,10,MOUTH_RIGHT,0.2673892378807068,0.4330587089061737,0.1620745211839676,0.9982079267501831,0.9999315738677979
167,6.64,11,LEFT_SHOULDER,0.2283450961112976,0.4497779309749603,0.05642319098114967,0.9999131560325623,0.9998680353164673
167,6.64,12,RIGHT_SHOULDER,0.3006632626056671,0.4438953399658203,0.005060323979705572,0.9998306035995483,0.9999405145645142
167,6.64,13,LEFT_ELBOW,0.20890933275222778,0.47360485792160034,0.10005968064069748,0.9670582413673401,0.9995871186256409
167,6.64,14,RIGHT_ELBOW,0.3209364116191864,0.47013962268829346,0.03038163296878338,0.8914133906364441,0.9998540878295898
167,6.64,15,LEFT_WRIST,0.22306713461875916,0.48080959916114807,0.18962708115577698,0.6376736164093018,0.9995554089546204
167,6.64,16,RIGHT_WRIST,0.32861432433128357,0.49600258469581604,0.1059299185872078,0.549960196018219,0.9998390674591064
167,6.64,17,LEFT_PINKY,0.23072463274002075,0.48256832361221313,0.20497830212116241,0.5830475091934204,0.9995272159576416
167,6.64,18,RIGHT_PINKY,0.33570271730422974,0.5035527348518372,0.11691701412200928,0.4854002594947815,0.9997739195823669
167,6.64,19,LEFT_INDEX,0.23326164484024048,0.48113420605659485,0.20436793565750122,0.5784713625907898,0.999570906162262
167,6.64,20,RIGHT_INDEX,0.3320282995700836,0.5033595561981201,0.12229076027870178,0.4721308946609497,0.999775230884552
167,6.64,21,LEFT_THUMB,0.23654085397720337,0.480540931224823,0.19261115789413452,0.5394595265388489,0.9995713829994202
167,6.64,22,RIGHT_THUMB,0.3283134996891022,0.5011842846870422,0.11199726909399033,0.4506146013736725,0.9998089671134949
167,6.64,23,LEFT_HIP,0.24771694839000702,0.5106112360954285,0.009367995895445347,0.999920666217804,0.9999656677246094
167,6.64,24,RIGHT_HIP,0.2904180586338043,0.5079179406166077,-0.00969001930207014,0.9996851086616516,0.9999427795410156
167,6.64,25,LEFT_KNEE,0.24591301381587982,0.5554457902908325,0.03707101196050644,0.9924188852310181,0.9999268054962158
167,6.64,26,RIGHT_KNEE,0.2929641306400299,0.5492347478866577,0.049876339733600616,0.9328497648239136,0.9998390674591064
167,6.64,27,LEFT_ANKLE,0.24643215537071228,0.6010086536407471,-0.008360275067389011,0.9944408535957336,0.999881386756897
167,6.64,28,RIGHT_ANKLE,0.2796943187713623,0.5931759476661682,0.027820831164717674,0.962195873260498,0.9998883008956909
167,6.64,29,LEFT_HEEL,0.24970299005508423,0.6056993007659912,-0.013227256946265697,0.995244562625885,0.9997742772102356
167,6.64,30,RIGHT_HEEL,0.2785315215587616,0.5993815064430237,0.026011068373918533,0.9701842665672302,0.9998477697372437
167,6.64,31,LEFT_FOOT_INDEX,0.2409157007932663,0.6157599687576294,-0.025126773864030838,0.9630300402641296,0.9992063641548157
167,6.64,32,RIGHT_FOOT_INDEX,0.27142661809921265,0.6050989031791687,0.026907075196504593,0.8871095776557922,0.9995686411857605
168,6.68,0,NOSE,0.26558199524879456,0.4286653399467468,0.14760525524616241,0.9992530941963196,0.9999547004699707
168,6.68,1,LEFT_EYE_INNER,0.2628939151763916,0.42534342408180237,0.12319638580083847,0.9988702535629272,0.9999351501464844
168,6.68,2,LEFT_EYE,0.26018407940864563,0.42515501379966736,0.12322841584682465,0.9990436434745789,0.9999297857284546
168,6.68,3,LEFT_EYE_OUTER,0.2575801610946655,0.42498913407325745,0.12321973592042923,0.9987271428108215,0.9999207258224487
168,6.68,4,RIGHT_EYE_INNER,0.26792284846305847,0.4253016412258148,0.12087423354387283,0.9988653063774109,0.9999474287033081
168,6.68,5,RIGHT_EYE,0.26961663365364075,0.4251054525375366,0.12087973207235336,0.9990226030349731,0.9999423027038574
168,6.68,6,RIGHT_EYE_OUTER,0.2716079354286194,0.42493587732315063,0.12082648277282715,0.9988051056861877,0.9999382495880127
168,6.68,7,LEFT_EAR,0.256577730178833,0.42559072375297546,0.038813650608062744,0.9989977478981018,0.9999394416809082
168,6.68,8,RIGHT_EAR,0.27590206265449524,0.4259744882583618,0.029546387493610382,0.9987471699714661,0.9999552965164185
168,6.68,9,MOUTH_LEFT,0.26127925515174866,0.43107643723487854,0.12343776971101761,0.9985537528991699,0.9998972415924072
168,6.68,10,MOUTH_RIGHT,0.26801571249961853,0.43139979243278503,0.12045981734991074,0.9983636140823364,0.9999231100082397
168,6.68,11,LEFT_SHOULDER,0.22690711915493011,0.44725388288497925,0.032123908400535583,0.9999009370803833,0.9997461438179016
168,6.68,12,RIGHT_SHOULDER,0.30127179622650146,0.4419281780719757,-0.03737993165850639,0.9998428225517273,0.999916672706604
168,6.68,13,LEFT_ELBOW,0.20930185914039612,0.4706038236618042,0.10043628513813019,0.9581737518310547,0.9993336796760559
168,6.68,14,RIGHT_ELBOW,0.3187280595302582,0.4692094624042511,-0.0015011491486802697,0.9019972681999207,0.9997671246528625
168,6.68,15,LEFT_WRIST,0.22283875942230225,0.4764936864376068,0.20470298826694489,0.5910178422927856,0.9994454979896545
168,6.68,16,RIGHT_WRIST,0.3297859728336334,0.49359840154647827,0.0943131074309349,0.5741840600967407,0.9997555613517761
168,6.68,17,LEFT_PINKY,0.2261815369129181,0.4777727723121643,0.22373785078525543,0.5391430258750916,0.9994184970855713
168,6.68,18,RIGHT_PINKY,0.3358546793460846,0.5014675855636597,0.1070977970957756,0.5046617984771729,0.9996650218963623
168,6.68,19,LEFT_INDEX,0.23024676740169525,0.4762277603149414,0.22111225128173828,0.5347558259963989,0.9994707703590393
168,6.68,20,RIGHT_INDEX,0.332766056060791,0.5009448528289795,0.11131972819566727,0.49306967854499817,0.9996734857559204
168,6.68,21,LEFT_THUMB,0.23278452455997467,0.4758378565311432,0.20739442110061646,0.4982931911945343,0.9994727969169617
168,6.68,22,RIGHT_THUMB,0.3293496072292328,0.49843835830688477,0.10049278289079666,0.468395859003067,0.9997269511222839
168,6.68,23,LEFT_HIP,0.2445184737443924,0.5087191462516785,0.02445533685386181,0.9999179244041443,0.9999405145645142
168,6.68,24,RIGHT_HIP,0.2862352430820465,0.5064732432365417,-0.02479926496744156,0.9997026324272156,0.9999146461486816
168,6.68,25,LEFT_KNEE,0.2453172504901886,0.5507071018218994,0.05464744567871094,0.9923908710479736,0.9999274015426636
168,6.68,26,RIGHT_KNEE,0.29260358214378357,0.5482819676399231,0.02447931282222271,0.9391098022460938,0.9998546838760376
168,6.68,27,LEFT_ANKLE,0.24278762936592102,0.5959794521331787,0.0028445562347769737,0.9942477941513062,0.9998416900634766
168,6.68,28,RIGHT_ANKLE,0.27787697315216064,0.5927635431289673,-0.009498647414147854,0.9655352830886841,0.9998408555984497
168,6.68,29,LEFT_HEEL,0.24431058764457703,0.5990480184555054,-0.0020224780309945345,0.9952070116996765,0.9996787309646606
168,6.68,30,RIGHT_HEEL,0.27425417304039,0.5987920761108398,-0.009788097813725471,0.9726372957229614,0.9997619986534119
168,6.68,31,LEFT_FOOT_INDEX,0.24178676307201385,0.6136684417724609,-0.014810958877205849,0.960466742515564,0.9989140033721924
168,6.68,32,RIGHT_FOOT_INDEX,0.27056142687797546,0.606031060218811,-0.010137788020074368,0.8954581022262573,0.9992722868919373
169,6.72,0,NOSE,0.26836878061294556,0.4266391396522522,0.1507718414068222,0.9992899298667908,0.9997833371162415
169,6.72,1,LEFT_EYE_INNER,0.26580777764320374,0.4231441617012024,0.12808671593666077,0.998932421207428,0.9997380375862122
169,6.72,2,LEFT_EYE,0.2633601725101471,0.4228927195072174,0.12811577320098877,0.9990876913070679,0.9997214674949646
169,6.72,3,LEFT_EYE_OUTER,0.2608681321144104,0.4226802587509155,0.1281115710735321,0.9987950921058655,0.9996978044509888
169,6.72,4,RIGHT_EYE_INNER,0.27101320028305054,0.4232884645462036,0.12336521595716476,0.9989467263221741,0.9997745156288147
169,6.72,5,RIGHT_EYE,0.2725241482257843,0.42316025495529175,0.1233585774898529,0.9990854859352112,0.999752938747406
169,6.72,6,RIGHT_EYE_OUTER,0.274253249168396,0.42306262254714966,0.12328266352415085,0.9988896250724792,0.9997450709342957
169,6.72,7,LEFT_EAR,0.2575041651725769,0.4232664406299591,0.04917671158909798,0.9990346431732178,0.9997459053993225
169,6.72,8,RIGHT_EAR,0.2761888802051544,0.4240938425064087,0.029413970187306404,0.9988380074501038,0.9997981190681458
169,6.72,9,MOUTH_LEFT,0.26347750425338745,0.42888715863227844,0.1286351978778839,0.9985874891281128,0.9996007084846497
169,6.72,10,MOUTH_RIGHT,0.2697429656982422,0.42936572432518005,0.1226315125823021,0.9984549283981323,0.9997001886367798
169,6.72,11,LEFT_SHOULDER,0.226762056350708,0.44404032826423645,0.03530110418796539,0.9998341798782349,0.9992244243621826
169,6.72,12,RIGHT_SHOULDER,0.30075573921203613,0.441311776638031,-0.042686741799116135,0.999847948551178,0.9997028708457947
169,6.72,13,LEFT_ELBOW,0.20794282853603363,0.46894729137420654,0.09772554785013199,0.950919508934021,0.9988428354263306
169,6.72,14,RIGHT_ELBOW,0.31722524762153625,0.4679087996482849,-0.012209112755954266,0.9114425182342529,0.9995337724685669
169,6.72,15,LEFT_WRIST,0.22238261997699738,0.4738905727863312,0.19008676707744598,0.5447691082954407,0.9991777539253235
169,6.72,16,RIGHT_WRIST,0.32874536514282227,0.4900408983230591,0.07664811611175537,0.5832131505012512,0.9995623230934143
169,6.72,17,LEFT_PINKY,0.22452135384082794,0.4754408597946167,0.2094104290008545,0.49597078561782837,0.999168872833252
169,6.72,18,RIGHT_PINKY,0.33317020535469055,0.49744313955307007,0.08697445690631866,0.5062308311462402,0.9994332194328308
169,6.72,19,LEFT_INDEX,0.2311675101518631,0.4739415943622589,0.20473915338516235,0.4916718304157257,0.9992533326148987
169,6.72,20,RIGHT_INDEX,0.3311675786972046,0.49685463309288025,0.09300196915864944,0.4960949122905731,0.999442994594574
169,6.72,21,LEFT_THUMB,0.23251470923423767,0.4734664559364319,0.19153369963169098,0.4581482410430908,0.9992796778678894
169,6.72,22,RIGHT_THUMB,0.327619343996048,0.49469032883644104,0.08300565928220749,0.46786069869995117,0.9995386600494385
169,6.72,23,LEFT_HIP,0.24346570670604706,0.5060032606124878,0.0391102060675621,0.9998725056648254,0.999733030796051
169,6.72,24,RIGHT_HIP,0.2860003411769867,0.5047552585601807,-0.03945055976510048,0.9996936917304993,0.9996470212936401
169,6.72,25,LEFT_KNEE,0.24427931010723114,0.5440651774406433,0.08624589443206787,0.9897703528404236,0.9996674060821533
169,6.72,26,RIGHT_KNEE,0.2913661003112793,0.5455667972564697,0.002442116616293788,0.9447615146636963,0.9996658563613892
169,6.72,27,LEFT_ANKLE,0.24202010035514832,0.5860792398452759,0.03499263897538185,0.9918470978736877,0.9996494054794312
169,6.72,28,RIGHT_ANKLE,0.2768176198005676,0.5920953154563904,-0.044124703854322433,0.9684932231903076,0.9997264742851257
169,6.72,29,LEFT_HEEL,0.24262672662734985,0.5902583003044128,0.03037339635193348,0.9940230846405029,0.9993796348571777
169,6.72,30,RIGHT_HEEL,0.2733418047428131,0.5975672602653503,-0.045850273221731186,0.9748490452766418,0.9995595812797546
169,6.72,31,LEFT_FOOT_INDEX,0.2442852109670639,0.6030637621879578,0.02245386317372322,0.9474899768829346,0.9986044764518738
169,6.72,32,RIGHT_FOOT_INDEX,0.27218714356422424,0.603318989276886,-0.05077540501952171,0.901810348033905,0.9988282322883606
170,6.76,0,NOSE,0.2694600224494934,0.42569053173065186,0.15852434933185577,0.9992601871490479,0.9994791150093079
170,6.76,1,LEFT_EYE_INNER,0.26694896817207336,0.42217615246772766,0.13294348120689392,0.998916745185852,0.9993636012077332
170,6.76,2,LEFT_EYE,0.264537513256073,0.42188674211502075,0.13296471536159515,0.9990652799606323,0.9993435740470886
170,6.76,3,LEFT_EYE_OUTER,0.2620365619659424,0.4216490685939789,0.13295122981071472,0.9987772703170776,0.9993174076080322
170,6.76,4,RIGHT_EYE_INNER,0.27268296480178833,0.4223887324333191,0.13049015402793884,0.9989646077156067,0.9993901252746582
170,6.76,5,RIGHT_EYE,0.27437761425971985,0.42225465178489685,0.13049647212028503,0.9990878701210022,0.9993234872817993
170,6.76,6,RIGHT_EYE_OUTER,0.27622079849243164,0.42213401198387146,0.1304272562265396,0.9989011883735657,0.9992977380752563
170,6.76,7,LEFT_EAR,0.25800400972366333,0.422357439994812,0.04771992564201355,0.9990047216415405,0.999383807182312
170,6.76,8,RIGHT_EAR,0.2767880856990814,0.42314469814300537,0.03717478737235069,0.9988647699356079,0.9993337988853455
170,6.76,9,MOUTH_LEFT,0.26411372423171997,0.42788320779800415,0.13424213230609894,0.9985386729240417,0.9991655349731445
170,6.76,10,MOUTH_RIGHT,0.27068060636520386,0.4284771680831909,0.13098053634166718,0.9984811544418335,0.9993419051170349
170,6.76,11,LEFT_SHOULDER,0.22699834406375885,0.4427536725997925,0.028707576915621758,0.9997527003288269,0.9987038373947144
170,6.76,12,RIGHT_SHOULDER,0.30091679096221924,0.44075149297714233,-0.03024781495332718,0.9998441934585571,0.9994335770606995
170,6.76,13,LEFT_ELBOW,0.20809631049633026,0.46837154030799866,0.07888711243867874,0.9438222050666809,0.9983124732971191
170,6.76,14,RIGHT_ELBOW,0.31688955426216125,0.4672488272190094,-0.036561574786901474,0.9197540879249573,0.99925297498703
170,6.76,15,LEFT_WRIST,0.2222939282655716,0.47348833084106445,0.14043113589286804,0.5016709566116333,0.9982956051826477
170,6.76,16,RIGHT_WRIST,0.32761335372924805,0.48956403136253357,-0.01423591747879982,0.5823555588722229,0.9993459582328796
170,6.76,17,LEFT_PINKY,0.22561700642108917,0.47786033153533936,0.16020028293132782,0.45634257793426514,0.9984436631202698
170,6.76,18,RIGHT_PINKY,0.33118078112602234,0.49722570180892944,-0.013746700249612331,0.49952346086502075,0.9992921352386475
170,6.76,19,LEFT_INDEX,0.23432299494743347,0.4764009416103363,0.1448984593153,0.45199814438819885,0.9986512064933777
170,6.76,20,RIGHT_INDEX,0.3288704454898834,0.4965003728866577,-0.007661524694412947,0.489468514919281,0.9993120431900024
170,6.76,21,LEFT_THUMB,0.23536331951618195,0.47541379928588867,0.13770833611488342,0.4210078716278076,0.9986109733581543
170,6.76,22,RIGHT_THUMB,0.3258315920829773,0.49406978487968445,-0.010019481182098389,0.4577467739582062,0.9993999004364014
170,6.76,23,LEFT_HIP,0.24238136410713196,0.5051650404930115,0.033363714814186096,0.999782919883728,0.999160885810852
170,6.76,24,RIGHT_HIP,0.2848435342311859,0.5045483708381653,-0.033596985042095184,0.999662458896637,0.9990330934524536
170,6.76,25,LEFT_KNEE,0.24388308823108673,0.5420456528663635,0.09150644391775131,0.9878858923912048,0.9993946552276611
170,6.76,26,RIGHT_KNEE,0.2897662818431854,0.5463231801986694,0.018923046067357063,0.9499398469924927,0.9994031190872192
170,6.76,27,LEFT_ANKLE,0.24111226201057434,0.5820941925048828,0.10801847279071808,0.9898576736450195,0.999488353729248
170,6.76,28,RIGHT_ANKLE,0.2765824794769287,0.5921738147735596,-0.04176773875951767,0.971066415309906,0.999480664730072
170,6.76,29,LEFT_HEEL,0.2414236217737198,0.5870917439460754,0.10999781638383865,0.9928305745124817,0.9991058707237244
170,6.76,30,RIGHT_HEEL,0.27321940660476685,0.5981491804122925,-0.007971442304551601,0.9767673015594482,0.9991270899772644
170,6.76,31,LEFT_FOOT_INDEX,0.24429722130298615,0.5943008661270142,0.10127390921115875,0.926781952381134,0.9985089898109436
170,6.76,32,RIGHT_FOOT_INDEX,0.27343064546585083,0.6009724140167236,-0.03150049224495888,0.90181964635849,0.998336672782898
171,6.8,0,NOSE,0.270766943693161,0.4258808493614197,0.13744664192199707,0.9992958307266235,0.9997479319572449
171,6.8,1,LEFT_EYE_INNER,0.2683279514312744,0.42240646481513977,0.11082223802804947,0.9989750385284424,0.9996734857559204
171,6.8,2,LEFT_EYE,0.26592376828193665,0.4221116304397583,0.11085370928049088,0.9991124868392944,0.9996494054794312
171,6.8,3,LEFT_EYE_OUTER,0.2634049952030182,0.4218762516975403,0.1108422726392746,0.9988353848457336,0.9996246099472046
171,6.8,4,RIGHT_EYE_INNER,0.27432307600975037,0.4226744771003723,0.11015570163726807,0.9990330934524536,0.9997088313102722
171,6.8,5,RIGHT_EYE,0.27605098485946655,0.42256608605384827,0.1101650670170784,0.9991462826728821,0.9996764659881592
171,6.8,6,RIGHT_EYE_OUTER,0.2779116630554199,0.4224857687950134,0.11011406034231186,0.9989714622497559,0.9996576309204102
171,6.8,7,LEFT_EAR,0.2585657238960266,0.4225766062736511,0.02565462701022625,0.9990513324737549,0.9996469020843506
171,6.8,8,RIGHT_EAR,0.2778295576572418,0.4234619140625,0.023122569546103477,0.9989460110664368,0.999678373336792
171,6.8,9,MOUTH_LEFT,0.26519227027893066,0.4279805123806,0.11344285309314728,0.9986201524734497,0.9995514750480652
171,6.8,10,MOUTH_RIGHT,0.27189457416534424,0.42862316966056824,0.11233829706907272,0.9985895752906799,0.9996644258499146
171,6.8,11,LEFT_SHOULDER,0.22679822146892548,0.44297224283218384,0.0007985571282915771,0.9997247457504272,0.9993321299552917
171,6.8,12,RIGHT_SHOULDER,0.301205575466156,0.4413875341415405,-0.027316533029079437,0.9998435974121094,0.9996520280838013
171,6.8,13,LEFT_ELBOW,0.20757906138896942,0.4683217704296112,0.06173713132739067,0.9427168369293213,0.9990033507347107
171,6.8,14,RIGHT_ELBOW,0.31692782044410706,0.46876972913742065,-0.004621708765625954,0.9271605014801025,0.9996315240859985
171,6.8,15,LEFT_WRIST,0.22167295217514038,0.47345882654190063,0.14082634449005127,0.46438658237457275,0.999267041683197
171,6.8,16,RIGHT_WRIST,0.3233588933944702,0.49027106165885925,0.05118437856435776,0.5792794227600098,0.9997535347938538
171,6.8,17,LEFT_PINKY,0.22107261419296265,0.47606104612350464,0.15377846360206604,0.4211239516735077,0.999275267124176
171,6.8,18,RIGHT_PINKY,0.32564494013786316,0.4970901310443878,0.057515520602464676,0.491629958152771,0.9997021555900574
171,6.8,19,LEFT_INDEX,0.23029465973377228,0.47297829389572144,0.14830568432807922,0.4167077839374542,0.9993782043457031
171,6.8,20,RIGHT_INDEX,0.32292109727859497,0.4961625933647156,0.05955495312809944,0.48204413056373596,0.999721109867096
171,6.8,21,LEFT_THUMB,0.23028922080993652,0.4730643332004547,0.14153814315795898,0.3881060481071472,0.9993579983711243
171,6.8,22,RIGHT_THUMB,0.3204357922077179,0.4939815402030945,0.054952386766672134,0.4477519094944,0.9997625946998596
171,6.8,23,LEFT_HIP,0.2403424233198166,0.5056439638137817,0.01939132623374462,0.9997643828392029,0.9996662139892578
171,6.8,24,RIGHT_HIP,0.28194743394851685,0.5052528977394104,-0.019656674936413765,0.9996582269668579,0.9995535016059875
171,6.8,25,LEFT_KNEE,0.24199670553207397,0.5441198348999023,0.06724994629621506,0.9886148571968079,0.9998028874397278
171,6.8,26,RIGHT_KNEE,0.2855055630207062,0.5474425554275513,0.050958286970853806,0.9547101259231567,0.9996401071548462
171,6.8,27,LEFT_ANKLE,0.24171817302703857,0.5833141207695007,0.10784251242876053,0.9901309013366699,0.9998020529747009
171,6.8,28,RIGHT_ANKLE,0.2777324318885803,0.5922353863716125,0.10645125806331635,0.973447859287262,0.9997932314872742
171,6.8,29,LEFT_HEEL,0.24299943447113037,0.5898891091346741,0.11332662403583527,0.9929658770561218,0.9996364116668701
171,6.8,30,RIGHT_HEEL,0.27496394515037537,0.5986840724945068,0.11469800025224686,0.9785346388816833,0.99968421459198
171,6.8,31,LEFT_FOOT_INDEX,0.2442978173494339,0.5940911769866943,0.1085696741938591,0.9199856519699097,0.99925297498703
171,6.8,32,RIGHT_FOOT_INDEX,0.27350032329559326,0.5991514921188354,0.11153329163789749,0.900716245174408,0.9993640780448914
172,6.84,0,NOSE,0.2721934914588928,0.4266851544380188,0.1435379683971405,0.9993380904197693,0.9997993111610413
172,6.84,1,LEFT_EYE_INNER,0.26988890767097473,0.423243910074234,0.11754131317138672,0.9990404844284058,0.9997438788414001
172,6.84,2,LEFT_EYE,0.2675476372241974,0.4229528307914734,0.11756774038076401,0.9991708397865295,0.999733030796051
172,6.84,3,LEFT_EYE_OUTER,0.26509809494018555,0.4227205216884613,0.1175559014081955,0.998908281326294,0.9997254014015198
172,6.84,4,RIGHT_EYE_INNER,0.2760491967201233,0.42354923486709595,0.11663859337568283,0.9991013407707214,0.9997424483299255
172,6.84,5,RIGHT_EYE,0.27785441279411316,0.42346274852752686,0.1166454553604126,0.9992066621780396,0.9997034668922424
172,6.84,6,RIGHT_EYE_OUTER,0.27977681159973145,0.42340484261512756,0.11659780144691467,0.9990404844284058,0.9996813535690308
172,6.84,7,LEFT_EAR,0.25994542241096497,0.4234713912010193,0.03353599086403847,0.9991139769554138,0.9997443556785583
172,6.84,8,RIGHT_EAR,0.2798584997653961,0.4244011342525482,0.02926431968808174,0.9990260004997253,0.9996523857116699
172,6.84,9,MOUTH_LEFT,0.2667253017425537,0.42877885699272156,0.1197761669754982,0.99871826171875,0.9996864795684814
172,6.84,10,MOUTH_RIGHT,0.27347269654273987,0.4294296205043793,0.11811790615320206,0.9987004995346069,0.9997370839118958
172,6.84,11,LEFT_SHOULDER,0.22719889879226685,0.4437742531299591,-0.00042554884566925466,0.9997198581695557,0.9995542168617249
172,6.84,12,RIGHT_SHOULDER,0.30198925733566284,0.4424857199192047,-0.019814683124423027,0.9998441338539124,0.999638557434082
172,6.84,13,LEFT_ELBOW,0.20691971480846405,0.4689103960990906,0.032580845057964325,0.9429455995559692,0.9992620348930359
172,6.84,14,RIGHT_ELBOW,0.3171018064022064,0.46970611810684204,-0.02668735571205616,0.9338104724884033,0.9996570348739624
172,6.84,15,LEFT_WRIST,0.22145071625709534,0.47597208619117737,0.08813123404979706,0.43351566791534424,0.999372661113739
172,6.84,16,RIGHT_WRIST,0.32114315032958984,0.491371750831604,-0.012575764209032059,0.5807402729988098,0.9998038411140442
172,6.84,17,LEFT_PINKY,0.22013698518276215,0.47875580191612244,0.09280837327241898,0.3915928602218628,0.9993476271629333
172,6.84,18,RIGHT_PINKY,0.3223775625228882,0.4977765381336212,-0.012501572258770466,0.4896772503852844,0.999776303768158
172,6.84,19,LEFT_INDEX,0.2288779765367508,0.4759933054447174,0.09064187109470367,0.3869258463382721,0.9994712471961975
172,6.84,20,RIGHT_INDEX,0.3194560110569,0.4965384900569916,-0.008196050301194191,0.4802302122116089,0.999794065952301
172,6.84,21,LEFT_THUMB,0.2302725613117218,0.4759949743747711,0.08915014564990997,0.36035358905792236,0.9994601607322693
172,6.84,22,RIGHT_THUMB,0.3174431025981903,0.4945308268070221,-0.009161374531686306,0.4427228569984436,0.999826967716217
172,6.84,23,LEFT_HIP,0.23944035172462463,0.5062981247901917,0.014438006095588207,0.9997642636299133,0.9996743202209473
172,6.84,24,RIGHT_HIP,0.28154996037483215,0.5059626698493958,-0.014709587208926678,0.9996649026870728,0.9994691014289856
172,6.84,25,LEFT_KNEE,0.24203932285308838,0.5451122522354126,0.06515572965145111,0.9895649552345276,0.9998624324798584
172,6.84,26,RIGHT_KNEE,0.28391507267951965,0.5481231212615967,0.07627887278795242,0.9591043591499329,0.9996392726898193
172,6.84,27,LEFT_ANKLE,0.24139712750911713,0.5851404666900635,0.1147771030664444,0.9907907843589783,0.9998652935028076
172,6.84,28,RIGHT_ANKLE,0.2788286805152893,0.5922052264213562,0.13882814347743988,0.9758100509643555,0.9998511075973511
172,6.84,29,LEFT_HEEL,0.24262644350528717,0.5921251773834229,0.1208445206284523,0.9933714866638184,0.99974125623703
172,6.84,30,RIGHT_HEEL,0.2767162322998047,0.5989462733268738,0.14650852978229523,0.9803696274757385,0.9997870326042175
172,6.84,31,LEFT_FOOT_INDEX,0.24363970756530762,0.5952357649803162,0.11240927875041962,0.9182314872741699,0.9994389414787292
172,6.84,32,RIGHT_FOOT_INDEX,0.2782018780708313,0.5984918475151062,0.14292044937610626,0.9021924734115601,0.9995692372322083
173,6.88,0,NOSE,0.27269598841667175,0.4286614656448364,0.16360518336296082,0.9993513822555542,0.9999123811721802
173,6.88,1,LEFT_EYE_INNER,0.2706765830516815,0.4252542555332184,0.1380632370710373,0.9990545511245728,0.999885082244873
173,6.88,2,LEFT_EYE,0.2684527039527893,0.4249234199523926,0.13799279928207397,0.9991958141326904,0.9998830556869507
173,6.88,3,LEFT_EYE_OUTER,0.26600804924964905,0.424660325050354,0.13806116580963135,0.9989357590675354,0.9998812675476074
173,6.88,4,RIGHT_EYE_INNER,0.27702951431274414,0.42609864473342896,0.13740186393260956,0.9991015195846558,0.9998664855957031
173,6.88,5,RIGHT_EYE,0.2790030539035797,0.42631492018699646,0.13738179206848145,0.9992141723632812,0.9998335838317871
173,6.88,6,RIGHT_EYE_OUTER,0.28109827637672424,0.426535427570343,0.1373666524887085,0.9990190863609314,0.9998047947883606
173,6.88,7,LEFT_EAR,0.2614891827106476,0.42607957124710083,0.046584352850914,0.9991364479064941,0.9998915195465088
173,6.88,8,RIGHT_EAR,0.2817743420600891,0.4277779161930084,0.0399264357984066,0.9990332126617432,0.9997288584709167
173,6.88,9,MOUTH_LEFT,0.26729416847229004,0.43075644969940186,0.13554321229457855,0.9987679123878479,0.9998886585235596
173,6.88,10,MOUTH_RIGHT,0.27406060695648193,0.4320890009403229,0.1331636905670166,0.9987278580665588,0.999854564666748
173,6.88,11,LEFT_SHOULDER,0.22726301848888397,0.44403690099716187,0.0033094973769038916,0.9997323751449585,0.9998817443847656
173,6.88,12,RIGHT_SHOULDER,0.30246487259864807,0.4486365020275116,0.00343558331951499,0.9998341798782349,0.9995883107185364
173,6.88,13,LEFT_ELBOW,0.20401546359062195,0.466717392206192,-0.05445297434926033,0.9481293559074402,0.9998757839202881
173,6.88,14,RIGHT_ELBOW,0.31913793087005615,0.47266685962677,-0.026494693011045456,0.938727855682373,0.9997419714927673
173,6.88,15,LEFT_WRIST,0.20498712360858917,0.47993648052215576,-0.09900645166635513,0.4820095896720886,0.9998069405555725
173,6.88,16,RIGHT_WRIST,0.31932803988456726,0.4922160506248474,-0.0513010174036026,0.6062694787979126,0.9998032450675964
173,6.88,17,LEFT_PINKY,0.20134423673152924,0.48583126068115234,-0.10989167541265488,0.4379708170890808,0.9996938705444336
173,6.88,18,RIGHT_PINKY,0.31883367896080017,0.4986611604690552,-0.05618329718708992,0.5163530111312866,0.9997722506523132
173,6.88,19,LEFT_INDEX,0.20563901960849762,0.48599937558174133,-0.10679696500301361,0.4333552122116089,0.9997584223747253
173,6.88,20,RIGHT_INDEX,0.31463998556137085,0.49733927845954895,-0.05129099264740944,0.5072054862976074,0.9997729659080505
173,6.88,21,LEFT_THUMB,0.2101045548915863,0.48457828164100647,-0.09785453975200653,0.40442487597465515,0.999796450138092
173,6.88,22,RIGHT_THUMB,0.3133885860443115,0.4953922927379608,-0.04864313453435898,0.46565738320350647,0.9998130202293396
173,6.88,23,LEFT_HIP,0.23997396230697632,0.5065001845359802,0.007670744322240353,0.999765932559967,0.9998175501823425
173,6.88,24,RIGHT_HIP,0.2816912531852722,0.5066770911216736,-0.008121507242321968,0.9996698498725891,0.9996675252914429
173,6.88,25,LEFT_KNEE,0.24224424362182617,0.5459849238395691,0.03697209805250168,0.9904303550720215,0.999817430973053
173,6.88,26,RIGHT_KNEE,0.2841756045818329,0.5485002398490906,0.05938274413347244,0.9630336761474609,0.9997075200080872
173,6.88,27,LEFT_ANKLE,0.241111621260643,0.5873849391937256,-0.01615874655544758,0.9914931058883667,0.9999408721923828
173,6.88,28,RIGHT_ANKLE,0.28028976917266846,0.5924371480941772,0.013575463555753231,0.978038489818573,0.9999405145645142
173,6.88,29,LEFT_HEEL,0.24276964366436005,0.5935509204864502,-0.02137763984501362,0.9939125776290894,0.9998934268951416
173,6.88,30,RIGHT_HEEL,0.2772449851036072,0.5990201234817505,0.009384837001562119,0.9821128845214844,0.9999176263809204
173,6.88,31,LEFT_FOOT_INDEX,0.2384430468082428,0.596626341342926,-0.04542171582579613,0.9218655824661255,0.9997304081916809
173,6.88,32,RIGHT_FOOT_INDEX,0.2846434712409973,0.5998239517211914,-0.01163391675800085,0.9086936116218567,0.9997904896736145
174,6.92,0,NOSE,0.27455151081085205,0.43303182721138,0.1891764998435974,0.999374270439148,0.9998776912689209
174,6.92,1,LEFT_EYE_INNER,0.2724689841270447,0.42982733249664307,0.16553592681884766,0.9990922212600708,0.999872088432312
174,6.92,2,LEFT_EYE,0.2702057361602783,0.42947256565093994,0.16550272703170776,0.9992343187332153,0.9998750686645508
174,6.92,3,LEFT_EYE_OUTER,0.2676965892314911,0.429180771112442,0.16554708778858185,0.998985767364502,0.9998757839202881
174,6.92,4,RIGHT_EYE_INNER,0.2787081003189087,0.430643767118454,0.1643461436033249,0.9991328716278076,0.9998399019241333
174,6.92,5,RIGHT_EYE,0.28062695264816284,0.43081924319267273,0.1643316000699997,0.9992444515228271,0.9998016953468323
174,6.92,6,RIGHT_EYE_OUTER,0.2825825810432434,0.43101927638053894,0.1642918884754181,0.9990438222885132,0.9997689127922058
174,6.92,7,LEFT_EAR,0.26318198442459106,0.4304262697696686,0.07888014614582062,0.9991787075996399,0.9998986721038818
174,6.92,8,RIGHT_EAR,0.2832537591457367,0.43216100335121155,0.07166245579719543,0.999066948890686,0.999663233757019
174,6.92,9,MOUTH_LEFT,0.2694084644317627,0.43502694368362427,0.16271182894706726,0.9988174438476562,0.9998475313186646
174,6.92,10,MOUTH_RIGHT,0.2760303318500519,0.4363269507884979,0.16003549098968506,0.998765230178833,0.9997743964195251
174,6.92,11,LEFT_SHOULDER,0.22778058052062988,0.4475511312484741,0.009370443411171436,0.9997438788414001,0.999907374382019
174,6.92,12,RIGHT_SHOULDER,0.3027779757976532,0.4532005488872528,0.025712991133332253,0.9998124837875366,0.9993543028831482
174,6.92,13,LEFT_ELBOW,0.2030305415391922,0.4675442576408386,-0.012140113860368729,0.9531112909317017,0.9999117851257324
174,6.92,14,RIGHT_ELBOW,0.3234960436820984,0.4768095016479492,-0.007693727966398001,0.9431349039077759,0.9996523857116699
174,6.92,15,LEFT_WRIST,0.1982189416885376,0.48450878262519836,-0.0028806948103010654,0.5242319107055664,0.9998677968978882
174,6.92,16,RIGHT_WRIST,0.3171802759170532,0.4925242066383362,0.003694481449201703,0.6177636981010437,0.999728262424469
174,6.92,17,LEFT_PINKY,0.1949625313282013,0.489059180021286,-0.004957218654453754,0.47339928150177,0.999762237071991
174,6.92,18,RIGHT_PINKY,0.3139325678348541,0.49923866987228394,0.005323238670825958,0.5252114534378052,0.999691367149353
174,6.92,19,LEFT_INDEX,0.19770993292331696,0.48919036984443665,-0.0015289268922060728,0.4687059223651886,0.9998196959495544
174,6.92,20,RIGHT_INDEX,0.3103405237197876,0.4979594945907593,0.010308668948709965,0.5165579915046692,0.9997054934501648
174,6.92,21,LEFT_THUMB,0.20112676918506622,0.48787060379981995,-0.00022746554168406874,0.4369473159313202,0.9998537302017212
174,6.92,22,RIGHT_THUMB,0.31014081835746765,0.49599239230155945,0.0073182773776352406,0.47207745909690857,0.999757707118988
174,6.92,23,LEFT_HIP,0.23990368843078613,0.5080164670944214,0.005199697334319353,0.9997644424438477,0.9998483657836914
174,6.92,24,RIGHT_HIP,0.2821430265903473,0.5086644887924194,-0.005636782851070166,0.9996737837791443,0.9996998310089111
174,6.92,25,LEFT_KNEE,0.24156822264194489,0.5480877757072449,0.0108857536688447,0.9913082718849182,0.9998297691345215
174,6.92,26,RIGHT_KNEE,0.2842522859573364,0.5504706501960754,0.03218912333250046,0.9666046500205994,0.9996482133865356
174,6.92,27,LEFT_ANKLE,0.24007214605808258,0.5879890322685242,-0.05136018991470337,0.9921709299087524,0.999953031539917
174,6.92,28,RIGHT_ANKLE,0.2815520763397217,0.5929332971572876,-0.019214173778891563,0.9800603985786438,0.999937891960144
174,6.92,29,LEFT_HEEL,0.24141648411750793,0.5942782759666443,-0.057178083807229996,0.9944211840629578,0.999916672706604
174,6.92,30,RIGHT_HEEL,0.2774418592453003,0.5991900563240051,-0.023733999580144882,0.9837023615837097,0.9999164342880249
174,6.92,31,LEFT_FOOT_INDEX,0.23503319919109344,0.5981014966964722,-0.07824991643428802,0.9248018860816956,0.9997650980949402
174,6.92,32,RIGHT_FOOT_INDEX,0.28524917364120483,0.600375235080719,-0.04401268810033798,0.9141904711723328,0.9997867941856384
175,6.96,0,NOSE,0.2753369212150574,0.44098642468452454,0.17923995852470398,0.9993587136268616,0.9997019171714783
175,6.96,1,LEFT_EYE_INNER,0.27329927682876587,0.4376310706138611,0.15450282394886017,0.9990659952163696,0.9996575117111206
175,6.96,2,LEFT_EYE,0.2710219919681549,0.437348872423172,0.15447025001049042,0.9992284774780273,0.9996821880340576
175,6.96,3,LEFT_EYE_OUTER,0.26857805252075195,0.43712717294692993,0.15451990067958832,0.9989756941795349,0.9997060894966125
175,6.96,4,RIGHT_EYE_INNER,0.2797294855117798,0.43835556507110596,0.15417489409446716,0.9990851283073425,0.9994882345199585
175,6.96,5,RIGHT_EYE,0.28171074390411377,0.43852558732032776,0.1541658192873001,0.9992086291313171,0.9993163347244263
175,6.96,6,RIGHT_EYE_OUTER,0.2836621403694153,0.43869227170944214,0.15412387251853943,0.9989532232284546,0.9991627931594849
175,6.96,7,LEFT_EAR,0.26448744535446167,0.4381386935710907,0.06591499596834183,0.999165952205658,0.9997684359550476
175,6.96,8,RIGHT_EAR,0.28418731689453125,0.4395609498023987,0.06272733956575394,0.9989719390869141,0.9985156655311584
175,6.96,9,MOUTH_LEFT,0.2701800465583801,0.4429493844509125,0.15219008922576904,0.9988215565681458,0.9996941089630127
175,6.96,10,MOUTH_RIGHT,0.2771463394165039,0.4440651834011078,0.15063969790935516,0.9987292289733887,0.9993815422058105
175,6.96,11,LEFT_SHOULDER,0.23017047345638275,0.45392706990242004,-0.005676841363310814,0.999758243560791,0.999930739402771
175,6.96,12,RIGHT_SHOULDER,0.30294978618621826,0.45927271246910095,0.02472548745572567,0.999700665473938,0.997797966003418
175,6.96,13,LEFT_ELBOW,0.2025621235370636,0.46995440125465393,-0.0391988605260849,0.9577528238296509,0.9999607801437378
175,6.96,14,RIGHT_ELBOW,0.325529545545578,0.4825595021247864,0.02416977286338806,0.9443351030349731,0.99949049949646
175,6.96,15,LEFT_WRIST,0.18152658641338348,0.49161893129348755,-0.03544412553310394,0.5708726048469543,0.9999393224716187
175,6.96,16,RIGHT_WRIST,0.31275883316993713,0.49259546399116516,0.06735740602016449,0.6201817989349365,0.9996362924575806
175,6.96,17,LEFT_PINKY,0.17667949199676514,0.49646082520484924,-0.042728692293167114,0.5232747793197632,0.9998633861541748
175,6.96,18,RIGHT_PINKY,0.30631113052368164,0.4995481073856354,0.07462723553180695,0.5283645987510681,0.9995848536491394
175,6.96,19,LEFT_INDEX,0.17840227484703064,0.49653610587120056,-0.03719679266214371,0.5188599228858948,0.9998970031738281
175,6.96,20,RIGHT_INDEX,0.3033655881881714,0.4983183443546295,0.07397636771202087,0.5204317569732666,0.999607503414154
175,6.96,21,LEFT_THUMB,0.18210500478744507,0.4947296679019928,-0.032082829624414444,0.4879758954048157,0.9999182224273682
175,6.96,22,RIGHT_THUMB,0.303955614566803,0.49634459614753723,0.06936143338680267,0.4736015796661377,0.9996680021286011
175,6.96,23,LEFT_HIP,0.23945750296115875,0.5131170749664307,0.0006137870950624347,0.9997534155845642,0.9998014569282532
175,6.96,24,RIGHT_HIP,0.28117039799690247,0.5145236849784851,-0.0010235973168164492,0.9996578097343445,0.9994989633560181
175,6.96,25,LEFT_KNEE,0.23769870400428772,0.551300585269928,0.0021533712279051542,0.9921233654022217,0.9998517036437988
175,6.96,26,RIGHT_KNEE,0.2834358215332031,0.5559061169624329,0.04040547087788582,0.9698463082313538,0.9995392560958862
175,6.96,27,LEFT_ANKLE,0.23693913221359253,0.5908581614494324,-0.02952108532190323,0.9928115010261536,0.9999513626098633
175,6.96,28,RIGHT_ANKLE,0.2830944359302521,0.5969959497451782,0.03862905874848366,0.9818314909934998,0.9999023675918579
175,6.96,29,LEFT_HEEL,0.23966635763645172,0.5963594913482666,-0.04034854844212532,0.9948739409446716,0.9999163150787354
175,6.96,30,RIGHT_HEEL,0.2791599631309509,0.6039078831672668,0.04134261608123779,0.9850240349769592,0.9998692274093628
175,6.96,31,LEFT_FOOT_INDEX,0.2269936352968216,0.5998231768608093,-0.060662105679512024,0.9262804388999939,0.9997801184654236
175,6.96,32,RIGHT_FOOT_INDEX,0.287246435880661,0.6011533141136169,0.01470883283764124,0.9151635766029358,0.9996963739395142
176,7.0,0,NOSE,0.2753605544567108,0.44469884037971497,0.16699135303497314,0.9993526935577393,0.9996713399887085
176,7.0,1,LEFT_EYE_INNER,0.27326446771621704,0.44150856137275696,0.14132599532604218,0.9990654587745667,0.9996387958526611
176,7.0,2,LEFT_EYE,0.27101922035217285,0.44117963314056396,0.14128930866718292,0.9992444515228271,0.9996700286865234
176,7.0,3,LEFT_EYE_OUTER,0.2686000466346741,0.44091835618019104,0.14132185280323029,0.9989896416664124,0.999700665473938
176,7.0,4,RIGHT_EYE_INNER,0.2795372009277344,0.44210734963417053,0.14254534244537354,0.9990668892860413,0.999438464641571
176,7.0,5,RIGHT_EYE,0.28149136900901794,0.4421960413455963,0.1425473690032959,0.9992039799690247,0.9992430210113525
176,7.0,6,RIGHT_EYE_OUTER,0.28342947363853455,0.44230690598487854,0.14250659942626953,0.9988948106765747,0.999046266078949
176,7.0,7,LEFT_EAR,0.2646171748638153,0.4418278932571411,0.05036788061261177,0.9991890788078308,0.9997798800468445
176,7.0,8,RIGHT_EAR,0.2841782867908478,0.44324222207069397,0.054260462522506714,0.9989177584648132,0.9983396530151367
176,7.0,9,MOUTH_LEFT,0.27050653100013733,0.44659024477005005,0.1391458362340927,0.9988479018211365,0.9997007846832275
176,7.0,10,MOUTH_RIGHT,0.27715909481048584,0.44758203625679016,0.13960663974285126,0.9987102746963501,0.9993621706962585
176,7.0,11,LEFT_SHOULDER,0.2307339310646057,0.45776382088661194,-0.022154223173856735,0.9997702836990356,0.9999388456344604
176,7.0,12,RIGHT_SHOULDER,0.30265742540359497,0.46318796277046204,0.024246348068118095,0.9995459914207458,0.9973824620246887
176,7.0,13,LEFT_ELBOW,0.19989143311977386,0.472951740026474,-0.0564015656709671,0.9619469046592712,0.9999606609344482
176,7.0,14,RIGHT_ELBOW,0.32573971152305603,0.48487603664398193,0.02682063914835453,0.9457342624664307,0.9993939399719238
176,7.0,15,LEFT_WRIST,0.17236340045928955,0.49386683106422424,-0.046127818524837494,0.6131712794303894,0.9999240636825562
176,7.0,16,RIGHT_WRIST,0.31211456656455994,0.49284622073173523,0.06267072260379791,0.6220410466194153,0.9995658993721008
176,7.0,17,LEFT_PINKY,0.16592952609062195,0.49850863218307495,-0.05434403568506241,0.5690075755119324,0.9998300075531006
176,7.0,18,RIGHT_PINKY,0.30684468150138855,0.4997442364692688,0.0689462274312973,0.5308150053024292,0.9995131492614746
176,7.0,19,LEFT_INDEX,0.16696715354919434,0.49874651432037354,-0.04734278842806816,0.5648861527442932,0.9998714923858643
176,7.0,20,RIGHT_INDEX,0.3039998412132263,0.4985230565071106,0.07012800127267838,0.5231301188468933,0.999539852142334
176,7.0,21,LEFT_THUMB,0.17048823833465576,0.4973236918449402,-0.04192163795232773,0.5350504517555237,0.9998941421508789
176,7.0,22,RIGHT_THUMB,0.3036821782588959,0.4964572489261627,0.06509152799844742,0.47340628504753113,0.999602735042572
176,7.0,23,LEFT_HIP,0.23812247812747955,0.5161740779876709,-0.007953706197440624,0.9997425079345703,0.9997759461402893
176,7.0,24,RIGHT_HIP,0.2791583240032196,0.5171807408332825,0.007579769007861614,0.9996246099472046,0.999288022518158
176,7.0,25,LEFT_KNEE,0.2345944494009018,0.5536215901374817,-0.008785664103925228,0.9928667545318604,0.9998652935028076
176,7.0,26,RIGHT_KNEE,0.28275609016418457,0.5580970048904419,0.04687848687171936,0.9727768898010254,0.9994308352470398
176,7.0,27,LEFT_ANKLE,0.2336290329694748,0.5931912064552307,-0.015978356823325157,0.9933522343635559,0.999962329864502
176,7.0,28,RIGHT_ANKLE,0.28251639008522034,0.5987861752510071,0.07292298972606659,0.9833740592002869,0.9999207258224487
176,7.0,29,LEFT_HEEL,0.23737385869026184,0.5989006161689758,-0.029142672196030617,0.9952446222305298,0.9999369382858276
176,7.0,30,RIGHT_HEEL,0.2791250944137573,0.6059462428092957,0.07625611126422882,0.9862112998962402,0.9999039173126221
176,7.0,31,LEFT_FOOT_INDEX,0.2201746553182602,0.5999524593353271,-0.04402082413434982,0.9256631731987,0.9998571872711182
176,7.0,32,RIGHT_FOOT_INDEX,0.2869984805583954,0.6026803851127625,0.05720290541648865,0.9134799242019653,0.9998080134391785
177,7.04,0,NOSE,0.275109201669693,0.4486023187637329,0.1473604440689087,0.9992102384567261,0.999334990978241
177,7.04,1,LEFT_EYE_INNER,0.2730933427810669,0.44540882110595703,0.12337051331996918,0.9989145398139954,0.9993020296096802
177,7.04,2,LEFT_EYE,0.2708641588687897,0.44517022371292114,0.12333701550960541,0.9991497993469238,0.9993498921394348
177,7.04,3,LEFT_EYE_OUTER,0.2685621678829193,0.4449913203716278,0.12337625026702881,0.9988477826118469,0.9994086027145386
177,7.04,4,RIGHT_EYE_INNER,0.27900296449661255,0.44576820731163025,0.12422514706850052,0.9988447427749634,0.9989855885505676
177,7.04,5,RIGHT_EYE,0.2809258699417114,0.44580602645874023,0.12422960251569748,0.9990187883377075,0.9986440539360046
177,7.04,6,RIGHT_EYE_OUTER,0.2828056514263153,0.4458824694156647,0.1241723820567131,0.9985343217849731,0.9983447790145874
177,7.04,7,LEFT_EAR,0.2645603120326996,0.4459175169467926,0.03575754538178444,0.9991025328636169,0.9995860457420349
177,7.04,8,RIGHT_EAR,0.28392860293388367,0.4469180405139923,0.03921601176261902,0.998565673828125,0.9973422884941101
177,7.04,9,MOUTH_LEFT,0.27047666907310486,0.4505731463432312,0.12025170773267746,0.9987314343452454,0.999362051486969
177,7.04,10,MOUTH_RIGHT,0.276946485042572,0.4514104127883911,0.1207316666841507,0.9984624981880188,0.998660683631897
177,7.04,11,LEFT_SHOULDER,0.2324662059545517,0.46121418476104736,-0.02666069194674492,0.9997711181640625,0.9998679161071777
177,7.04,12,RIGHT_SHOULDER,0.3019104599952698,0.46691611409187317,0.004314333666115999,0.9993845224380493,0.9965584874153137
177,7.04,13,LEFT_ELBOW,0.1999989002943039,0.47435280680656433,-0.07081017643213272,0.9656992554664612,0.9999401569366455
177,7.04,14,RIGHT_ELBOW,0.32520386576652527,0.48662328720092773,-0.006509035360068083,0.9455322027206421,0.9990643858909607
177,7.04,15,LEFT_WRIST,0.16456888616085052,0.49528560042381287,-0.07206131517887115,0.6513199806213379,0.999873161315918
177,7.04,16,RIGHT_WRIST,0.3108569383621216,0.49757522344589233,0.014054412953555584,0.6329905986785889,0.9991983771324158
177,7.04,17,LEFT_PINKY,0.1572248935699463,0.5003875494003296,-0.08024776726961136,0.6103767156600952,0.9996954202651978
177,7.04,18,RIGHT_PINKY,0.3067874610424042,0.5026863217353821,0.016201993450522423,0.5418012738227844,0.9990590214729309
177,7.04,19,LEFT_INDEX,0.1573234498500824,0.5006097555160522,-0.07418883591890335,0.606520414352417,0.9997437596321106
177,7.04,20,RIGHT_INDEX,0.30405232310295105,0.5015780329704285,0.019389605149626732,0.5340958833694458,0.9990978240966797
177,7.04,21,LEFT_THUMB,0.1603887528181076,0.49955040216445923,-0.06863091140985489,0.5776494741439819,0.9998076558113098
177,7.04,22,RIGHT_THUMB,0.30404433608055115,0.49985578656196594,0.016661830246448517,0.4814820885658264,0.9992133378982544
177,7.04,23,LEFT_HIP,0.2362910658121109,0.5176613330841064,-0.007342254277318716,0.9997095465660095,0.9996713399887085
177,7.04,24,RIGHT_HIP,0.27612075209617615,0.519586443901062,0.007155896630138159,0.9995854496955872,0.9992315769195557
177,7.04,25,LEFT_KNEE,0.2270880788564682,0.55413419008255,0.0037129393313080072,0.9933828711509705,0.999659538269043
177,7.04,26,RIGHT_KNEE,0.2793186604976654,0.5598577857017517,0.03342784568667412,0.9752224087715149,0.9992208480834961
177,7.04,27,LEFT_ANKLE,0.2261277139186859,0.5938016772270203,-0.0071745398454368114,0.9936235547065735,0.9999467134475708
177,7.04,28,RIGHT_ANKLE,0.28177207708358765,0.6000810861587524,0.027716809883713722,0.9845834374427795,0.9999072551727295
177,7.04,29,LEFT_HEEL,0.2301582247018814,0.599513828754425,-0.01383364386856556,0.9954214692115784,0.9999182224273682
177,7.04,30,RIGHT_HEEL,0.2787656784057617,0.6065811514854431,0.02749091573059559,0.9870867729187012,0.999879002571106
177,7.04,31,LEFT_FOOT_INDEX,0.2126530557870865,0.6005372405052185,-0.03237031400203705,0.923875093460083,0.9998399019241333
177,7.04,32,RIGHT_FOOT_INDEX,0.2882494628429413,0.6047808527946472,-0.004609158728271723,0.9128958582878113,0.9997575879096985
178,7.08,0,NOSE,0.2709563374519348,0.449639230966568,0.1497189998626709,0.9991863369941711,0.9996650218963623
178,7.08,1,LEFT_EYE_INNER,0.2689394950866699,0.44651883840560913,0.1265304684638977,0.9988865256309509,0.9995834231376648
178,7.08,2,LEFT_EYE,0.2667884826660156,0.44632279872894287,0.1264885812997818,0.9991281032562256,0.9996046423912048
178,7.08,3,LEFT_EYE_OUTER,0.26479771733283997,0.4461783170700073,0.12651489675045013,0.998820960521698,0.9996298551559448
178,7.08,4,RIGHT_EYE_INNER,0.27476441860198975,0.4467220902442932,0.1284039318561554,0.9987877607345581,0.9994516968727112
178,7.08,5,RIGHT_EYE,0.2767226994037628,0.44670161604881287,0.12841345369815826,0.9989556670188904,0.9992903470993042
178,7.08,6,RIGHT_EYE_OUTER,0.2785579264163971,0.4467211961746216,0.1283482164144516,0.9984345436096191,0.9991424083709717
178,7.08,7,LEFT_EAR,0.26252055168151855,0.4473089277744293,0.03903009742498398,0.9990679025650024,0.9997267127037048
178,7.08,8,RIGHT_EAR,0.2813026010990143,0.44831734895706177,0.04608972743153572,0.9984492063522339,0.9987909197807312
178,7.08,9,MOUTH_LEFT,0.2668208181858063,0.4519510269165039,0.12230996042490005,0.9986645579338074,0.9995176792144775
178,7.08,10,MOUTH_RIGHT,0.27318620681762695,0.45251867175102234,0.12426242232322693,0.9983567595481873,0.9992031455039978
178,7.08,11,LEFT_SHOULDER,0.2324654906988144,0.4630007743835449,-0.02280980534851551,0.9997571110725403,0.9997938275337219
178,7.08,12,RIGHT_SHOULDER,0.3008700907230377,0.46830302476882935,0.007547703571617603,0.9993280172348022,0.9977802634239197
178,7.08,13,LEFT_ELBOW,0.19938881695270538,0.47651493549346924,-0.07135047018527985,0.96903395652771,0.9998927116394043
178,7.08,14,RIGHT_ELBOW,0.32204291224479675,0.4866098463535309,0.00018414267105981708,0.9470428228378296,0.9989399313926697
178,7.08,15,LEFT_WRIST,0.1597655564546585,0.49485358595848083,-0.07095232605934143,0.6852594614028931,0.9997159838676453
178,7.08,16,RIGHT_WRIST,0.31222033500671387,0.4995153844356537,0.02497182972729206,0.6411922574043274,0.9989789724349976
178,7.08,17,LEFT_PINKY,0.15255171060562134,0.49993160367012024,-0.07644844800233841,0.6466197967529297,0.9994301199913025
178,7.08,18,RIGHT_PINKY,0.3086175322532654,0.5053094029426575,0.028286393731832504,0.5472248196601868,0.998823344707489
178,7.08,19,LEFT_INDEX,0.15282993018627167,0.5002174377441406,-0.07028191536664963,0.6428971290588379,0.9994447827339172
178,7.08,20,RIGHT_INDEX,0.3057081401348114,0.5044754147529602,0.03213271498680115,0.5388328433036804,0.9988705515861511
178,7.08,21,LEFT_THUMB,0.1558953821659088,0.49939414858818054,-0.0674494206905365,0.613838255405426,0.999578058719635
178,7.08,22,RIGHT_THUMB,0.3054065704345703,0.5026556849479675,0.02812201902270317,0.4836483597755432,0.9989909529685974
178,7.08,23,LEFT_HIP,0.2341965138912201,0.5192219614982605,-0.0057420567609369755,0.999668300151825,0.9997395873069763
178,7.08,24,RIGHT_HIP,0.2753713130950928,0.5210893154144287,0.005466934759169817,0.9995699524879456,0.9995328187942505
178,7.08,25,LEFT_KNEE,0.22213035821914673,0.5539880990982056,0.027305349707603455,0.9934482574462891,0.9995779395103455
178,7.08,26,RIGHT_KNEE,0.2789213955402374,0.5599377155303955,0.02953486144542694,0.9772403836250305,0.9995203018188477
178,7.08,27,LEFT_ANKLE,0.2188781201839447,0.5937588214874268,0.015305091626942158,0.9935242533683777,0.9999163150787354
178,7.08,28,RIGHT_ANKLE,0.28179216384887695,0.5997316241264343,-0.0019531750585883856,0.985530436038971,0.9998871088027954
178,7.08,29,LEFT_HEEL,0.2225116640329361,0.5994755625724792,0.013642369769513607,0.9953019022941589,0.9998725652694702
178,7.08,30,RIGHT_HEEL,0.27718183398246765,0.6060284376144409,-0.004653641954064369,0.9876915216445923,0.9998282194137573
178,7.08,31,LEFT_FOOT_INDEX,0.2064104974269867,0.5992669463157654,-0.009922908619046211,0.9218175411224365,0.9997596144676208
178,7.08,32,RIGHT_FOOT_INDEX,0.28794652223587036,0.6063826680183411,-0.03515448048710823,0.9133120179176331,0.999607264995575
179,7.12,0,NOSE,0.26102277636528015,0.45204365253448486,0.1290445476770401,0.9990705847740173,0.9997246861457825
179,7.12,1,LEFT_EYE_INNER,0.2590203285217285,0.44898539781570435,0.1055300161242485,0.9987669587135315,0.9996950626373291
179,7.12,2,LEFT_EYE,0.2572627365589142,0.44882088899612427,0.10546126216650009,0.9990302324295044,0.9997074007987976
179,7.12,3,LEFT_EYE_OUTER,0.25567635893821716,0.44871169328689575,0.10546417534351349,0.998703122138977,0.9997196793556213
179,7.12,4,RIGHT_EYE_INNER,0.26476237177848816,0.44915083050727844,0.10874650627374649,0.9986338019371033,0.9996414184570312
179,7.12,5,RIGHT_EYE,0.26698192954063416,0.4491010010242462,0.10875364392995834,0.9988000392913818,0.999549925327301
179,7.12,6,RIGHT_EYE_OUTER,0.26902294158935547,0.4490857720375061,0.10868045687675476,0.9982093572616577,0.9994723200798035
179,7.12,7,LEFT_EAR,0.25442996621131897,0.4497230648994446,0.01790548674762249,0.9989689588546753,0.9998012185096741
179,7.12,8,RIGHT_EAR,0.2738107442855835,0.4503580331802368,0.032504063099622726,0.9981744885444641,0.9992761015892029
179,7.12,9,MOUTH_LEFT,0.25827428698539734,0.45434996485710144,0.10138427466154099,0.9985069632530212,0.9996472597122192
179,7.12,10,MOUTH_RIGHT,0.26420679688453674,0.45478901267051697,0.10531920194625854,0.9980761408805847,0.9994361996650696
179,7.12,11,LEFT_SHOULDER,0.231477290391922,0.46484458446502686,-0.03409501165151596,0.9997373819351196,0.9998181462287903
179,7.12,12,RIGHT_SHOULDER,0.2964431643486023,0.47070953249931335,-0.007506950758397579,0.9992828965187073,0.9985489249229431
179,7.12,13,LEFT_ELBOW,0.19616106152534485,0.47844356298446655,-0.10127881169319153,0.972018837928772,0.999893307685852
179,7.12,14,RIGHT_ELBOW,0.3174789547920227,0.4882911741733551,-0.05376308411359787,0.9483292102813721,0.9989234805107117
179,7.12,15,LEFT_WRIST,0.14957936108112335,0.4939047694206238,-0.12883277237415314,0.7164238691329956,0.9995587468147278
179,7.12,16,RIGHT_WRIST,0.31429988145828247,0.506458044052124,-0.08963962644338608,0.6596695184707642,0.9976595640182495
179,7.12,17,LEFT_PINKY,0.14270712435245514,0.49966907501220703,-0.1403370052576065,0.6811348795890808,0.9991797804832458
179,7.12,18,RIGHT_PINKY,0.3161623477935791,0.5116984248161316,-0.09736765921115875,0.5672339200973511,0.9975036978721619
179,7.12,19,LEFT_INDEX,0.1432468742132187,0.4994002878665924,-0.13409177958965302,0.6777156591415405,0.999194324016571
179,7.12,20,RIGHT_INDEX,0.31338271498680115,0.5110424757003784,-0.09065208584070206,0.5581023097038269,0.9975104331970215
179,7.12,21,LEFT_THUMB,0.1456872969865799,0.4986158311367035,-0.12586277723312378,0.6500594615936279,0.9993693232536316
179,7.12,22,RIGHT_THUMB,0.31185272336006165,0.5094603896141052,-0.08753258734941483,0.499815434217453,0.9976467490196228
179,7.12,23,LEFT_HIP,0.2338148057460785,0.5208919048309326,-0.0027550049126148224,0.9995410442352295,0.9996064305305481
179,7.12,24,RIGHT_HIP,0.2739065885543823,0.5227193236351013,0.0022734086960554123,0.9994693398475647,0.9992927312850952
179,7.12,25,LEFT_KNEE,0.21724969148635864,0.5538316369056702,0.03663075342774391,0.9932178258895874,0.9993744492530823
179,7.12,26,RIGHT_KNEE,0.27686136960983276,0.5590845346450806,0.00986737385392189,0.9786897301673889,0.9990800619125366
179,7.12,27,LEFT_ANKLE,0.20578928291797638,0.5932451486587524,-0.0020478905644267797,0.9929367899894714,0.9998862743377686
179,7.12,28,RIGHT_ANKLE,0.2815832793712616,0.5961887240409851,-0.059617042541503906,0.9859356880187988,0.9998315572738647
179,7.12,29,LEFT_HEEL,0.20553657412528992,0.5990970730781555,-0.007922605611383915,0.9949806928634644,0.999840497970581
179,7.12,30,RIGHT_HEEL,0.2773306369781494,0.600702702999115,-0.06682505458593369,0.9881041646003723,0.9997648596763611
179,7.12,31,LEFT_FOOT_INDEX,0.20012080669403076,0.5944192409515381,-0.0451999306678772,0.9161919951438904,0.9997101426124573
179,7.12,32,RIGHT_FOOT_INDEX,0.2874806225299835,0.6073893904685974,-0.10986188054084778,0.9111688137054443,0.9995599389076233
180,7.16,0,NOSE,0.2538129687309265,0.4539264440536499,0.16579118371009827,0.9989433884620667,0.9998972415924072
180,7.16,1,LEFT_EYE_INNER,0.25157731771469116,0.45102155208587646,0.14283443987369537,0.9986622929573059,0.9998723268508911
180,7.16,2,LEFT_EYE,0.250028133392334,0.4509168267250061,0.14273972809314728,0.9989506602287292,0.9998717308044434
180,7.16,3,LEFT_EYE_OUTER,0.24858912825584412,0.4508730471134186,0.1427198350429535,0.9985970258712769,0.9998645782470703
180,7.16,4,RIGHT_EYE_INNER,0.257213294506073,0.45101672410964966,0.15148159861564636,0.9985142946243286,0.9998836517333984
180,7.16,5,RIGHT_EYE,0.25944820046424866,0.45089611411094666,0.15150606632232666,0.9987109303474426,0.9998675584793091
180,7.16,6,RIGHT_EYE_OUTER,0.26170462369918823,0.45081254839897156,0.1514527052640915,0.99808669090271,0.9998483657836914
180,7.16,7,LEFT_EAR,0.24788297712802887,0.45194223523139954,0.051924098283052444,0.9988760352134705,0.9998853206634521
180,7.16,8,RIGHT_EAR,0.26729616522789,0.4519999921321869,0.0899043083190918,0.998001217842102,0.999812662601471
180,7.16,9,MOUTH_LEFT,0.25151246786117554,0.45636796951293945,0.13584741950035095,0.9982354044914246,0.9998397827148438
180,7.16,10,MOUTH_RIGHT,0.25745609402656555,0.4565533399581909,0.14756111800670624,0.9976738095283508,0.9998263716697693
180,7.16,11,LEFT_SHOULDER,0.23021270334720612,0.4670167863368988,-0.027226192876696587,0.9997333884239197,0.9998495578765869
180,7.16,12,RIGHT_SHOULDER,0.2928643822669983,0.47209176421165466,0.06339596956968307,0.9992871284484863,0.999647855758667
180,7.16,13,LEFT_ELBOW,0.1951446384191513,0.4790986478328705,-0.09150668978691101,0.9746922254562378,0.9998034834861755
180,7.16,14,RIGHT_ELBOW,0.316458135843277,0.48957157135009766,0.035662125796079636,0.9509202241897583,0.9995889067649841
180,7.16,15,LEFT_WRIST,0.14832013845443726,0.489082008600235,-0.13981403410434723,0.7444223761558533,0.9991891980171204
180,7.16,16,RIGHT_WRIST,0.3185238838195801,0.5109211802482605,-0.005052534397691488,0.6833257675170898,0.9989493489265442
180,7.16,17,LEFT_PINKY,0.1392819583415985,0.4928314983844757,-0.1578851193189621,0.7122185826301575,0.9989483952522278
180,7.16,18,RIGHT_PINKY,0.3217577338218689,0.5164885520935059,-0.013700622133910656,0.5942935347557068,0.9987015724182129
180,7.16,19,LEFT_INDEX,0.13902157545089722,0.49247056245803833,-0.14513128995895386,0.7091139554977417,0.9990158081054688
180,7.16,20,RIGHT_INDEX,0.3183942139148712,0.5158904194831848,-0.01033745612949133,0.5843260884284973,0.9986887574195862
180,7.16,21,LEFT_THUMB,0.14174945652484894,0.4917125701904297,-0.13477960228919983,0.6827830076217651,0.9990901947021484
180,7.16,22,RIGHT_THUMB,0.3167918026447296,0.5143207907676697,-0.004969294648617506,0.5262155532836914,0.9988017082214355
180,7.16,23,LEFT_HIP,0.23423965275287628,0.5221846103668213,-0.029316386207938194,0.9995189309120178,0.9998929500579834
180,7.16,24,RIGHT_HIP,0.27328792214393616,0.5227832198143005,0.02886776812374592,0.9993805885314941,0.9997780919075012
180,7.16,25,LEFT_KNEE,0.2167138159275055,0.5537132620811462,0.004230679478496313,0.9936792254447937,0.9996250867843628
180,7.16,26,RIGHT_KNEE,0.27559399604797363,0.5576341152191162,0.07861306518316269,0.9796241521835327,0.9993459582328796
180,7.16,27,LEFT_ANKLE,0.20093296468257904,0.5927355289459229,-0.048818107694387436,0.9931033849716187,0.9999208450317383
180,7.16,28,RIGHT_ANKLE,0.2817116975784302,0.5900170207023621,0.009394695982336998,0.9855221509933472,0.9998726844787598
180,7.16,29,LEFT_HEEL,0.2014169692993164,0.5990055203437805,-0.05453278869390488,0.9951378703117371,0.9999072551727295
180,7.16,30,RIGHT_HEEL,0.27877581119537354,0.5920718312263489,-0.001017716364003718,0.9883471131324768,0.9998537302017212
180,7.16,31,LEFT_FOOT_INDEX,0.1921544224023819,0.5928167104721069,-0.08319912105798721,0.918940007686615,0.9997653365135193
180,7.16,32,RIGHT_FOOT_INDEX,0.2873575687408447,0.603071391582489,-0.034272558987140656,0.9071969389915466,0.9997093081474304
181,7.2,0,NOSE,0.24533222615718842,0.4583934545516968,0.13770617544651031,0.9990406036376953,0.999996542930603
181,7.2,1,LEFT_EYE_INNER,0.24308376014232635,0.4551701545715332,0.1136145070195198,0.9987879395484924,0.999994158744812
181,7.2,2,LEFT_EYE,0.24154745042324066,0.45517218112945557,0.11355260759592056,0.9990479350090027,0.9999934434890747
181,7.2,3,LEFT_EYE_OUTER,0.24009817838668823,0.45525020360946655,0.11355065554380417,0.9987283945083618,0.9999926090240479
181,7.2,4,RIGHT_EYE_INNER,0.24855759739875793,0.4548811614513397,0.12121686339378357,0.9986544847488403,0.9999959468841553
181,7.2,5,RIGHT_EYE,0.25091394782066345,0.4546751379966736,0.1212560310959816,0.9988325834274292,0.9999957084655762
181,7.2,6,RIGHT_EYE_OUTER,0.25317034125328064,0.4545225203037262,0.12124000489711761,0.9982685446739197,0.999995231628418
181,7.2,7,LEFT_EAR,0.2400888204574585,0.45654311776161194,0.025979971513152122,0.9989826083183289,0.9999942779541016
181,7.2,8,RIGHT_EAR,0.25890958309173584,0.455321341753006,0.06694202125072479,0.9981922507286072,0.9999963045120239
181,7.2,9,MOUTH_LEFT,0.24388699233531952,0.4611220359802246,0.10997697710990906,0.9984000325202942,0.9999927282333374
181,7.2,10,MOUTH_RIGHT,0.2499784380197525,0.46081092953681946,0.12036003917455673,0.9978870749473572,0.9999940395355225
181,7.2,11,LEFT_SHOULDER,0.22783027589321136,0.47312411665916443,-0.03308259695768356,0.9997538924217224,0.9999639987945557
181,7.2,12,RIGHT_SHOULDER,0.28899261355400085,0.47510477900505066,0.047009650617837906,0.999354362487793,0.99997878074646
181,7.2,13,LEFT_ELBOW,0.19466008245944977,0.48063012957572937,-0.16585059463977814,0.9770205616950989,0.9999325275421143
181,7.2,14,RIGHT_ELBOW,0.3145800530910492,0.4930020570755005,-0.0493755042552948,0.9547125101089478,0.9999557733535767
181,7.2,15,LEFT_WRIST,0.14921347796916962,0.48205527663230896,-0.27743813395500183,0.7696571350097656,0.9998698234558105
181,7.2,16,RIGHT_WRIST,0.31990209221839905,0.5184180736541748,-0.11454286426305771,0.7124762535095215,0.9999114274978638
181,7.2,17,LEFT_PINKY,0.13884875178337097,0.48313480615615845,-0.30065280199050903,0.7404009699821472,0.999832034111023
181,7.2,18,RIGHT_PINKY,0.32489773631095886,0.5246644020080566,-0.11962777376174927,0.630679726600647,0.9998583793640137
181,7.2,19,LEFT_INDEX,0.13850213587284088,0.48239967226982117,-0.28230446577072144,0.7375723719596863,0.9998421669006348
181,7.2,20,RIGHT_INDEX,0.3213091492652893,0.5244694352149963,-0.11232957243919373,0.6210338473320007,0.9998526573181152
181,7.2,21,LEFT_THUMB,0.1412612646818161,0.48244425654411316,-0.2716673016548157,0.7127922177314758,0.9998700618743896
181,7.2,22,RIGHT_THUMB,0.3190709948539734,0.5227518677711487,-0.11236430704593658,0.5659326314926147,0.9998840093612671
181,7.2,23,LEFT_HIP,0.23439975082874298,0.5277038812637329,-0.02170717716217041,0.9995606541633606,0.9999805688858032
181,7.2,24,RIGHT_HIP,0.2733500301837921,0.5294783711433411,0.02115759812295437,0.9994149208068848,0.9999533891677856
181,7.2,25,LEFT_KNEE,0.21286658942699432,0.5575386881828308,0.011784269474446774,0.9929274320602417,0.9998764991760254
181,7.2,26,RIGHT_KNEE,0.27058374881744385,0.5585879683494568,0.09026740491390228,0.9776925444602966,0.999739944934845
181,7.2,27,LEFT_ANKLE,0.19078420102596283,0.593138575553894,-0.13252033293247223,0.992635190486908,0.9999767541885376
181,7.2,28,RIGHT_ANKLE,0.26914259791374207,0.5816890001296997,-0.0675368681550026,0.985083818435669,0.9999641180038452
181,7.2,29,LEFT_HEEL,0.18962472677230835,0.5989940762519836,-0.14986076951026917,0.9950724840164185,0.999967098236084
181,7.2,30,RIGHT_HEEL,0.2654941976070404,0.584321916103363,-0.08301405608654022,0.9887005090713501,0.999963641166687
181,7.2,31,LEFT_FOOT_INDEX,0.18524248898029327,0.5941997766494751,-0.19530972838401794,0.9224864840507507,0.9999359846115112
181,7.2,32,RIGHT_FOOT_INDEX,0.26606473326683044,0.5915461182594299,-0.11295851320028305,0.9110230207443237,0.9999418258666992
182,7.24,0,NOSE,0.24124577641487122,0.46155354380607605,0.1099557876586914,0.9991334676742554,0.9999978542327881
182,7.24,1,LEFT_EYE_INNER,0.2387857437133789,0.45883163809776306,0.0885041281580925,0.9989063739776611,0.9999967813491821
182,7.24,2,LEFT_EYE,0.2375071793794632,0.458810418844223,0.0884779766201973,0.9991400241851807,0.9999964237213135
182,7.24,3,LEFT_EYE_OUTER,0.23619124293327332,0.45887595415115356,0.08849421888589859,0.9988520741462708,0.9999955892562866
182,7.24,4,RIGHT_EYE_INNER,0.24358777701854706,0.4585680067539215,0.09731526672840118,0.9987866878509521,0.9999982118606567
182,7.24,5,RIGHT_EYE,0.24567343294620514,0.4583218991756439,0.09733126312494278,0.9989468455314636,0.9999983310699463
182,7.24,6,RIGHT_EYE_OUTER,0.2477135807275772,0.45814281702041626,0.09731927514076233,0.9984388947486877,0.9999983310699463
182,7.24,7,LEFT_EAR,0.236161470413208,0.46009430289268494,0.014565973542630672,0.9990820288658142,0.9999970197677612
182,7.24,8,RIGHT_EAR,0.25374457240104675,0.4589601457118988,0.05822678655385971,0.9983707070350647,0.9999990463256836
182,7.24,9,MOUTH_LEFT,0.24028995633125305,0.4641004204750061,0.08661377429962158,0.9985567927360535,0.9999961853027344
182,7.24,10,MOUTH_RIGHT,0.2454732209444046,0.4640120565891266,0.09853165596723557,0.9980937242507935,0.9999973773956299
182,7.24,11,LEFT_SHOULDER,0.22605054080486298,0.47605666518211365,-0.036872487515211105,0.9997711181640625,0.9999749660491943
182,7.24,12,RIGHT_SHOULDER,0.2880105972290039,0.479042112827301,0.035695675760507584,0.9994169473648071,0.999995231628418
182,7.24,13,LEFT_ELBOW,0.19216006994247437,0.483033150434494,-0.15331150591373444,0.9786765575408936,0.9998910427093506
182,7.24,14,RIGHT_ELBOW,0.3128066658973694,0.49637460708618164,-0.053564924746751785,0.9583552479743958,0.9999594688415527
182,7.24,15,LEFT_WRIST,0.15122897922992706,0.47941869497299194,-0.22868633270263672,0.7907246351242065,0.9995535016059875
182,7.24,16,RIGHT_WRIST,0.31990164518356323,0.5210588574409485,-0.1300055980682373,0.735771894454956,0.9999085664749146
182,7.24,17,LEFT_PINKY,0.14214055240154266,0.4790457785129547,-0.24851760268211365,0.7630913257598877,0.9994199275970459
182,7.24,18,RIGHT_PINKY,0.32450786232948303,0.5277805924415588,-0.13407966494560242,0.6593420505523682,0.999828577041626
182,7.24,19,LEFT_INDEX,0.1429186910390854,0.47785869240760803,-0.23237480223178864,0.7604779601097107,0.9994181394577026
182,7.24,20,RIGHT_INDEX,0.320948988199234,0.527763307094574,-0.12827296555042267,0.6493434309959412,0.9998219609260559
182,7.24,21,LEFT_THUMB,0.14533787965774536,0.4781803786754608,-0.22342751920223236,0.7338817119598389,0.9995383024215698
182,7.24,22,RIGHT_THUMB,0.3187415301799774,0.5257825255393982,-0.12881509959697723,0.5952791571617126,0.9998701810836792
182,7.24,23,LEFT_HIP,0.2351735532283783,0.5311192274093628,-0.029673809185624123,0.9996030330657959,0.999996542930603
182,7.24,24,RIGHT_HIP,0.2734260559082031,0.5331069231033325,0.029185498133301735,0.9994625449180603,0.9999885559082031
182,7.24,25,LEFT_KNEE,0.21009454131126404,0.5617246031761169,-0.042144306004047394,0.9921846389770508,0.9999082088470459
182,7.24,26,RIGHT_KNEE,0.2699333429336548,0.5620167255401611,0.102961964905262,0.9730571508407593,0.9995458722114563
182,7.24,27,LEFT_ANKLE,0.18609634041786194,0.5951610207557678,-0.271032452583313,0.9918632507324219,0.9999641180038452
182,7.24,28,RIGHT_ANKLE,0.26406142115592957,0.5672833919525146,-0.029607005417346954,0.9620890617370605,0.999914288520813
182,7.24,29,LEFT_HEEL,0.18510404229164124,0.6001006364822388,-0.2955738306045532,0.994575560092926,0.9999454021453857
182,7.24,30,RIGHT_HEEL,0.2617957890033722,0.5653906464576721,-0.040403082966804504,0.9840774536132812,0.9999288320541382
182,7.24,31,LEFT_FOOT_INDEX,0.17794585227966309,0.5955529808998108,-0.34368425607681274,0.9277501106262207,0.9998660087585449
182,7.24,32,RIGHT_FOOT_INDEX,0.25824517011642456,0.5796950459480286,-0.07334550470113754,0.8936609625816345,0.9999256134033203
183,7.28,0,NOSE,0.2395092099905014,0.4646816551685333,0.10023855417966843,0.9991177320480347,0.9998960494995117
183,7.28,1,LEFT_EYE_INNER,0.236898273229599,0.46220141649246216,0.07666055858135223,0.9988915324211121,0.999850869178772
183,7.28,2,LEFT_EYE,0.2355680763721466,0.4622536301612854,0.07664989680051804,0.9991060495376587,0.9998399019241333
183,7.28,3,LEFT_EYE_OUTER,0.23414921760559082,0.462372750043869,0.07663509994745255,0.9988144040107727,0.9998131394386292
183,7.28,4,RIGHT_EYE_INNER,0.24167825281620026,0.461822509765625,0.08275359869003296,0.9988350868225098,0.999891996383667
183,7.28,5,RIGHT_EYE,0.2437276989221573,0.4615822434425354,0.08276145905256271,0.9989873766899109,0.9998995065689087
183,7.28,6,RIGHT_EYE_OUTER,0.24565686285495758,0.4614023268222809,0.08269602805376053,0.9985126852989197,0.9998944997787476
183,7.28,7,LEFT_EAR,0.2333996593952179,0.4638371467590332,-0.002642685314640403,0.9990540146827698,0.9998533725738525
183,7.28,8,RIGHT_EAR,0.25085002183914185,0.462406188249588,0.025523461401462555,0.9984222054481506,0.999916672706604
183,7.28,9,MOUTH_LEFT,0.23854957520961761,0.4670853614807129,0.07626171410083771,0.9985251426696777,0.9998173117637634
183,7.28,10,MOUTH_RIGHT,0.24376678466796875,0.4668675661087036,0.08420637995004654,0.9981047511100769,0.9998772144317627
183,7.28,11,LEFT_SHOULDER,0.22349634766578674,0.48006513714790344,-0.04532867670059204,0.9997757077217102,0.9998277425765991
183,7.28,12,RIGHT_SHOULDER,0.2861015200614929,0.48208606243133545,0.008745304308831692,0.999460756778717,0.9999376535415649
183,7.28,13,LEFT_ELBOW,0.18853390216827393,0.4898783266544342,-0.03150995448231697,0.9781475067138672,0.9988730549812317
183,7.28,14,RIGHT_ELBOW,0.30891236662864685,0.5021625757217407,-0.049222592264413834,0.9613310098648071,0.9996802806854248
183,7.28,15,LEFT_WRIST,0.16083824634552002,0.4795505404472351,0.03527626395225525,0.7917940616607666,0.998189389705658
183,7.28,16,RIGHT_WRIST,0.3173011839389801,0.5278510451316833,-0.12409074604511261,0.7519219517707825,0.9990449547767639
183,7.28,17,LEFT_PINKY,0.15539300441741943,0.47715476155281067,0.032839011400938034,0.7576562166213989,0.9980441331863403
183,7.28,18,RIGHT_PINKY,0.32176634669303894,0.5342271327972412,-0.09770464897155762,0.6752890944480896,0.9984708428382874
183,7.28,19,LEFT_INDEX,0.15686318278312683,0.4751710891723633,0.043506231158971786,0.7547652125358582,0.9981549382209778
183,7.28,20,RIGHT_INDEX,0.3182424008846283,0.533755898475647,-0.09953954815864563,0.6642212867736816,0.9983068704605103
183,7.28,21,LEFT_THUMB,0.15933680534362793,0.47629228234291077,0.04183569550514221,0.7199736833572388,0.9981504082679749
183,7.28,22,RIGHT_THUMB,0.31625598669052124,0.5319321155548096,-0.1105482205748558,0.6085358262062073,0.9987651109695435
183,7.28,23,LEFT_HIP,0.23735849559307098,0.5325177311897278,-0.034818753600120544,0.9996410608291626,0.9999939203262329
183,7.28,24,RIGHT_HIP,0.27370554208755493,0.5346076488494873,0.0344821996986866,0.9994996190071106,0.9999825954437256
183,7.28,25,LEFT_KNEE,0.21057386696338654,0.5599753260612488,0.026670388877391815,0.992565929889679,0.9998999834060669
183,7.28,26,RIGHT_KNEE,0.26163777709007263,0.5594844222068787,0.24376726150512695,0.9296308159828186,0.9990690350532532
183,7.28,27,LEFT_ANKLE,0.1873159557580948,0.595001220703125,0.018494993448257446,0.9915032386779785,0.9998866319656372
183,7.28,28,RIGHT_ANKLE,0.2612946331501007,0.563772439956665,0.4076005220413208,0.9119243621826172,0.9997491240501404
183,7.28,29,LEFT_HEEL,0.18749207258224487,0.6003125905990601,0.020611615851521492,0.9938082098960876,0.999862790107727
183,7.28,30,RIGHT_HEEL,0.2600381374359131,0.566888689994812,0.4274124503135681,0.9604690670967102,0.9998134970664978
183,7.28,31,LEFT_FOOT_INDEX,0.17613725364208221,0.5958558917045593,0.0008658260339871049,0.9294379949569702,0.9997504353523254
183,7.28,32,RIGHT_FOOT_INDEX,0.25157833099365234,0.5730620622634888,0.45102930068969727,0.8329187631607056,0.9998797178268433
184,7.32,0,NOSE,0.23868362605571747,0.46784308552742004,0.07353918999433517,0.9992009997367859,0.9999915361404419
184,7.32,1,LEFT_EYE_INNER,0.23623208701610565,0.4654218256473541,0.04890131950378418,0.9989964365959167,0.999988317489624
184,7.32,2,LEFT_EYE,0.23485618829727173,0.4654635787010193,0.04891754314303398,0.999189555644989,0.9999873638153076
184,7.32,3,LEFT_EYE_OUTER,0.23347792029380798,0.46554669737815857,0.048918288201093674,0.9989250898361206,0.9999854564666748
184,7.32,4,RIGHT_EYE_INNER,0.24089384078979492,0.4649307429790497,0.05546749755740166,0.9989478588104248,0.9999903440475464
184,7.32,5,RIGHT_EYE,0.24268552660942078,0.46464061737060547,0.05547779053449631,0.9990851879119873,0.9999903440475464
184,7.32,6,RIGHT_EYE_OUTER,0.24450737237930298,0.46438083052635193,0.05544428154826164,0.9986566305160522,0.9999890327453613
184,7.32,7,LEFT_EAR,0.23326101899147034,0.46667107939720154,-0.028694255277514458,0.9991414546966553,0.9999895095825195
184,7.32,8,RIGHT_EAR,0.24960827827453613,0.4649839401245117,0.001198894577100873,0.9985750317573547,0.999991774559021
184,7.32,9,MOUTH_LEFT,0.2379569411277771,0.4702998399734497,0.050953008234500885,0.9986608624458313,0.9999837875366211
184,7.32,10,MOUTH_RIGHT,0.24320407211780548,0.4700965881347656,0.05960128828883171,0.9982825517654419,0.9999871253967285
184,7.32,11,LEFT_SHOULDER,0.22247590124607086,0.48343414068222046,-0.06333577632904053,0.9997943043708801,0.9999669790267944
184,7.32,12,RIGHT_SHOULDER,0.2848699688911438,0.48290157318115234,-0.01154361478984356,0.9995072484016418,0.9999808073043823
184,7.32,13,LEFT_ELBOW,0.18235523998737335,0.49378708004951477,-0.04005385562777519,0.9797249436378479,0.999723494052887
184,7.32,14,RIGHT_ELBOW,0.3076161742210388,0.5043501257896423,-0.022596212103962898,0.9643164277076721,0.9998582601547241
184,7.32,15,LEFT_WRIST,0.17493188381195068,0.4797475039958954,0.03160037472844124,0.8017564415931702,0.9997552037239075
184,7.32,16,RIGHT_WRIST,0.31508561968803406,0.5307787656784058,-0.01617666892707348,0.7607550024986267,0.9996684789657593
184,7.32,17,LEFT_PINKY,0.17184123396873474,0.4751645028591156,0.03264639526605606,0.7615116238594055,0.999648928642273
184,7.32,18,RIGHT_PINKY,0.31902334094047546,0.5361106395721436,-0.004056250676512718,0.6799372434616089,0.9993206262588501
184,7.32,19,LEFT_INDEX,0.17736025154590607,0.47436821460723877,0.041503071784973145,0.7585806250572205,0.9996911287307739
184,7.32,20,RIGHT_INDEX,0.3151806592941284,0.5357939600944519,-0.006690184585750103,0.6679692268371582,0.9993184804916382
184,7.32,21,LEFT_THUMB,0.17962105572223663,0.47614383697509766,0.03752660006284714,0.7200888395309448,0.9997429251670837
184,7.32,22,RIGHT_THUMB,0.31311774253845215,0.5343039035797119,-0.013964765705168247,0.6119380593299866,0.9995447993278503
184,7.32,23,LEFT_HIP,0.23800842463970184,0.5341137051582336,-0.03266630694270134,0.9996762871742249,0.9999973773956299
184,7.32,24,RIGHT_HIP,0.2738504409790039,0.5347984433174133,0.03231671079993248,0.9995436072349548,0.9999922513961792
184,7.32,25,LEFT_KNEE,0.20987568795681,0.5597254037857056,0.05462208017706871,0.9926303625106812,0.9999147653579712
184,7.32,26,RIGHT_KNEE,0.26232606172561646,0.5582077503204346,0.2186679095029831,0.8954024910926819,0.9991843104362488
184,7.32,27,LEFT_ANKLE,0.18703335523605347,0.5948957800865173,0.007027488201856613,0.9916782379150391,0.9998961687088013
184,7.32,28,RIGHT_ANKLE,0.25829023122787476,0.5612830519676208,0.31086382269859314,0.8793819546699524,0.9998028874397278
184,7.32,29,LEFT_HEEL,0.18846391141414642,0.6004306077957153,0.0051423609256744385,0.9936431646347046,0.999855637550354
184,7.32,30,RIGHT_HEEL,0.2571409344673157,0.5623747706413269,0.32378077507019043,0.9486008286476135,0.9998410940170288
184,7.32,31,LEFT_FOOT_INDEX,0.1738763302564621,0.5980232954025269,-0.004559798166155815,0.9329344630241394,0.9996446371078491
184,7.32,32,RIGHT_FOOT_INDEX,0.24638214707374573,0.5688003897666931,0.3597941994667053,0.7933087944984436,0.9998595714569092
185,7.36,0,NOSE,0.24001029133796692,0.4689386487007141,0.2024618238210678,0.9992685317993164,0.9999982118606567
185,7.36,1,LEFT_EYE_INNER,0.23800046741962433,0.4663013517856598,0.17876982688903809,0.9990819692611694,0.9999977350234985
185,7.36,2,LEFT_EYE,0.2369832694530487,0.46628904342651367,0.17877425253391266,0.9992581605911255,0.9999974966049194
185,7.36,3,LEFT_EYE_OUTER,0.2362094670534134,0.4663451313972473,0.17877744138240814,0.9990161061286926,0.9999971389770508
185,7.36,4,RIGHT_EYE_INNER,0.24306119978427887,0.4660276770591736,0.18315456807613373,0.9990401864051819,0.9999978542327881
185,7.36,5,RIGHT_EYE,0.2453259825706482,0.4658353924751282,0.18319565057754517,0.999164879322052,0.999997615814209
185,7.36,6,RIGHT_EYE_OUTER,0.24728207290172577,0.46565940976142883,0.18319940567016602,0.9987729787826538,0.9999971389770508
185,7.36,7,LEFT_EAR,0.23635920882225037,0.46757662296295166,0.09443777799606323,0.9992141723632812,0.9999973773956299
185,7.36,8,RIGHT_EAR,0.2531624138355255,0.46636757254600525,0.11531101912260056,0.9987037777900696,0.9999973773956299
185,7.36,9,MOUTH_LEFT,0.23984716832637787,0.4715656042098999,0.17705166339874268,0.998776376247406,0.9999972581863403
185,7.36,10,MOUTH_RIGHT,0.24544648826122284,0.47141018509864807,0.18308790028095245,0.9984316825866699,0.999997615814209
185,7.36,11,LEFT_SHOULDER,0.22315797209739685,0.4831952154636383,0.02359820529818535,0.9998125433921814,0.999980092048645
185,7.36,12,RIGHT_SHOULDER,0.2862775921821594,0.4831867516040802,0.08452583849430084,0.999550461769104,0.9999868869781494
185,7.36,13,LEFT_ELBOW,0.18520212173461914,0.49720627069473267,-0.05519856885075569,0.9811832904815674,0.9997410178184509
185,7.36,14,RIGHT_ELBOW,0.3087933659553528,0.5046027898788452,0.03727589175105095,0.965917706489563,0.9999383687973022
185,7.36,15,LEFT_WRIST,0.19464822113513947,0.48246508836746216,-0.11031259596347809,0.8105003833770752,0.9998130202293396
185,7.36,16,RIGHT_WRIST,0.3116440176963806,0.5296045541763306,-0.014764964580535889,0.7769710421562195,0.9999186992645264
185,7.36,17,LEFT_PINKY,0.194846048951149,0.47813841700553894,-0.13247708976268768,0.767473578453064,0.9997865557670593
185,7.36,18,RIGHT_PINKY,0.3147191107273102,0.5355353951454163,-0.013776225969195366,0.6989631652832031,0.9998332262039185
185,7.36,19,LEFT_INDEX,0.20113897323608398,0.4772709012031555,-0.11720377951860428,0.764782190322876,0.9998100399971008
185,7.36,20,RIGHT_INDEX,0.31067854166030884,0.5350829362869263,-0.015058194287121296,0.6871055960655212,0.9998146891593933
185,7.36,21,LEFT_THUMB,0.20232965052127838,0.47704029083251953,-0.10656877607107162,0.7257212996482849,0.999836802482605
185,7.36,22,RIGHT_THUMB,0.30826830863952637,0.5333343744277954,-0.015196692198514938,0.6326778531074524,0.9998846054077148
185,7.36,23,LEFT_HIP,0.2425815761089325,0.5334252119064331,-0.03700679540634155,0.9997082948684692,0.9999974966049194
185,7.36,24,RIGHT_HIP,0.27747029066085815,0.5338798761367798,0.03671111539006233,0.9995849132537842,0.9999904632568359
185,7.36,25,LEFT_KNEE,0.2114732563495636,0.5596485733985901,0.046382464468479156,0.993138313293457,0.9999560117721558
185,7.36,26,RIGHT_KNEE,0.2632420063018799,0.5586449503898621,0.2152089625597,0.8917844891548157,0.9996887445449829
185,7.36,27,LEFT_ANKLE,0.18944504857063293,0.5948321223258972,-0.019365094602108,0.9921472072601318,0.9999477863311768
185,7.36,28,RIGHT_ANKLE,0.25298500061035156,0.5673825144767761,0.23833008110523224,0.877863347530365,0.9999181032180786
185,7.36,29,LEFT_HEEL,0.191015362739563,0.6004415154457092,-0.01705135963857174,0.9939089417457581,0.9999303817749023
185,7.36,30,RIGHT_HEEL,0.25153130292892456,0.5696641206741333,0.24262060225009918,0.9496535062789917,0.9999369382858276
185,7.36,31,LEFT_FOOT_INDEX,0.17381656169891357,0.5993658900260925,-0.05144987627863884,0.9365856647491455,0.9998747110366821
185,7.36,32,RIGHT_FOOT_INDEX,0.2356385588645935,0.5757368803024292,0.25891414284706116,0.7848726511001587,0.9999477863311768
186,7.4,0,NOSE,0.2511661648750305,0.4688720703125,0.15496587753295898,0.9993054270744324,0.9999825954437256
186,7.4,1,LEFT_EYE_INNER,0.24868537485599518,0.46643397212028503,0.12935106456279755,0.9991182088851929,0.9999818801879883
186,7.4,2,LEFT_EYE,0.24709197878837585,0.46634820103645325,0.12942183017730713,0.9992857575416565,0.9999809265136719
186,7.4,3,LEFT_EYE_OUTER,0.245533749461174,0.46630796790122986,0.12941333651542664,0.9990533590316772,0.9999798536300659
186,7.4,4,RIGHT_EYE_INNER,0.25314924120903015,0.46624794602394104,0.13253408670425415,0.999099850654602,0.9999825954437256
186,7.4,5,RIGHT_EYE,0.2547803521156311,0.4660457670688629,0.13255125284194946,0.9992185235023499,0.9999822378158569
186,7.4,6,RIGHT_EYE_OUTER,0.25638630986213684,0.46585339307785034,0.13255225121974945,0.9988543391227722,0.9999804496765137
186,7.4,7,LEFT_EAR,0.24274320900440216,0.46732431650161743,0.03912348672747612,0.9992579221725464,0.9999854564666748
186,7.4,8,RIGHT_EAR,0.25925785303115845,0.46642011404037476,0.05665965378284454,0.9987954497337341,0.9999843835830688
186,7.4,9,MOUTH_LEFT,0.24936723709106445,0.4712527394294739,0.1284654140472412,0.9988296031951904,0.9999740123748779
186,7.4,10,MOUTH_RIGHT,0.25410762429237366,0.4711775779724121,0.13306620717048645,0.9985251426696777,0.999977707862854
186,7.4,11,LEFT_SHOULDER,0.2250756323337555,0.48264914751052856,-0.01722613535821438,0.9998267889022827,0.9999688863754272
186,7.4,12,RIGHT_SHOULDER,0.2881181836128235,0.4820091128349304,0.048347122967243195,0.9995827078819275,0.9999704360961914
186,7.4,13,LEFT_ELBOW,0.19062037765979767,0.498426228761673,-0.015283945016562939,0.9815338253974915,0.9997919201850891
186,7.4,14,RIGHT_ELBOW,0.30943119525909424,0.5038101673126221,0.023714207112789154,0.9679374694824219,0.9998831748962402
186,7.4,15,LEFT_WRIST,0.20596177875995636,0.4880070090293884,0.05804356187582016,0.7978976964950562,0.999815046787262
186,7.4,16,RIGHT_WRIST,0.3119393587112427,0.5273299813270569,0.01790645159780979,0.7868431210517883,0.9998100399971008
186,7.4,17,LEFT_PINKY,0.20838506519794464,0.4810566008090973,0.057660847902297974,0.7445349097251892,0.9997628331184387
186,7.4,18,RIGHT_PINKY,0.3144950270652771,0.534128725528717,0.02475072629749775,0.708283543586731,0.9996448755264282
186,7.4,19,LEFT_INDEX,0.21282316744327545,0.48109352588653564,0.06678428500890732,0.7414426803588867,0.9997873902320862
186,7.4,20,RIGHT_INDEX,0.3104405403137207,0.533549964427948,0.021824900060892105,0.6968590617179871,0.9996154308319092
186,7.4,21,LEFT_THUMB,0.21335680782794952,0.48207738995552063,0.0635773316025734,0.7012341022491455,0.9998193383216858
186,7.4,22,RIGHT_THUMB,0.30805888772010803,0.5316218733787537,0.01802041381597519,0.6427603960037231,0.9997568726539612
186,7.4,23,LEFT_HIP,0.24616792798042297,0.5334946513175964,-0.03416455164551735,0.9997366070747375,0.9999972581863403
186,7.4,24,RIGHT_HIP,0.2823356091976166,0.5338939428329468,0.03381073847413063,0.9996207356452942,0.9999908208847046
186,7.4,25,LEFT_KNEE,0.21184691786766052,0.5605388879776001,0.05436472222208977,0.9933878779411316,0.9999629259109497
186,7.4,26,RIGHT_KNEE,0.2644104063510895,0.556654691696167,0.21221354603767395,0.8773330450057983,0.999552309513092
186,7.4,27,LEFT_ANKLE,0.18989959359169006,0.5956608653068542,-0.0092831552028656,0.9926407337188721,0.9999396800994873
186,7.4,28,RIGHT_ANKLE,0.2505548596382141,0.569088339805603,0.2474074810743332,0.8791115283966064,0.999869704246521
186,7.4,29,LEFT_HEEL,0.19164158403873444,0.601753294467926,-0.012942757457494736,0.9941621422767639,0.9999077320098877
186,7.4,30,RIGHT_HEEL,0.24641777575016022,0.5708749890327454,0.25361672043800354,0.9511767029762268,0.9999005794525146
186,7.4,31,LEFT_FOOT_INDEX,0.1755308359861374,0.6000191569328308,-0.030163271352648735,0.9404416680335999,0.9997591376304626
186,7.4,32,RIGHT_FOOT_INDEX,0.23163290321826935,0.5787912011146545,0.2749234437942505,0.7831481099128723,0.999882698059082
187,7.44,0,NOSE,0.2655617594718933,0.46727243065834045,0.21400512754917145,0.9993535280227661,0.9999903440475464
187,7.44,1,LEFT_EYE_INNER,0.2629670202732086,0.4647982716560364,0.19138893485069275,0.9991721510887146,0.9999866485595703
187,7.44,2,LEFT_EYE,0.2611345052719116,0.46471861004829407,0.19141733646392822,0.999329149723053,0.9999842643737793
187,7.44,3,LEFT_EYE_OUTER,0.25932443141937256,0.4646879732608795,0.19142703711986542,0.9991084337234497,0.9999810457229614
187,7.44,4,RIGHT_EYE_INNER,0.26814761757850647,0.4645806849002838,0.1944458931684494,0.9991713762283325,0.9999909400939941
187,7.44,5,RIGHT_EYE,0.269983172416687,0.4643692374229431,0.1944350302219391,0.9992846250534058,0.9999916553497314
187,7.44,6,RIGHT_EYE_OUTER,0.2718290090560913,0.46417444944381714,0.19438503682613373,0.9989541172981262,0.9999915361404419
187,7.44,7,LEFT_EAR,0.2568637728691101,0.46556970477104187,0.10438770800828934,0.9993101358413696,0.9999819993972778
187,7.44,8,RIGHT_EAR,0.2745659649372101,0.46484825015068054,0.11878467351198196,0.9989052414894104,0.9999934434890747
187,7.44,9,MOUTH_LEFT,0.2634894549846649,0.46944159269332886,0.1869058609008789,0.9989143013954163,0.999981164932251
187,7.44,10,MOUTH_RIGHT,0.2684808075428009,0.46938514709472656,0.1908225417137146,0.9986491799354553,0.9999890327453613
187,7.44,11,LEFT_SHOULDER,0.2384597808122635,0.4804147779941559,0.05430934205651283,0.9998343586921692,0.9999487400054932
187,7.44,12,RIGHT_SHOULDER,0.2999613583087921,0.4809621274471283,0.07827770709991455,0.9996185898780823,0.9999864101409912
187,7.44,13,LEFT_ELBOW,0.21427994966506958,0.4998001158237457,0.08571741729974747,0.9786176085472107,0.9998705387115479
187,7.44,14,RIGHT_ELBOW,0.31457239389419556,0.5021389126777649,0.08903433382511139,0.9700929522514343,0.9999662637710571
187,7.44,15,LEFT_WRIST,0.2105150669813156,0.4934626519680023,0.16539563238620758,0.7865583896636963,0.9998849630355835
187,7.44,16,RIGHT_WRIST,0.3200569152832031,0.5261059403419495,0.12316285818815231,0.7952553033828735,0.9999581575393677
187,7.44,17,LEFT_PINKY,0.20670129358768463,0.49037596583366394,0.16981172561645508,0.7329258322715759,0.9998676776885986
187,7.44,18,RIGHT_PINKY,0.32269471883773804,0.5327866077423096,0.1316995918750763,0.7168484330177307,0.9999299049377441
187,7.44,19,LEFT_INDEX,0.21078523993492126,0.48849278688430786,0.1799502670764923,0.7282944917678833,0.9998782873153687
187,7.44,20,RIGHT_INDEX,0.3196476995944977,0.531677782535553,0.12917470932006836,0.7051829695701599,0.9999228715896606
187,7.44,21,LEFT_THUMB,0.21231678128242493,0.48989665508270264,0.17206795513629913,0.6834563612937927,0.9998879432678223
187,7.44,22,RIGHT_THUMB,0.3176644742488861,0.5302127003669739,0.12463074922561646,0.6526737213134766,0.9999479055404663
187,7.44,23,LEFT_HIP,0.2543641924858093,0.5333028435707092,-0.02905893698334694,0.9997619986534119,0.9999970197677612
187,7.44,24,RIGHT_HIP,0.28912317752838135,0.5329222083091736,0.028868768364191055,0.9996538758277893,0.9999936819076538
187,7.44,25,LEFT_KNEE,0.2226562350988388,0.5599161982536316,0.03148442134261131,0.9939861297607422,0.9999914169311523
187,7.44,26,RIGHT_KNEE,0.27552396059036255,0.5549325942993164,0.181868314743042,0.8875336647033691,0.9999115467071533
187,7.44,27,LEFT_ANKLE,0.19136424362659454,0.5956336855888367,-0.018841568380594254,0.9932639002799988,0.9999774694442749
187,7.44,28,RIGHT_ANKLE,0.25395894050598145,0.5746452808380127,0.19862715899944305,0.8890722393989563,0.9999517202377319
187,7.44,29,LEFT_HEEL,0.19311419129371643,0.601814866065979,-0.024614740163087845,0.9946454763412476,0.9999637603759766
187,7.44,30,RIGHT_HEEL,0.24974709749221802,0.5790851712226868,0.20245489478111267,0.9554023146629333,0.9999579191207886
187,7.44,31,LEFT_FOOT_INDEX,0.178370401263237,0.6001265048980713,-0.050865136086940765,0.9439399838447571,0.9998612403869629
187,7.44,32,RIGHT_FOOT_INDEX,0.24101683497428894,0.5806541442871094,0.21240247786045074,0.7914867997169495,0.9999287128448486
188,7.48,0,NOSE,0.2764730453491211,0.46596959233283997,0.19561003148555756,0.9993561506271362,0.9999204874038696
188,7.48,1,LEFT_EYE_INNER,0.27430862188339233,0.4634118974208832,0.16518650949001312,0.9991600513458252,0.9999034404754639
188,7.48,2,LEFT_EYE,0.272439181804657,0.4633367955684662,0.16514983773231506,0.9993262887001038,0.9998973608016968
188,7.48,3,LEFT_EYE_OUTER,0.27056577801704407,0.4633142352104187,0.16510185599327087,0.9990887641906738,0.999891996383667
188,7.48,4,RIGHT_EYE_INNER,0.2790754735469818,0.46321433782577515,0.19097594916820526,0.9991976022720337,0.9999183416366577
188,7.48,5,RIGHT_EYE,0.28068554401397705,0.46301665902137756,0.19049346446990967,0.9993162751197815,0.999919056892395
188,7.48,6,RIGHT_EYE_OUTER,0.282326877117157,0.4628443121910095,0.19009235501289368,0.9989936947822571,0.9999202489852905
188,7.48,7,LEFT_EAR,0.26765331625938416,0.4642740488052368,0.07145914435386658,0.9993281960487366,0.9999157190322876
188,7.48,8,RIGHT_EAR,0.2846117317676544,0.46359729766845703,0.07537656277418137,0.9989721775054932,0.9999310970306396
188,7.48,9,MOUTH_LEFT,0.2740632891654968,0.4682379364967346,0.1633404642343521,0.9989471435546875,0.9998806715011597
188,7.48,10,MOUTH_RIGHT,0.2791651487350464,0.46820107102394104,0.17119339108467102,0.998713493347168,0.9999083280563354
188,7.48,11,LEFT_SHOULDER,0.2448108196258545,0.4794996380805969,0.01773102954030037,0.9998356699943542,0.9998960494995117
188,7.48,12,RIGHT_SHOULDER,0.30769985914230347,0.47991466522216797,0.0251849964261055,0.999647855758667,0.9999594688415527
188,7.48,13,LEFT_ELBOW,0.22183668613433838,0.49951818585395813,0.01613241247832775,0.9728590846061707,0.9998264908790588
188,7.48,14,RIGHT_ELBOW,0.320423424243927,0.5007377862930298,-0.014677152037620544,0.972623348236084,0.9999450445175171
188,7.48,15,LEFT_WRIST,0.2228938341140747,0.5062719583511353,0.052119623869657516,0.7453036904335022,0.9996635913848877
188,7.48,16,RIGHT_WRIST,0.3289583623409271,0.523764431476593,-0.0412449836730957,0.8074691891670227,0.9999300241470337
188,7.48,17,LEFT_PINKY,0.22173663973808289,0.5082429051399231,0.05059020221233368,0.6942819356918335,0.9996364116668701
188,7.48,18,RIGHT_PINKY,0.33101680874824524,0.5302256941795349,-0.04132534936070442,0.7321415543556213,0.9998953342437744
188,7.48,19,LEFT_INDEX,0.2269800752401352,0.5074405670166016,0.0570642314851284,0.689476728439331,0.9996962547302246
188,7.48,20,RIGHT_INDEX,0.32815876603126526,0.5293245315551758,-0.03478620946407318,0.7212233543395996,0.999895453453064
188,7.48,21,LEFT_THUMB,0.22883771359920502,0.5067819952964783,0.05604209750890732,0.6429353952407837,0.9996869564056396
188,7.48,22,RIGHT_THUMB,0.3264845907688141,0.5274032354354858,-0.03780272603034973,0.6698703169822693,0.9999194145202637
188,7.48,23,LEFT_HIP,0.2604127824306488,0.5307332277297974,-0.017522281035780907,0.9997842311859131,0.9999943971633911
188,7.48,24,RIGHT_HIP,0.2948817014694214,0.5318111181259155,0.017278864979743958,0.9996821284294128,0.9999865293502808
188,7.48,25,LEFT_KNEE,0.22730788588523865,0.5599588751792908,0.008873593993484974,0.994559109210968,0.9999874830245972
188,7.48,26,RIGHT_KNEE,0.28583627939224243,0.5545130372047424,0.1509278267621994,0.8979532122612,0.9998024106025696
188,7.48,27,LEFT_ANKLE,0.1923513412475586,0.5953827500343323,-0.05872064456343651,0.9938772916793823,0.9999825954437256
188,7.48,28,RIGHT_ANKLE,0.2545301914215088,0.578362762928009,0.1683451533317566,0.8993364572525024,0.9999525547027588
188,7.48,29,LEFT_HEEL,0.19369995594024658,0.6008214950561523,-0.06490375846624374,0.9951303601264954,0.9999668598175049
188,7.48,30,RIGHT_HEEL,0.2517502009868622,0.5812953114509583,0.17158886790275574,0.9596227407455444,0.9999639987945557
188,7.48,31,LEFT_FOOT_INDEX,0.1797565519809723,0.601150393486023,-0.08679221570491791,0.9471758604049683,0.9998825788497925
188,7.48,32,RIGHT_FOOT_INDEX,0.2427644282579422,0.5851584672927856,0.17866922914981842,0.8015305399894714,0.9999290704727173
189,7.52,0,NOSE,0.29035618901252747,0.4618538022041321,0.14272230863571167,0.9993740320205688,0.9998433589935303
189,7.52,1,LEFT_EYE_INNER,0.28756049275398254,0.45916125178337097,0.12125593423843384,0.9991821646690369,0.9998483657836914
189,7.52,2,LEFT_EYE,0.2858116030693054,0.4590928256511688,0.12125097215175629,0.9993507862091064,0.9998562335968018
189,7.52,3,LEFT_EYE_OUTER,0.28413650393486023,0.45910394191741943,0.12126117199659348,0.9991207718849182,0.9998645782470703
189,7.52,4,RIGHT_EYE_INNER,0.29251453280448914,0.4590838849544525,0.12063877284526825,0.9992303252220154,0.9998338222503662
189,7.52,5,RIGHT_EYE,0.29420727491378784,0.4589683413505554,0.12056292593479156,0.9993488788604736,0.9998204112052917
189,7.52,6,RIGHT_EYE_OUTER,0.2960674464702606,0.458898663520813,0.12043657898902893,0.9990350604057312,0.999815046787262
189,7.52,7,LEFT_EAR,0.2809308171272278,0.46039873361587524,0.04854520410299301,0.9993636012077332,0.9999170303344727
189,7.52,8,RIGHT_EAR,0.29808300733566284,0.4599215090274811,0.03115607425570488,0.9990331530570984,0.999822199344635
189,7.52,9,MOUTH_LEFT,0.2879560589790344,0.4638715982437134,0.12031581997871399,0.9990007281303406,0.9998918771743774
189,7.52,10,MOUTH_RIGHT,0.29273271560668945,0.4639545679092407,0.11561350524425507,0.9987788796424866,0.9998692274093628
189,7.52,11,LEFT_SHOULDER,0.25615304708480835,0.47675764560699463,0.011312613263726234,0.9998357892036438,0.9999382495880127
189,7.52,12,RIGHT_SHOULDER,0.31759917736053467,0.4747571349143982,-0.02756594680249691,0.9996641278266907,0.9998596906661987
189,7.52,13,LEFT_ELBOW,0.23580323159694672,0.49873223900794983,0.0025297037791460752,0.9731131196022034,0.9998843669891357
189,7.52,14,RIGHT_ELBOW,0.3310474455356598,0.49361705780029297,-0.09472867101430893,0.9750863313674927,0.9998123049736023
189,7.52,15,LEFT_WRIST,0.23946790397167206,0.5050022602081299,0.02751856856048107,0.7287384867668152,0.9997332692146301
189,7.52,16,RIGHT_WRIST,0.34384143352508545,0.5161402225494385,-0.15032458305358887,0.8169500231742859,0.9997003078460693
189,7.52,17,LEFT_PINKY,0.23606210947036743,0.5083893537521362,0.021204091608524323,0.6751827597618103,0.9996259212493896
189,7.52,18,RIGHT_PINKY,0.3469390273094177,0.5213735699653625,-0.15861092507839203,0.7446513175964355,0.999599277973175
189,7.52,19,LEFT_INDEX,0.2421838492155075,0.5070092678070068,0.051062241196632385,0.6698359251022339,0.9997063279151917
189,7.52,20,RIGHT_INDEX,0.3446219265460968,0.5208663940429688,-0.14891232550144196,0.7347803115844727,0.9995952248573303
189,7.52,21,LEFT_THUMB,0.24465727806091309,0.5052269697189331,0.043335795402526855,0.6191986203193665,0.9997217059135437
189,7.52,22,RIGHT_THUMB,0.3427884578704834,0.5195763111114502,-0.14677748084068298,0.6831467151641846,0.9996585845947266
189,7.52,23,LEFT_HIP,0.26892244815826416,0.5244597792625427,0.014887618832290173,0.9997871518135071,0.9999558925628662
189,7.52,24,RIGHT_HIP,0.30356037616729736,0.5257593393325806,-0.015215670689940453,0.9996786713600159,0.9998776912689209
189,7.52,25,LEFT_KNEE,0.23746809363365173,0.5553922653198242,0.03504541143774986,0.995017945766449,0.9999366998672485
189,7.52,26,RIGHT_KNEE,0.3051174283027649,0.5518019199371338,0.0686485767364502,0.907952606678009,0.999392032623291
189,7.52,27,LEFT_ANKLE,0.19928303360939026,0.5896006226539612,-0.030667908489704132,0.9943223595619202,0.9999676942825317
189,7.52,28,RIGHT_ANKLE,0.27548208832740784,0.5793381333351135,0.02796485461294651,0.9092198610305786,0.9999102354049683
189,7.52,29,LEFT_HEEL,0.1985536366701126,0.5936124324798584,-0.037506915628910065,0.9955054521560669,0.9999430179595947
189,7.52,30,RIGHT_HEEL,0.2668924629688263,0.582089364528656,0.024975452572107315,0.9635872840881348,0.9999183416366577
189,7.52,31,LEFT_FOOT_INDEX,0.183660626411438,0.6010732650756836,-0.06056950241327286,0.948636531829834,0.9998124241828918
189,7.52,32,RIGHT_FOOT_INDEX,0.28050780296325684,0.5870212912559509,0.017178256064653397,0.8189042806625366,0.9998290538787842
190,7.56,0,NOSE,0.29754137992858887,0.45919087529182434,0.14457574486732483,0.9994035363197327,0.9999473094940186
190,7.56,1,LEFT_EYE_INNER,0.2954164445400238,0.45655012130737305,0.13102589547634125,0.9992166757583618,0.9999403953552246
190,7.56,2,LEFT_EYE,0.2936916947364807,0.4564158320426941,0.13101281225681305,0.9993834495544434,0.9999412298202515
190,7.56,3,LEFT_EYE_OUTER,0.2919425368309021,0.4563386142253876,0.13103578984737396,0.9991649389266968,0.9999408721923828
190,7.56,4,RIGHT_EYE_INNER,0.300279438495636,0.4565522372722626,0.12369278818368912,0.999269962310791,0.9999357461929321
190,7.56,5,RIGHT_EYE,0.3018741309642792,0.4564145803451538,0.12364031374454498,0.999386727809906,0.9999276399612427
190,7.56,6,RIGHT_EYE_OUTER,0.3036559820175171,0.4562910795211792,0.12350161373615265,0.9990888237953186,0.9999210834503174
190,7.56,7,LEFT_EAR,0.28881919384002686,0.4571964144706726,0.07236120104789734,0.9994017481803894,0.9999620914459229
190,7.56,8,RIGHT_EAR,0.30515673756599426,0.45713430643081665,0.03916425257921219,0.9991000294685364,0.9999277591705322
190,7.56,9,MOUTH_LEFT,0.2945082485675812,0.46100980043411255,0.12884998321533203,0.999046802520752,0.9999372959136963
190,7.56,10,MOUTH_RIGHT,0.29934969544410706,0.46122753620147705,0.11868852376937866,0.9988425374031067,0.9999346733093262
190,7.56,11,LEFT_SHOULDER,0.26428326964378357,0.47471922636032104,0.04852823168039322,0.9998300075531006,0.9999312162399292
190,7.56,12,RIGHT_SHOULDER,0.32313334941864014,0.4705129861831665,-0.010728910565376282,0.9996901750564575,0.9999204874038696
190,7.56,13,LEFT_ELBOW,0.2461651861667633,0.49851417541503906,0.04023104906082153,0.9666574001312256,0.9998815059661865
190,7.56,14,RIGHT_ELBOW,0.3363339304924011,0.4898129105567932,-0.08005136251449585,0.9770159125328064,0.9998432397842407
190,7.56,15,LEFT_WRIST,0.2485225796699524,0.5058671832084656,0.05205364152789116,0.7003172039985657,0.9997038245201111
190,7.56,16,RIGHT_WRIST,0.3513198494911194,0.5127816796302795,-0.14002838730812073,0.826448917388916,0.9997144341468811
190,7.56,17,LEFT_PINKY,0.24714162945747375,0.5100113153457642,0.05309475213289261,0.6470130085945129,0.9996145963668823
190,7.56,18,RIGHT_PINKY,0.35460466146469116,0.5182022452354431,-0.1501699537038803,0.7566091418266296,0.9996175765991211
190,7.56,19,LEFT_INDEX,0.2491966187953949,0.508927047252655,0.05353856086730957,0.6409127712249756,0.9996641874313354
190,7.56,20,RIGHT_INDEX,0.3521799147129059,0.5178514719009399,-0.1388252079486847,0.7475553750991821,0.9996252059936523
190,7.56,21,LEFT_THUMB,0.2522558867931366,0.5075501203536987,0.05357915908098221,0.5888274312019348,0.9996868371963501
190,7.56,22,RIGHT_THUMB,0.35040363669395447,0.5162579417228699,-0.13590829074382782,0.6956390738487244,0.9996894598007202
190,7.56,23,LEFT_HIP,0.27462249994277954,0.5211508274078369,0.02235853113234043,0.9997851252555847,0.9999485015869141
190,7.56,24,RIGHT_HIP,0.3087526857852936,0.5223764777183533,-0.022662987932562828,0.9996805787086487,0.9998733997344971
190,7.56,25,LEFT_KNEE,0.244193434715271,0.5520316958427429,0.038443852216005325,0.9954075217247009,0.9999452829360962
190,7.56,26,RIGHT_KNEE,0.311155766248703,0.5512333512306213,0.020606378093361855,0.9169802069664001,0.9996688365936279
190,7.56,27,LEFT_ANKLE,0.20475097000598907,0.5847198963165283,-0.043094925582408905,0.9947115182876587,0.9999737739562988
190,7.56,28,RIGHT_ANKLE,0.2842903733253479,0.5795410871505737,-0.06100552901625633,0.9181808829307556,0.9999363422393799
190,7.56,29,LEFT_HEEL,0.20332077145576477,0.5876257419586182,-0.05403502285480499,0.9958436489105225,0.9999469518661499
190,7.56,30,RIGHT_HEEL,0.275495320558548,0.5820804834365845,-0.06835997849702835,0.9671608209609985,0.9999309778213501
190,7.56,31,LEFT_FOOT_INDEX,0.1867387294769287,0.5992525219917297,-0.082853302359581,0.9507041573524475,0.9998452663421631
190,7.56,32,RIGHT_FOOT_INDEX,0.2834094762802124,0.5886519551277161,-0.0863257423043251,0.8358890414237976,0.9998270869255066
191,7.6,0,NOSE,0.31137436628341675,0.45549148321151733,0.14061792194843292,0.9994568824768066,0.9999828338623047
191,7.6,1,LEFT_EYE_INNER,0.308608740568161,0.45277753472328186,0.12630967795848846,0.9992854595184326,0.9999786615371704
191,7.6,2,LEFT_EYE,0.3067198693752289,0.45262569189071655,0.12630149722099304,0.9994378089904785,0.9999779462814331
191,7.6,3,LEFT_EYE_OUTER,0.304931640625,0.45254045724868774,0.1263255923986435,0.999239444732666,0.9999778270721436
191,7.6,4,RIGHT_EYE_INNER,0.3134482800960541,0.4528007209300995,0.11868741363286972,0.9993347525596619,0.9999769926071167
191,7.6,5,RIGHT_EYE,0.3150453567504883,0.45267438888549805,0.11867080628871918,0.999441385269165,0.9999730587005615
191,7.6,6,RIGHT_EYE_OUTER,0.31653693318367004,0.45258328318595886,0.11859694868326187,0.9991700053215027,0.9999701976776123
191,7.6,7,LEFT_EAR,0.3011404573917389,0.4534256160259247,0.06454585492610931,0.9994555115699768,0.9999850988388062
191,7.6,8,RIGHT_EAR,0.31740760803222656,0.4534611701965332,0.03452558442950249,0.9991832375526428,0.9999686479568481
191,7.6,9,MOUTH_LEFT,0.30846089124679565,0.4572618305683136,0.12392009049654007,0.9991353154182434,0.9999783039093018
191,7.6,10,MOUTH_RIGHT,0.3130858540534973,0.4574451744556427,0.11381879448890686,0.9989505410194397,0.9999746084213257
191,7.6,11,LEFT_SHOULDER,0.2766314744949341,0.4713771641254425,0.044788844883441925,0.9998421669006348,0.9999817609786987
191,7.6,12,RIGHT_SHOULDER,0.33383381366729736,0.46768882870674133,-0.032485440373420715,0.9997175335884094,0.9999624490737915
191,7.6,13,LEFT_ELBOW,0.2605924606323242,0.4944319427013397,0.021121883764863014,0.966478705406189,0.9999775886535645
191,7.6,14,RIGHT_ELBOW,0.3471767008304596,0.48865821957588196,-0.09717028588056564,0.9790769815444946,0.9999440908432007
191,7.6,15,LEFT_WRIST,0.2565877437591553,0.5090968608856201,0.0057090893387794495,0.7108820080757141,0.9999412298202515
191,7.6,16,RIGHT_WRIST,0.3608371913433075,0.5110870599746704,-0.1459898054599762,0.8391624093055725,0.9998921155929565
191,7.6,17,LEFT_PINKY,0.254287987947464,0.5142840147018433,0.0012994261924177408,0.6544911861419678,0.9998867511749268
191,7.6,18,RIGHT_PINKY,0.36397886276245117,0.5169153809547424,-0.1603865921497345,0.7729052901268005,0.9998237490653992
191,7.6,19,LEFT_INDEX,0.2554666996002197,0.5139200687408447,-0.004362565465271473,0.6474080085754395,0.9999034404754639
191,7.6,20,RIGHT_INDEX,0.36221081018447876,0.516700029373169,-0.15005618333816528,0.7643488049507141,0.9998284578323364
191,7.6,21,LEFT_THUMB,0.258250892162323,0.5121667981147766,0.002684607170522213,0.590566873550415,0.9999244213104248
191,7.6,22,RIGHT_THUMB,0.360208660364151,0.5148974657058716,-0.14264661073684692,0.7125035524368286,0.9998669624328613
191,7.6,23,LEFT_HIP,0.283610463142395,0.5183812975883484,0.03613248094916344,0.9997965097427368,0.9999642372131348
191,7.6,24,RIGHT_HIP,0.316153883934021,0.5193850994110107,-0.03646219149231911,0.9997009634971619,0.9999303817749023
191,7.6,25,LEFT_KNEE,0.25411760807037354,0.5481544137001038,0.03734467923641205,0.9955297112464905,0.9999605417251587
191,7.6,26,RIGHT_KNEE,0.3169761896133423,0.5513634085655212,-0.020219963043928146,0.9251518249511719,0.9998877048492432
191,7.6,27,LEFT_ANKLE,0.21643885970115662,0.5761222243309021,-0.0327790230512619,0.9948081374168396,0.9999849796295166
191,7.6,28,RIGHT_ANKLE,0.2941688597202301,0.5829852819442749,-0.07693448662757874,0.9262552857398987,0.9999731779098511
191,7.6,29,LEFT_HEEL,0.21221229434013367,0.5782622694969177,-0.04011114314198494,0.996056079864502,0.9999698400497437
191,7.6,30,RIGHT_HEEL,0.28525692224502563,0.5877578854560852,-0.08210138231515884,0.9703701138496399,0.9999644756317139
191,7.6,31,LEFT_FOOT_INDEX,0.20326444506645203,0.5954605340957642,-0.07569451630115509,0.9509848952293396,0.9999191761016846
191,7.6,32,RIGHT_FOOT_INDEX,0.3087020218372345,0.5897144675254822,-0.11210381239652634,0.8511170744895935,0.999897837638855
192,7.64,0,NOSE,0.31754830479621887,0.4548152685165405,0.15719151496887207,0.9995027780532837,0.9999929666519165
192,7.64,1,LEFT_EYE_INNER,0.3152601420879364,0.4520120918750763,0.14478585124015808,0.9993447661399841,0.9999920129776001
192,7.64,2,LEFT_EYE,0.3135285973548889,0.45182478427886963,0.14477938413619995,0.9994843602180481,0.9999914169311523
192,7.64,3,LEFT_EYE_OUTER,0.3118949830532074,0.4516957104206085,0.14479976892471313,0.9993041753768921,0.9999908208847046
192,7.64,4,RIGHT_EYE_INNER,0.32002606987953186,0.45213794708251953,0.1369139403104782,0.9993903040885925,0.9999915361404419
192,7.64,5,RIGHT_EYE,0.3217976987361908,0.45203283429145813,0.1369006186723709,0.9994880557060242,0.9999899864196777
192,7.64,6,RIGHT_EYE_OUTER,0.32355013489723206,0.4519370198249817,0.13684582710266113,0.9992405772209167,0.9999885559082031
192,7.64,7,LEFT_EAR,0.3084954619407654,0.4525828957557678,0.08798389881849289,0.9995021224021912,0.9999935626983643
192,7.64,8,RIGHT_EAR,0.3246918022632599,0.4529140591621399,0.05275681987404823,0.999255359172821,0.9999889135360718
192,7.64,9,MOUTH_LEFT,0.3147810995578766,0.45679575204849243,0.14038819074630737,0.9992114305496216,0.9999873638153076
192,7.64,10,MOUTH_RIGHT,0.31951823830604553,0.45711585879325867,0.12934276461601257,0.9990444779396057,0.9999867677688599
192,7.64,11,LEFT_SHOULDER,0.28285497426986694,0.47099700570106506,0.06939893215894699,0.9998492002487183,0.9999759197235107
192,7.64,12,RIGHT_SHOULDER,0.34096968173980713,0.46837756037712097,-0.017566436901688576,0.9997432231903076,0.9999761581420898
192,7.64,13,LEFT_ELBOW,0.26453351974487305,0.49348175525665283,0.05721471831202507,0.9639832377433777,0.9999555349349976
192,7.64,14,RIGHT_ELBOW,0.3556387424468994,0.48892661929130554,-0.07566342502832413,0.9807518124580383,0.9999265670776367
192,7.64,15,LEFT_WRIST,0.26038751006126404,0.5100055932998657,0.06510354578495026,0.6989776492118835,0.9999245405197144
192,7.64,16,RIGHT_WRIST,0.3656581938266754,0.5112434029579163,-0.11328767985105515,0.8484686613082886,0.9998854398727417
192,7.64,17,LEFT_PINKY,0.25566366314888,0.5155879855155945,0.06610977649688721,0.6368224620819092,0.9998809099197388
192,7.64,18,RIGHT_PINKY,0.36952298879623413,0.5171144604682922,-0.12363692373037338,0.783207893371582,0.9998216032981873
192,7.64,19,LEFT_INDEX,0.25883206725120544,0.5156852006912231,0.06375671923160553,0.6285494565963745,0.9998869895935059
192,7.64,20,RIGHT_INDEX,0.36705726385116577,0.5168132185935974,-0.11462292075157166,0.7751021981239319,0.9998220801353455
192,7.64,21,LEFT_THUMB,0.2611803114414215,0.5139211416244507,0.0642668604850769,0.5696771144866943,0.9999122619628906
192,7.64,22,RIGHT_THUMB,0.36471715569496155,0.514813244342804,-0.11001570522785187,0.7223422527313232,0.9998682737350464
192,7.64,23,LEFT_HIP,0.2896937131881714,0.5178033709526062,0.03602626547217369,0.9998098015785217,0.9999792575836182
192,7.64,24,RIGHT_HIP,0.3219912648200989,0.5192883014678955,-0.03631667420268059,0.9997228980064392,0.9999600648880005
192,7.64,25,LEFT_KNEE,0.26208966970443726,0.5472861528396606,0.03557492047548294,0.9952964782714844,0.9999762773513794
192,7.64,26,RIGHT_KNEE,0.31866151094436646,0.5517060160636902,-0.02383294887840748,0.9322656989097595,0.9999394416809082
192,7.64,27,LEFT_ANKLE,0.22351209819316864,0.5744242072105408,-0.05250351503491402,0.9948542714118958,0.999990701675415
192,7.64,28,RIGHT_ANKLE,0.2953331768512726,0.5844807028770447,-0.11560298502445221,0.9334583282470703,0.9999819993972778
192,7.64,29,LEFT_HEEL,0.21743521094322205,0.5769141912460327,-0.06292357295751572,0.9962159395217896,0.9999797344207764
192,7.64,30,RIGHT_HEEL,0.2861967980861664,0.5890570878982544,-0.12476464360952377,0.9732091426849365,0.999972939491272
192,7.64,31,LEFT_FOOT_INDEX,0.21469123661518097,0.590939462184906,-0.10096897929906845,0.9524468779563904,0.9999487400054932
192,7.64,32,RIGHT_FOOT_INDEX,0.3101317584514618,0.5900828838348389,-0.1612151563167572,0.8649420142173767,0.9999301433563232
193,7.68,0,NOSE,0.3294297158718109,0.4547936022281647,0.1692419946193695,0.9995484948158264,0.9999953508377075
193,7.68,1,LEFT_EYE_INNER,0.32697632908821106,0.4519079029560089,0.15419766306877136,0.9994053244590759,0.9999945163726807
193,7.68,2,LEFT_EYE,0.3251609802246094,0.4517498016357422,0.1542007178068161,0.999532163143158,0.9999942779541016
193,7.68,3,LEFT_EYE_OUTER,0.3235186040401459,0.4516569972038269,0.15422511100769043,0.9993694424629211,0.999994158744812
193,7.68,4,RIGHT_EYE_INNER,0.3321322798728943,0.4520825743675232,0.14892838895320892,0.9994461536407471,0.9999939203262329
193,7.68,5,RIGHT_EYE,0.3340020775794983,0.4520401060581207,0.14890725910663605,0.9995347857475281,0.9999926090240479
193,7.68,6,RIGHT_EYE_OUTER,0.3357484042644501,0.4520145058631897,0.14886969327926636,0.9993103742599487,0.9999912977218628
193,7.68,7,LEFT_EAR,0.3207400143146515,0.4526505470275879,0.0891893208026886,0.9995484948158264,0.9999960660934448
193,7.68,8,RIGHT_EAR,0.3376745581626892,0.45326438546180725,0.06557175517082214,0.9993249773979187,0.9999904632568359
193,7.68,9,MOUTH_LEFT,0.3268231451511383,0.4569076895713806,0.14904941618442535,0.999285876750946,0.9999916553497314
193,7.68,10,MOUTH_RIGHT,0.3319314420223236,0.45720013976097107,0.14179374277591705,0.999134361743927,0.9999891519546509
193,7.68,11,LEFT_SHOULDER,0.29678070545196533,0.4702813923358917,0.06879483163356781,0.9998587965965271,0.9999861717224121
193,7.68,12,RIGHT_SHOULDER,0.3547842502593994,0.46945634484291077,-0.010211263783276081,0.999762773513794,0.9999549388885498
193,7.68,13,LEFT_ELBOW,0.2745693624019623,0.49306240677833557,0.05175769329071045,0.9666233062744141,0.9999812841415405
193,7.68,14,RIGHT_ELBOW,0.36694952845573425,0.48953893780708313,-0.060793425887823105,0.9823316335678101,0.9999192953109741
193,7.68,15,LEFT_WRIST,0.2646952271461487,0.5116308331489563,0.0552603155374527,0.7186815738677979,0.9999673366546631
193,7.68,16,RIGHT_WRIST,0.3729240596294403,0.5121824145317078,-0.06261548399925232,0.8533039689064026,0.9999058246612549
193,7.68,17,LEFT_PINKY,0.26112663745880127,0.5169913172721863,0.056898705661296844,0.6542067527770996,0.9999380111694336
193,7.68,18,RIGHT_PINKY,0.37633776664733887,0.5181456804275513,-0.06913850456476212,0.7866578698158264,0.9998605251312256
193,7.68,19,LEFT_INDEX,0.26214081048965454,0.5172057747840881,0.05527050048112869,0.6455031633377075,0.9999432563781738
193,7.68,20,RIGHT_INDEX,0.37332290410995483,0.517640233039856,-0.060863006860017776,0.7787373661994934,0.9998606443405151
193,7.68,21,LEFT_THUMB,0.2650163471698761,0.5157082080841064,0.05493735149502754,0.5841149687767029,0.9999604225158691
193,7.68,22,RIGHT_THUMB,0.3709753453731537,0.515575110912323,-0.05918567627668381,0.7243971228599548,0.9998922348022461
193,7.68,23,LEFT_HIP,0.2964162528514862,0.5186455249786377,0.0375162772834301,0.9998226165771484,0.9999806880950928
193,7.68,24,RIGHT_HIP,0.3284366726875305,0.5204834342002869,-0.03780659660696983,0.9997430443763733,0.9999592304229736
193,7.68,25,LEFT_KNEE,0.27515295147895813,0.5486477613449097,0.03471432253718376,0.9950300455093384,0.9999566078186035
193,7.68,26,RIGHT_KNEE,0.3225514590740204,0.5520673394203186,-0.03163198009133339,0.9388782382011414,0.9999269247055054
193,7.68,27,LEFT_ANKLE,0.23832519352436066,0.570643961429596,-0.05295048654079437,0.9948388934135437,0.9999867677688599
193,7.68,28,RIGHT_ANKLE,0.297160267829895,0.5857114195823669,-0.1353226602077484,0.9399954676628113,0.9999784231185913
193,7.68,29,LEFT_HEEL,0.23327745497226715,0.572287380695343,-0.06289605796337128,0.9963541030883789,0.9999734163284302
193,7.68,30,RIGHT_HEEL,0.2883974313735962,0.5899755954742432,-0.1459568738937378,0.9758133888244629,0.999964714050293
193,7.68,31,LEFT_FOOT_INDEX,0.2309899926185608,0.5847339034080505,-0.09842943400144577,0.953701376914978,0.9999327659606934
193,7.68,32,RIGHT_FOOT_INDEX,0.3115028142929077,0.5911339521408081,-0.183633953332901,0.8776025176048279,0.9999104738235474
194,7.72,0,NOSE,0.3372064232826233,0.45510557293891907,0.13922765851020813,0.9995884895324707,0.999984860420227
194,7.72,1,LEFT_EYE_INNER,0.3350560963153839,0.4522686004638672,0.12317395955324173,0.999455988407135,0.9999821186065674
194,7.72,2,LEFT_EYE,0.3333768844604492,0.45211976766586304,0.12318078428506851,0.9995723962783813,0.9999809265136719
194,7.72,3,LEFT_EYE_OUTER,0.3315410912036896,0.4520219564437866,0.12321202456951141,0.9994239211082458,0.999980092048645
194,7.72,4,RIGHT_EYE_INNER,0.3400414288043976,0.4524381756782532,0.11789178103208542,0.9994935393333435,0.9999817609786987
194,7.72,5,RIGHT_EYE,0.3417642414569855,0.4524058401584625,0.11784180253744125,0.9995746612548828,0.9999784231185913
194,7.72,6,RIGHT_EYE_OUTER,0.3436635136604309,0.4523998498916626,0.11778824031352997,0.9993695020675659,0.999976396560669
194,7.72,7,LEFT_EAR,0.32845231890678406,0.4531172811985016,0.0596548430621624,0.999586820602417,0.9999858140945435
194,7.72,8,RIGHT_EAR,0.3457639515399933,0.45372316241264343,0.0353524349629879,0.9993852972984314,0.9999754428863525
194,7.72,9,MOUTH_LEFT,0.3342756927013397,0.457181841135025,0.11936190724372864,0.9993517398834229,0.9999743700027466
194,7.72,10,MOUTH_RIGHT,0.3393767178058624,0.45747753977775574,0.11220104992389679,0.9992148280143738,0.9999700784683228
194,7.72,11,LEFT_SHOULDER,0.30464982986450195,0.4704257547855377,0.049548882991075516,0.9998637437820435,0.9999631643295288
194,7.72,12,RIGHT_SHOULDER,0.361863374710083,0.46993863582611084,-0.029439393430948257,0.9997779726982117,0.999934196472168
194,7.72,13,LEFT_ELBOW,0.27982646226882935,0.4925120770931244,0.035402990877628326,0.9691375494003296,0.9999653100967407
194,7.72,14,RIGHT_ELBOW,0.37363091111183167,0.49160099029541016,-0.056125130504369736,0.9837369918823242,0.9998970031738281
194,7.72,15,LEFT_WRIST,0.2677657902240753,0.5112261772155762,0.046645388007164,0.7374801635742188,0.99994957447052
194,7.72,16,RIGHT_WRIST,0.37806257605552673,0.5126844048500061,-0.038569144904613495,0.8532429337501526,0.9998600482940674
194,7.72,17,LEFT_PINKY,0.2627931833267212,0.5161677598953247,0.04236173257231712,0.6710503101348877,0.9999028444290161
194,7.72,18,RIGHT_PINKY,0.3795514702796936,0.5183256268501282,-0.0391327440738678,0.7835862636566162,0.9997707009315491
194,7.72,19,LEFT_INDEX,0.2653721868991852,0.5171733498573303,0.04393075034022331,0.6617655158042908,0.9999085664749146
194,7.72,20,RIGHT_INDEX,0.3766160309314728,0.517690896987915,-0.03156522288918495,0.7761277556419373,0.9997792840003967
194,7.72,21,LEFT_THUMB,0.268550306558609,0.5158005952835083,0.0493975467979908,0.5976377129554749,0.9999364614486694
194,7.72,22,RIGHT_THUMB,0.3751986622810364,0.5158029198646545,-0.03449515253305435,0.7205003499984741,0.9998263716697693
194,7.72,23,LEFT_HIP,0.3033084273338318,0.5192720890045166,0.03315110504627228,0.9998290538787842,0.9999637603759766
194,7.72,24,RIGHT_HIP,0.33407390117645264,0.5211989879608154,-0.033486008644104004,0.9997598528862,0.999948263168335
194,7.72,25,LEFT_KNEE,0.28505414724349976,0.5494821667671204,0.047096505761146545,0.9946627020835876,0.9999089241027832
194,7.72,26,RIGHT_KNEE,0.3231506645679474,0.5545750856399536,-0.022487303242087364,0.9447852373123169,0.9998513460159302
194,7.72,27,LEFT_ANKLE,0.25033116340637207,0.5664659738540649,-0.025149665772914886,0.9947571158409119,0.9999740123748779
194,7.72,28,RIGHT_ANKLE,0.2973051071166992,0.5866211652755737,-0.10383138060569763,0.9458531141281128,0.9999678134918213
194,7.72,29,LEFT_HEEL,0.24541215598583221,0.566412627696991,-0.032979633659124374,0.9964260458946228,0.9999538660049438
194,7.72,30,RIGHT_HEEL,0.29004964232444763,0.5903053283691406,-0.11167959123849869,0.9781372547149658,0.9999499320983887
194,7.72,31,LEFT_FOOT_INDEX,0.23680256307125092,0.5815860033035278,-0.06425949186086655,0.95363450050354,0.9998636245727539
194,7.72,32,RIGHT_FOOT_INDEX,0.30652597546577454,0.5924568176269531,-0.1462779939174652,0.8885394930839539,0.9998494386672974
195,7.76,0,NOSE,0.3509133458137512,0.45597389340400696,0.1873144507408142,0.9996237754821777,0.9999788999557495
195,7.76,1,LEFT_EYE_INNER,0.3483845293521881,0.45305195450782776,0.1706402450799942,0.9995019435882568,0.9999741315841675
195,7.76,2,LEFT_EYE,0.3466686010360718,0.45284202694892883,0.17064917087554932,0.9996089339256287,0.9999737739562988
195,7.76,3,LEFT_EYE_OUTER,0.34510472416877747,0.45269638299942017,0.17068874835968018,0.999473512172699,0.9999737739562988
195,7.76,4,RIGHT_EYE_INNER,0.35353443026542664,0.453525185585022,0.1664760261774063,0.9995360374450684,0.9999696016311646
195,7.76,5,RIGHT_EYE,0.35550957918167114,0.4536442160606384,0.16642892360687256,0.9996103644371033,0.9999629259109497
195,7.76,6,RIGHT_EYE_OUTER,0.357473760843277,0.4537869691848755,0.1663695126771927,0.9994217753410339,0.9999574422836304
195,7.76,7,LEFT_EAR,0.34223800897598267,0.45369502902030945,0.10117331892251968,0.9996208548545837,0.9999830722808838
195,7.76,8,RIGHT_EAR,0.3591900169849396,0.45535773038864136,0.08216974884271622,0.9994387030601501,0.9999547004699707
195,7.76,9,MOUTH_LEFT,0.34793931245803833,0.45808377861976624,0.16491085290908813,0.9994104504585266,0.9999759197235107
195,7.76,10,MOUTH_RIGHT,0.3532501459121704,0.45848625898361206,0.1591189205646515,0.9992865324020386,0.9999674558639526
195,7.76,11,LEFT_SHOULDER,0.31697404384613037,0.47074776887893677,0.07544258236885071,0.9998737573623657,0.9999836683273315
195,7.76,12,RIGHT_SHOULDER,0.3718307912349701,0.4727983772754669,0.006237355526536703,0.9997895359992981,0.999900221824646
195,7.76,13,LEFT_ELBOW,0.29122352600097656,0.4919731318950653,0.051972515881061554,0.9721108675003052,0.9999697208404541
195,7.76,14,RIGHT_ELBOW,0.38768431544303894,0.49358198046684265,-0.002052411437034607,0.9849907159805298,0.9996091723442078
195,7.76,15,LEFT_WRIST,0.2738393545150757,0.5098161101341248,0.05221346765756607,0.76259446144104,0.9999566078186035
195,7.76,16,RIGHT_WRIST,0.3882211446762085,0.5076460242271423,0.032307785004377365,0.8455151319503784,0.9994437098503113
195,7.76,17,LEFT_PINKY,0.2686629891395569,0.5143895745277405,0.05126044899225235,0.700799822807312,0.9998964071273804
195,7.76,18,RIGHT_PINKY,0.3862307369709015,0.5136741399765015,0.031378354877233505,0.7686505913734436,0.9992859959602356
195,7.76,19,LEFT_INDEX,0.2700785994529724,0.5150330066680908,0.05023040622472763,0.6921597719192505,0.9999117851257324
195,7.76,20,RIGHT_INDEX,0.3831600546836853,0.5130735039710999,0.03609878942370415,0.7611991167068481,0.999314546585083
195,7.76,21,LEFT_THUMB,0.27320027351379395,0.5137758851051331,0.05253756418824196,0.6315670013427734,0.9999418258666992
195,7.76,22,RIGHT_THUMB,0.38267555832862854,0.5112616419792175,0.035585638135671616,0.7053802013397217,0.9994298815727234
195,7.76,23,LEFT_HIP,0.31136831641197205,0.5165936350822449,0.04467109218239784,0.999828577041626,0.9998248219490051
195,7.76,24,RIGHT_HIP,0.343402236700058,0.5206390619277954,-0.04493308067321777,0.9997738599777222,0.9998103976249695
195,7.76,25,LEFT_KNEE,0.30608946084976196,0.5457143187522888,0.08693134784698486,0.9940837621688843,0.9997647404670715
195,7.76,26,RIGHT_KNEE,0.32807186245918274,0.5557698607444763,-0.058444127440452576,0.9502591490745544,0.999795138835907
195,7.76,27,LEFT_ANKLE,0.26629114151000977,0.5651798844337463,0.06733892112970352,0.9942144751548767,0.9999306201934814
195,7.76,28,RIGHT_ANKLE,0.29775092005729675,0.5875769853591919,-0.12431029975414276,0.9511902928352356,0.9999432563781738
195,7.76,29,LEFT_HEEL,0.2611057162284851,0.5673349499702454,0.06396996974945068,0.9961522817611694,0.9998968839645386
195,7.76,30,RIGHT_HEEL,0.28785035014152527,0.5900973081588745,-0.13177210092544556,0.9802489876747131,0.9998931884765625
195,7.76,31,LEFT_FOOT_INDEX,0.25980010628700256,0.5795194506645203,0.04137132689356804,0.9502016305923462,0.9997996687889099
195,7.76,32,RIGHT_FOOT_INDEX,0.3076154589653015,0.5935089588165283,-0.17178085446357727,0.8985693454742432,0.9997076392173767
196,7.8,0,NOSE,0.3567504286766052,0.4563733637332916,0.17356407642364502,0.9996582269668579,0.9999806880950928
196,7.8,1,LEFT_EYE_INNER,0.35518866777420044,0.4536330997943878,0.15621620416641235,0.9995474815368652,0.9999752044677734
196,7.8,2,LEFT_EYE,0.35361993312835693,0.45341429114341736,0.15622419118881226,0.99964439868927,0.9999744892120361
196,7.8,3,LEFT_EYE_OUTER,0.3519551455974579,0.4532204568386078,0.15625661611557007,0.9995216131210327,0.999974250793457
196,7.8,4,RIGHT_EYE_INNER,0.35978537797927856,0.4541727602481842,0.15268701314926147,0.999578058719635,0.9999706745147705
196,7.8,5,RIGHT_EYE,0.36143139004707336,0.45433107018470764,0.15265536308288574,0.9996452927589417,0.9999639987945557
196,7.8,6,RIGHT_EYE_OUTER,0.3632136285305023,0.4545022249221802,0.15260279178619385,0.9994735717773438,0.9999576807022095
196,7.8,7,LEFT_EAR,0.3483562171459198,0.4541180729866028,0.08764263987541199,0.999654233455658,0.999981164932251
196,7.8,8,RIGHT_EAR,0.3654496669769287,0.456078439950943,0.07124678790569305,0.999489963054657,0.9999512434005737
196,7.8,9,MOUTH_LEFT,0.35392263531684875,0.45834678411483765,0.15195751190185547,0.9994654059410095,0.9999724626541138
196,7.8,10,MOUTH_RIGHT,0.35874947905540466,0.45895302295684814,0.14699876308441162,0.9993537664413452,0.9999645948410034
196,7.8,11,LEFT_SHOULDER,0.3232543468475342,0.47086647152900696,0.062285587191581726,0.9998835325241089,0.9999823570251465
196,7.8,12,RIGHT_SHOULDER,0.37885546684265137,0.4737195372581482,0.0035991708282381296,0.9998002648353577,0.9998646974563599
196,7.8,13,LEFT_ELBOW,0.2965887486934662,0.490118145942688,0.04413587599992752,0.9748516082763672,0.9999755620956421
196,7.8,14,RIGHT_ELBOW,0.3992193341255188,0.49499446153640747,0.01741298846900463,0.986241340637207,0.9996664524078369
196,7.8,15,LEFT_WRIST,0.27963635325431824,0.5091222524642944,0.05576075240969658,0.7855050563812256,0.9999769926071167
196,7.8,16,RIGHT_WRIST,0.39244094491004944,0.5065211057662964,0.0927201509475708,0.839408814907074,0.99965500831604
196,7.8,17,LEFT_PINKY,0.2730254828929901,0.513271689414978,0.05835304036736488,0.7280145287513733,0.9999421834945679
196,7.8,18,RIGHT_PINKY,0.38807716965675354,0.5116859674453735,0.09896152466535568,0.7530316710472107,0.9995267391204834
196,7.8,19,LEFT_INDEX,0.27506721019744873,0.5135716199874878,0.05870597064495087,0.7198898196220398,0.9999492168426514
196,7.8,20,RIGHT_INDEX,0.38519230484962463,0.5108385682106018,0.10030920058488846,0.7451739311218262,0.9995469450950623
196,7.8,21,LEFT_THUMB,0.2783876061439514,0.5122787952423096,0.056602127850055695,0.6630429625511169,0.9999667406082153
196,7.8,22,RIGHT_THUMB,0.3853655457496643,0.5093314051628113,0.09561975300312042,0.6890870928764343,0.9996389150619507
196,7.8,23,LEFT_HIP,0.316030889749527,0.516333818435669,0.04471965879201889,0.9998309016227722,0.9997597336769104
196,7.8,24,RIGHT_HIP,0.347151517868042,0.5204237103462219,-0.04497242346405983,0.9997864365577698,0.9997223019599915
196,7.8,25,LEFT_KNEE,0.31818902492523193,0.5459598302841187,0.09960126876831055,0.9923655986785889,0.999767005443573
196,7.8,26,RIGHT_KNEE,0.3324301540851593,0.5560590624809265,-0.0514351986348629,0.9551485776901245,0.9998117089271545
196,7.8,27,LEFT_ANKLE,0.27875345945358276,0.5655122399330139,0.1052749827504158,0.9931775331497192,0.9999306201934814
196,7.8,28,RIGHT_ANKLE,0.2996065318584442,0.5868591666221619,-0.08889754116535187,0.9559444785118103,0.999930739402771
196,7.8,29,LEFT_HEEL,0.27188244462013245,0.5664855241775513,0.10542875528335571,0.9955645203590393,0.9998956918716431
196,7.8,30,RIGHT_HEEL,0.289293497800827,0.5900057554244995,-0.09319475293159485,0.9820747971534729,0.9998569488525391
196,7.8,31,LEFT_FOOT_INDEX,0.27177292108535767,0.5788504481315613,0.09348883479833603,0.9453207850456238,0.9998267292976379
196,7.8,32,RIGHT_FOOT_INDEX,0.31092318892478943,0.5942933559417725,-0.12554827332496643,0.9069297909736633,0.9996682405471802
197,7.84,0,NOSE,0.36786210536956787,0.4566277265548706,0.16932335495948792,0.9996722936630249,0.9999251365661621
197,7.84,1,LEFT_EYE_INNER,0.36597639322280884,0.4537918269634247,0.1515617072582245,0.9995754957199097,0.9999188184738159
197,7.84,2,LEFT_EYE,0.3642573356628418,0.45357778668403625,0.15156298875808716,0.9996641278266907,0.9999189376831055
197,7.84,3,LEFT_EYE_OUTER,0.362612247467041,0.45340463519096375,0.1515899896621704,0.9995478391647339,0.999922513961792
197,7.84,4,RIGHT_EYE_INNER,0.3710046410560608,0.45437002182006836,0.14856018126010895,0.9995980262756348,0.9999042749404907
197,7.84,5,RIGHT_EYE,0.3729320466518402,0.45455485582351685,0.1485472023487091,0.9996595978736877,0.9998881816864014
197,7.84,6,RIGHT_EYE_OUTER,0.37488797307014465,0.4547545611858368,0.14850550889968872,0.9994937777519226,0.9998732805252075
197,7.84,7,LEFT_EAR,0.3598559498786926,0.45468270778656006,0.08423256129026413,0.9996662139892578,0.9999507665634155
197,7.84,8,RIGHT_EAR,0.37759265303611755,0.45657840371131897,0.06766735762357712,0.9995198249816895,0.9998818635940552
197,7.84,9,MOUTH_LEFT,0.36512547731399536,0.45870837569236755,0.14745178818702698,0.9995025396347046,0.9999428987503052
197,7.84,10,MOUTH_RIGHT,0.37085968255996704,0.4593721330165863,0.14286568760871887,0.9994012117385864,0.9999279975891113
197,7.84,11,LEFT_SHOULDER,0.33772850036621094,0.47102847695350647,0.06441200524568558,0.99989253282547,0.9999822378158569
197,7.84,12,RIGHT_SHOULDER,0.39072898030281067,0.4743117392063141,-0.0023443391546607018,0.9998077154159546,0.9998519420623779
197,7.84,13,LEFT_ELBOW,0.3065803050994873,0.4858088195323944,0.04372217506170273,0.9773434400558472,0.9999401569366455
197,7.84,14,RIGHT_ELBOW,0.411559134721756,0.4949524700641632,0.029192635789513588,0.9873136281967163,0.9988996982574463
197,7.84,15,LEFT_WRIST,0.2868824005126953,0.504571795463562,0.052199967205524445,0.8061142563819885,0.9999186992645264
197,7.84,16,RIGHT_WRIST,0.40142035484313965,0.503713846206665,0.13625408709049225,0.809765100479126,0.9986740350723267
197,7.84,17,LEFT_PINKY,0.28040003776550293,0.5091485381126404,0.05264473333954811,0.7522455453872681,0.9998047947883606
197,7.84,18,RIGHT_PINKY,0.3971407115459442,0.5075377821922302,0.1463748663663864,0.7116560935974121,0.9983250498771667
197,7.84,19,LEFT_INDEX,0.28307390213012695,0.5102624893188477,0.05409092828631401,0.7445956468582153,0.999816358089447
197,7.84,20,RIGHT_INDEX,0.39346402883529663,0.5069150924682617,0.1456516832113266,0.703174352645874,0.9984536170959473
197,7.84,21,LEFT_THUMB,0.28631043434143066,0.5092265009880066,0.0529046393930912,0.6906533241271973,0.9998799562454224
197,7.84,22,RIGHT_THUMB,0.3942769169807434,0.5054070949554443,0.13907490670681,0.6508805751800537,0.9987200498580933
197,7.84,23,LEFT_HIP,0.3289169371128082,0.5153939723968506,0.05168472230434418,0.9998179078102112,0.999225378036499
197,7.84,24,RIGHT_HIP,0.358260840177536,0.5201809406280518,-0.05188249051570892,0.9997876882553101,0.9992790818214417
197,7.84,25,LEFT_KNEE,0.32945185899734497,0.5450581312179565,0.12828485667705536,0.9813170433044434,0.9991426467895508
197,7.84,26,RIGHT_KNEE,0.33961230516433716,0.5559589862823486,-0.046616435050964355,0.959440290927887,0.9992361068725586
197,7.84,27,LEFT_ANKLE,0.3061293363571167,0.5677445530891418,0.19289322197437286,0.9862768054008484,0.9994066953659058
197,7.84,28,RIGHT_ANKLE,0.30173665285110474,0.5861415863037109,-0.051947373896837234,0.9596816301345825,0.9994518160820007
197,7.84,29,LEFT_HEEL,0.29853713512420654,0.5695909857749939,0.19900812208652496,0.9912635684013367,0.9992294311523438
197,7.84,30,RIGHT_HEEL,0.291172593832016,0.5887594223022461,-0.05033859983086586,0.9832350611686707,0.9988516569137573
197,7.84,31,LEFT_FOOT_INDEX,0.30850955843925476,0.5765560269355774,0.19649966061115265,0.921746015548706,0.9992419481277466
197,7.84,32,RIGHT_FOOT_INDEX,0.31355616450309753,0.5936557650566101,-0.07765548676252365,0.9079669713973999,0.9982951283454895
198,7.88,0,NOSE,0.37304559350013733,0.4567302465438843,0.14261819422245026,0.9996746778488159,0.9999481439590454
198,7.88,1,LEFT_EYE_INNER,0.3709190785884857,0.453826367855072,0.12394039332866669,0.9995834827423096,0.9999467134475708
198,7.88,2,LEFT_EYE,0.3692498803138733,0.4536038339138031,0.12394539266824722,0.999668538570404,0.9999499320983887
198,7.88,3,LEFT_EYE_OUTER,0.3675776720046997,0.45346835255622864,0.1239837259054184,0.9995498061180115,0.9999544620513916
198,7.88,4,RIGHT_EYE_INNER,0.37575027346611023,0.4544081389904022,0.12228229641914368,0.9995912909507751,0.9999256134033203
198,7.88,5,RIGHT_EYE,0.377492755651474,0.4545751214027405,0.12225139886140823,0.9996480345726013,0.9999071359634399
198,7.88,6,RIGHT_EYE_OUTER,0.3792308568954468,0.4547611176967621,0.12218602746725082,0.999462366104126,0.9998874664306641
198,7.88,7,LEFT_EAR,0.3658714294433594,0.45477017760276794,0.058113157749176025,0.9996504187583923,0.9999728202819824
198,7.88,8,RIGHT_EAR,0.3824197053909302,0.45662543177604675,0.0492558628320694,0.999517023563385,0.9998807907104492
198,7.88,9,MOUTH_LEFT,0.37028050422668457,0.4587358236312866,0.12231956422328949,0.9995215535163879,0.9999674558639526
198,7.88,10,MOUTH_RIGHT,0.3758956491947174,0.45939671993255615,0.11971472203731537,0.9994232058525085,0.9999438524246216
198,7.88,11,LEFT_SHOULDER,0.34335991740226746,0.47078365087509155,0.037979356944561005,0.9999013543128967,0.9999921321868896
198,7.88,12,RIGHT_SHOULDER,0.398099422454834,0.4742017984390259,-0.012244339101016521,0.999811589717865,0.9997770190238953
198,7.88,13,LEFT_ELBOW,0.3131709694862366,0.4829772710800171,0.01245593186467886,0.9795882105827332,0.9999645948410034
198,7.88,14,RIGHT_ELBOW,0.4180261194705963,0.4941745698451996,0.0229735616594553,0.98810875415802,0.9989198446273804
198,7.88,15,LEFT_WRIST,0.29293984174728394,0.5021067261695862,0.017407210543751717,0.8248631358146667,0.999957799911499
198,7.88,16,RIGHT_WRIST,0.40339717268943787,0.5014200806617737,0.12398412078619003,0.7719908952713013,0.999127209186554
198,7.88,17,LEFT_PINKY,0.2872456908226013,0.5064713358879089,0.01738828979432583,0.7746095657348633,0.9998983144760132
198,7.88,18,RIGHT_PINKY,0.4005153775215149,0.504500150680542,0.13464155793190002,0.666400671005249,0.9990430474281311
198,7.88,19,LEFT_INDEX,0.2889535427093506,0.5073848962783813,0.0195686724036932,0.767499566078186,0.9999043941497803
198,7.88,20,RIGHT_INDEX,0.39689716696739197,0.5039295554161072,0.13511015474796295,0.6572880744934082,0.9990768432617188
198,7.88,21,LEFT_THUMB,0.2916172742843628,0.506399929523468,0.018527625128626823,0.7166501879692078,0.9999362230300903
198,7.88,22,RIGHT_THUMB,0.39708274602890015,0.5030558705329895,0.1269216239452362,0.6083983778953552,0.9992201328277588
198,7.88,23,LEFT_HIP,0.3369847238063812,0.5148298740386963,0.04696165397763252,0.9998229146003723,0.9997392296791077
198,7.88,24,RIGHT_HIP,0.3650328814983368,0.5194438099861145,-0.0472198985517025,0.9997968077659607,0.9995751976966858
198,7.88,25,LEFT_KNEE,0.33823665976524353,0.5457997918128967,0.13933603465557098,0.9669828414916992,0.9997908473014832
198,7.88,26,RIGHT_KNEE,0.34421631693840027,0.5547946691513062,-0.0372273251414299,0.9633042216300964,0.999748170375824
198,7.88,27,LEFT_ANKLE,0.3253169655799866,0.5711938738822937,0.18846841156482697,0.982535719871521,0.9997817873954773
198,7.88,28,RIGHT_ANKLE,0.3086021840572357,0.5839263200759888,-0.036131713539361954,0.9631872177124023,0.999797523021698
198,7.88,29,LEFT_HEEL,0.3206666111946106,0.5751712322235107,0.19293086230754852,0.9889302253723145,0.9996846914291382
198,7.88,30,RIGHT_HEEL,0.29939138889312744,0.5863465070724487,-0.03536972030997276,0.9841822981834412,0.9995667338371277
198,7.88,31,LEFT_FOOT_INDEX,0.33822211623191833,0.5795551538467407,0.18454913794994354,0.9107125997543335,0.9995864033699036
198,7.88,32,RIGHT_FOOT_INDEX,0.3139188289642334,0.5930243730545044,-0.06431017071008682,0.9114135503768921,0.9993317723274231
199,7.92,0,NOSE,0.38187092542648315,0.45621615648269653,0.13872390985488892,0.999686062335968,0.9999661445617676
199,7.92,1,LEFT_EYE_INNER,0.380154013633728,0.4534830152988434,0.12154912948608398,0.999594509601593,0.9999651908874512
199,7.92,2,LEFT_EYE,0.37873321771621704,0.4533294439315796,0.12154243141412735,0.9996764659881592,0.999967098236084
199,7.92,3,LEFT_EYE_OUTER,0.37720853090286255,0.4532417058944702,0.12157732993364334,0.9995612502098083,0.9999688863754272
199,7.92,4,RIGHT_EYE_INNER,0.3846339285373688,0.4537411630153656,0.11954375356435776,0.9995951652526855,0.9999557733535767
199,7.92,5,RIGHT_EYE,0.38625308871269226,0.4537793695926666,0.11951380223035812,0.9996479749679565,0.9999456405639648
199,7.92,6,RIGHT_EYE_OUTER,0.3880312740802765,0.4538666903972626,0.11943770200014114,0.9994549751281738,0.9999352693557739
199,7.92,7,LEFT_EAR,0.3756577670574188,0.4544889032840729,0.05670523643493652,0.9996388554573059,0.9999818801879883
199,7.92,8,RIGHT_EAR,0.3912712037563324,0.45554593205451965,0.04706936702132225,0.9995248317718506,0.9999372959136963
199,7.92,9,MOUTH_LEFT,0.37979933619499207,0.4583800733089447,0.1183246448636055,0.999535083770752,0.9999735355377197
199,7.92,10,MOUTH_RIGHT,0.38442662358283997,0.45874783396720886,0.1154339537024498,0.9994333386421204,0.9999562501907349
199,7.92,11,LEFT_SHOULDER,0.3548864722251892,0.46863117814064026,0.031138645485043526,0.9999101161956787,0.9999940395355225
199,7.92,12,RIGHT_SHOULDER,0.40856239199638367,0.47292137145996094,-0.013503932394087315,0.9998231530189514,0.9998428821563721
199,7.92,13,LEFT_ELBOW,0.32479119300842285,0.48048657178878784,0.003315418493002653,0.9815977811813354,0.9999727010726929
199,7.92,14,RIGHT_ELBOW,0.43161967396736145,0.491437166929245,0.02216310426592827,0.9887722134590149,0.9989114999771118
199,7.92,15,LEFT_WRIST,0.3048724830150604,0.5004744529724121,0.010418839752674103,0.8417388796806335,0.9999686479568481
199,7.92,16,RIGHT_WRIST,0.4191155731678009,0.5029625296592712,0.12726779282093048,0.755601704120636,0.9990361928939819
199,7.92,17,LEFT_PINKY,0.29921042919158936,0.5050402879714966,0.01154637336730957,0.7944309115409851,0.9999136924743652
199,7.92,18,RIGHT_PINKY,0.41668957471847534,0.5065522789955139,0.14012838900089264,0.6386588215827942,0.998855471611023
199,7.92,19,LEFT_INDEX,0.3015691339969635,0.5058889389038086,0.014273189008235931,0.7878968715667725,0.9999170303344727
199,7.92,20,RIGHT_INDEX,0.4123501777648926,0.5058227777481079,0.14209063351154327,0.6288296580314636,0.9988917708396912
199,7.92,21,LEFT_THUMB,0.3048466444015503,0.5046988129615784,0.011900263838469982,0.7397518157958984,0.9999479055404663
199,7.92,22,RIGHT_THUMB,0.41233620047569275,0.5048744082450867,0.13107182085514069,0.5822449922561646,0.9990918636322021
199,7.92,23,LEFT_HIP,0.3560371994972229,0.5129228234291077,0.04357324168086052,0.9998319745063782,0.9998795986175537
199,7.92,24,RIGHT_HIP,0.38043197989463806,0.5167887210845947,-0.043872978538274765,0.9998049139976501,0.9996986389160156
199,7.92,25,LEFT_KNEE,0.3610089123249054,0.5429019331932068,0.10689017921686172,0.954474925994873,0.9999268054962158
199,7.92,26,RIGHT_KNEE,0.35784780979156494,0.5474071502685547,-0.04193244129419327,0.966497004032135,0.9998587369918823
199,7.92,27,LEFT_ANKLE,0.35337474942207336,0.5712457299232483,0.15132927894592285,0.9807838201522827,0.9998773336410522
199,7.92,28,RIGHT_ANKLE,0.3182685971260071,0.5779507756233215,-0.044682279229164124,0.9662296175956726,0.9999022483825684
199,7.92,29,LEFT_HEEL,0.3510306179523468,0.5774324536323547,0.14861352741718292,0.9864552617073059,0.9998165965080261
199,7.92,30,RIGHT_HEEL,0.3129595220088959,0.5796298384666443,-0.042162202298641205,0.9838847517967224,0.9998142123222351
199,7.92,31,LEFT_FOOT_INDEX,0.3612743020057678,0.5807326436042786,0.10055974125862122,0.9113987684249878,0.9996256828308105
199,7.92,32,RIGHT_FOOT_INDEX,0.31546884775161743,0.5926607847213745,-0.08015505969524384,0.9168985486030579,0.9996505975723267
200,7.96,0,NOSE,0.3881351351737976,0.4561762809753418,0.13583585619926453,0.9996947646141052,0.9999673366546631
200,7.96,1,LEFT_EYE_INNER,0.3861583173274994,0.4534901976585388,0.11985066533088684,0.9996007084846497,0.9999616146087646
200,7.96,2,LEFT_EYE,0.3846689760684967,0.45333847403526306,0.11984334886074066,0.9996796250343323,0.9999639987945557
200,7.96,3,LEFT_EYE_OUTER,0.38312721252441406,0.4532439410686493,0.11986756324768066,0.9995705485343933,0.9999645948410034
200,7.96,4,RIGHT_EYE_INNER,0.39050835371017456,0.45370328426361084,0.11788446456193924,0.9995951652526855,0.9999549388885498
200,7.96,5,RIGHT_EYE,0.3919549584388733,0.45371299982070923,0.11785431951284409,0.9996451139450073,0.9999474287033081
200,7.96,6,RIGHT_EYE_OUTER,0.39350569248199463,0.4537655711174011,0.1177804172039032,0.9994557499885559,0.9999392032623291
200,7.96,7,LEFT_EAR,0.3814125955104828,0.4543289542198181,0.05778851732611656,0.9996167421340942,0.9999785423278809
200,7.96,8,RIGHT_EAR,0.3963180184364319,0.4551772475242615,0.04850604012608528,0.9995201826095581,0.9999402761459351
200,7.96,9,MOUTH_LEFT,0.385629266500473,0.4582923352718353,0.11634785681962967,0.9995445013046265,0.9999707937240601
200,7.96,10,MOUTH_RIGHT,0.39031994342803955,0.45863035321235657,0.1135784164071083,0.999442458152771,0.9999587535858154
200,7.96,11,LEFT_SHOULDER,0.3605278432369232,0.4685567021369934,0.030312759801745415,0.9999166131019592,0.9999885559082031
200,7.96,12,RIGHT_SHOULDER,0.4144498407840729,0.4722140431404114,-0.006879057735204697,0.9998303651809692,0.9998958110809326
200,7.96,13,LEFT_ELBOW,0.3314640522003174,0.4821985960006714,0.0038356834556907415,0.9833990931510925,0.999972939491272
200,7.96,14,RIGHT_ELBOW,0.4370107650756836,0.4902729094028473,0.028753992170095444,0.9893797039985657,0.9996383190155029
200,7.96,15,LEFT_WRIST,0.3147946298122406,0.5006533861160278,0.04434790089726448,0.8566967248916626,0.9999682903289795
200,7.96,16,RIGHT_WRIST,0.42818567156791687,0.503788411617279,0.11668465286493301,0.7573505640029907,0.9996854066848755
200,7.96,17,LEFT_PINKY,0.3105582296848297,0.5052340030670166,0.049346886575222015,0.8116685152053833,0.9999206066131592
200,7.96,18,RIGHT_PINKY,0.42695152759552,0.5080233216285706,0.12779882550239563,0.6325249075889587,0.9995641112327576
200,7.96,19,LEFT_INDEX,0.31186795234680176,0.5058403611183167,0.05038469284772873,0.8056669235229492,0.9999194145202637
200,7.96,20,RIGHT_INDEX,0.423249214887619,0.5073400735855103,0.12824183702468872,0.6225837469100952,0.9995629191398621
200,7.96,21,LEFT_THUMB,0.314142644405365,0.5045766830444336,0.04591820016503334,0.759712278842926,0.9999476671218872
200,7.96,22,RIGHT_THUMB,0.4223734140396118,0.5061930418014526,0.1196877509355545,0.5766777396202087,0.9996275901794434
200,7.96,23,LEFT_HIP,0.3626803159713745,0.5122188329696655,0.030489638447761536,0.9998379349708557,0.9999325275421143
200,7.96,24,RIGHT_HIP,0.38841551542282104,0.514104962348938,-0.030791984871029854,0.9998126029968262,0.9998688697814941
200,7.96,25,LEFT_KNEE,0.3664862811565399,0.5413523316383362,0.0744759738445282,0.95331871509552,0.9999464750289917
200,7.96,26,RIGHT_KNEE,0.3644884526729584,0.5420588850975037,-0.03562368452548981,0.9691718220710754,0.9999194145202637
200,7.96,27,LEFT_ANKLE,0.3672492206096649,0.5722529888153076,0.07153256237506866,0.9801161885261536,0.9998897314071655
200,7.96,28,RIGHT_ANKLE,0.3268319368362427,0.5733817219734192,-0.053422607481479645,0.9689424633979797,0.9999233484268188
200,7.96,29,LEFT_HEEL,0.3655119836330414,0.5782390832901001,0.06761346012353897,0.9836427569389343,0.9998308420181274
200,7.96,30,RIGHT_HEEL,0.3229837417602539,0.5749674439430237,-0.05504202842712402,0.9837946891784668,0.9998456239700317
200,7.96,31,LEFT_FOOT_INDEX,0.3711076080799103,0.5812215209007263,0.033241018652915955,0.9132989048957825,0.9996134638786316
200,7.96,32,RIGHT_FOOT_INDEX,0.31780925393104553,0.5901919007301331,-0.09623603522777557,0.9229407906532288,0.9996761083602905
201,8.0,0,NOSE,0.3974915146827698,0.4566311538219452,0.1363213062286377,0.9996946454048157,0.9999854564666748
201,8.0,1,LEFT_EYE_INNER,0.3955006003379822,0.4542613923549652,0.12202620506286621,0.9995979070663452,0.9999816417694092
201,8.0,2,LEFT_EYE,0.39400267601013184,0.45413413643836975,0.12202552706003189,0.99967360496521,0.9999822378158569
201,8.0,3,LEFT_EYE_OUTER,0.3924625515937805,0.45405617356300354,0.12203599512577057,0.9995685815811157,0.9999818801879883
201,8.0,4,RIGHT_EYE_INNER,0.4001924693584442,0.4543490707874298,0.11955706030130386,0.9995766282081604,0.99997878074646
201,8.0,5,RIGHT_EYE,0.40192005038261414,0.45428135991096497,0.1195390373468399,0.9996251463890076,0.9999747276306152
201,8.0,6,RIGHT_EYE_OUTER,0.4038090407848358,0.45423993468284607,0.1194797232747078,0.9994316697120667,0.9999680519104004
201,8.0,7,LEFT_EAR,0.3898235261440277,0.4548211991786957,0.05970875173807144,0.9996002912521362,0.9999886751174927
201,8.0,8,RIGHT_EAR,0.40612468123435974,0.4553142189979553,0.049609627574682236,0.999498724937439,0.9999697208404541
201,8.0,9,MOUTH_LEFT,0.39525869488716125,0.45864158868789673,0.11709500104188919,0.9995437264442444,0.9999772310256958
201,8.0,10,MOUTH_RIGHT,0.4002516567707062,0.4588773548603058,0.11377721279859543,0.9994375109672546,0.9999701976776123
201,8.0,11,LEFT_SHOULDER,0.3693804442882538,0.46931034326553345,0.032476238906383514,0.9999222159385681,0.999984622001648
201,8.0,12,RIGHT_SHOULDER,0.42702239751815796,0.47224050760269165,-0.0045402091927826405,0.9998416900634766,0.9999427795410156
201,8.0,13,LEFT_ELBOW,0.3448988199234009,0.4861721098423004,0.02246478945016861,0.9847730994224548,0.9999297857284546
201,8.0,14,RIGHT_ELBOW,0.447256475687027,0.4904415011405945,0.001997903222218156,0.9901626706123352,0.9997777342796326
201,8.0,15,LEFT_WRIST,0.33572912216186523,0.5073538422584534,0.05541675165295601,0.8670806288719177,0.9999343156814575
201,8.0,16,RIGHT_WRIST,0.4452446401119232,0.508974015712738,0.04429370537400246,0.7751437425613403,0.9997010231018066
201,8.0,17,LEFT_PINKY,0.3324761986732483,0.5119845867156982,0.059336915612220764,0.8199886083602905,0.9998743534088135
201,8.0,18,RIGHT_PINKY,0.4456055164337158,0.5144880414009094,0.05036594346165657,0.6538540124893188,0.9995014667510986
201,8.0,19,LEFT_INDEX,0.33623313903808594,0.5122023224830627,0.06007114797830582,0.8144077062606812,0.9998592138290405
201,8.0,20,RIGHT_INDEX,0.4419700801372528,0.5140528082847595,0.05277657508850098,0.6436047554016113,0.999488353729248
201,8.0,21,LEFT_THUMB,0.33871781826019287,0.5108620524406433,0.056488778442144394,0.7679473161697388,0.9998997449874878
201,8.0,22,RIGHT_THUMB,0.440414160490036,0.5123059153556824,0.0469968356192112,0.5983075499534607,0.999578058719635
201,8.0,23,LEFT_HIP,0.37672773003578186,0.5124944448471069,0.014635130763053894,0.9998472929000854,0.999961256980896
201,8.0,24,RIGHT_HIP,0.4069831371307373,0.5132135152816772,-0.014886589720845222,0.999812126159668,0.9998959302902222
201,8.0,25,LEFT_KNEE,0.3797031342983246,0.5418786406517029,0.04059241712093353,0.9490475654602051,0.9999099969863892
201,8.0,26,RIGHT_KNEE,0.38282665610313416,0.5409008264541626,0.00098445697221905,0.964922308921814,0.9997352957725525
201,8.0,27,LEFT_ANKLE,0.3818003833293915,0.5731008052825928,0.000880194827914238,0.9775099754333496,0.999778687953949
201,8.0,28,RIGHT_ANKLE,0.3477315902709961,0.564812958240509,-0.019070832058787346,0.9683799743652344,0.9997661709785461
201,8.0,29,LEFT_HEEL,0.381771445274353,0.5787487626075745,-0.0053573958575725555,0.9801862239837646,0.9996161460876465
201,8.0,30,RIGHT_HEEL,0.3446202576160431,0.5665562748908997,-0.021284043788909912,0.9813080430030823,0.9996064305305481
201,8.0,31,LEFT_FOOT_INDEX,0.3823816478252411,0.5815269947052002,-0.036396052688360214,0.9123572707176208,0.9993060827255249
201,8.0,32,RIGHT_FOOT_INDEX,0.33214759826660156,0.5793479084968567,-0.05326814204454422,0.9238677024841309,0.9994933605194092
202,8.039,0,NOSE,0.4034384787082672,0.4579727053642273,0.10927412658929825,0.9996984004974365,0.999990701675415
202,8.039,1,LEFT_EYE_INNER,0.40165814757347107,0.4559004008769989,0.09250648319721222,0.9995920062065125,0.9999880790710449
202,8.039,2,LEFT_EYE,0.4000982940196991,0.4558103382587433,0.09251900762319565,0.9996642470359802,0.9999885559082031
202,8.039,3,LEFT_EYE_OUTER,0.3984431326389313,0.4557727575302124,0.09251661598682404,0.9995606541633606,0.9999887943267822
202,8.039,4,RIGHT_EYE_INNER,0.4059280753135681,0.45580026507377625,0.09128795564174652,0.9995657801628113,0.9999871253967285
202,8.039,5,RIGHT_EYE,0.407555490732193,0.45566099882125854,0.09127063304185867,0.9996131658554077,0.9999855756759644
202,8.039,6,RIGHT_EYE_OUTER,0.4092962145805359,0.4555239975452423,0.09123518317937851,0.9994184970855713,0.9999829530715942
202,8.039,7,LEFT_EAR,0.3955468237400055,0.4564708173274994,0.027611898258328438,0.99958336353302,0.9999921321868896
202,8.039,8,RIGHT_EAR,0.41191455721855164,0.4562963843345642,0.021936867386102676,0.9994940161705017,0.9999833106994629
202,8.039,9,MOUTH_LEFT,0.401410311460495,0.4599572718143463,0.0890832245349884,0.9995499849319458,0.9999817609786987
202,8.039,10,MOUTH_RIGHT,0.4060511887073517,0.4600028693675995,0.08734388649463654,0.9994518160820007,0.9999791383743286
202,8.039,11,LEFT_SHOULDER,0.37561601400375366,0.471943736076355,0.002552520716562867,0.9999271035194397,0.9999884366989136
202,8.039,12,RIGHT_SHOULDER,0.4334202706813812,0.47241607308387756,-0.026006633415818214,0.999851644039154,0.999967098236084
202,8.039,13,LEFT_ELBOW,0.3547121286392212,0.49043670296669006,-0.006777475122362375,0.9859222769737244,0.9999508857727051
202,8.039,14,RIGHT_ELBOW,0.45419061183929443,0.49061039090156555,-0.040996257215738297,0.9910855293273926,0.999911904335022
202,8.039,15,LEFT_WRIST,0.35343116521835327,0.5109745264053345,0.011554422788321972,0.8720020055770874,0.9999353885650635
202,8.039,16,RIGHT_WRIST,0.454366534948349,0.5131506323814392,-0.02518066018819809,0.7949010729789734,0.999862551689148
202,8.039,17,LEFT_PINKY,0.35231369733810425,0.515025794506073,0.015156314708292484,0.8183915615081787,0.9998927116394043
202,8.039,18,RIGHT_PINKY,0.4555622339248657,0.5177428722381592,-0.02386167272925377,0.6811155676841736,0.9997590184211731
202,8.039,19,LEFT_INDEX,0.3570438027381897,0.5148990154266357,0.0145706906914711,0.812640368938446,0.9998847246170044
202,8.039,20,RIGHT_INDEX,0.45192787051200867,0.5173206925392151,-0.01943051815032959,0.6712173819541931,0.9997430443763733
202,8.039,21,LEFT_THUMB,0.35889533162117004,0.5136333703994751,0.0118306465446949,0.7642834186553955,0.9999125003814697
202,8.039,22,RIGHT_THUMB,0.4505375027656555,0.5160056948661804,-0.022911518812179565,0.6271105408668518,0.9997891783714294
202,8.039,23,LEFT_HIP,0.3852349519729614,0.5128325819969177,0.013047616928815842,0.9998569488525391,0.9999735355377197
202,8.039,24,RIGHT_HIP,0.415608674287796,0.513708770275116,-0.013302233070135117,0.9998147487640381,0.9999390840530396
202,8.039,25,LEFT_KNEE,0.38833940029144287,0.5425242781639099,0.05305491015315056,0.949127197265625,0.9999122619628906
202,8.039,26,RIGHT_KNEE,0.3941431939601898,0.5410019159317017,0.004033911507576704,0.9660139679908752,0.9998337030410767
202,8.039,27,LEFT_ANKLE,0.3852189779281616,0.5746944546699524,0.017127571627497673,0.9780889749526978,0.9998658895492554
202,8.039,28,RIGHT_ANKLE,0.3583545386791229,0.5622168183326721,-0.021563205868005753,0.9708718061447144,0.9998952150344849
202,8.039,29,LEFT_HEEL,0.3844984173774719,0.5794699192047119,0.011340913362801075,0.9803662896156311,0.9997697472572327
202,8.039,30,RIGHT_HEEL,0.35595232248306274,0.5626127123832703,-0.024158025160431862,0.9824343919754028,0.9998418092727661
202,8.039,31,LEFT_FOOT_INDEX,0.38507091999053955,0.5833801627159119,-0.02200857363641262,0.9160247445106506,0.999451220035553
202,8.039,32,RIGHT_FOOT_INDEX,0.340495765209198,0.5747833847999573,-0.05522625520825386,0.9296993613243103,0.9997525811195374
203,8.08,0,NOSE,0.4165361821651459,0.4603711664676666,0.09715361893177032,0.9995085000991821,0.9997724890708923
203,8.08,1,LEFT_EYE_INNER,0.41401293873786926,0.458109587430954,0.08534367382526398,0.9994335770606995,0.9998140931129456
203,8.08,2,LEFT_EYE,0.4125809967517853,0.45803382992744446,0.08534860610961914,0.9994726777076721,0.9998169541358948
203,8.08,3,LEFT_EYE_OUTER,0.41119712591171265,0.45799583196640015,0.08531101793050766,0.9993868470191956,0.999817430973053
203,8.08,4,RIGHT_EYE_INNER,0.41865891218185425,0.4581196904182434,0.07890944182872772,0.9994434714317322,0.999812662601471
203,8.08,5,RIGHT_EYE,0.4203086197376251,0.4580462872982025,0.07891397178173065,0.999471127986908,0.9997952580451965
203,8.08,6,RIGHT_EYE_OUTER,0.42212024331092834,0.4579843580722809,0.0788579210639,0.9992806911468506,0.9997730851173401
203,8.08,7,LEFT_EAR,0.4087061285972595,0.4586979150772095,0.041459646075963974,0.9993888139724731,0.9998708963394165
203,8.08,8,RIGHT_EAR,0.42379841208457947,0.45880600810050964,0.015534836798906326,0.9993720650672913,0.9997946619987488
203,8.08,9,MOUTH_LEFT,0.41451236605644226,0.46234989166259766,0.08583971858024597,0.9992092251777649,0.9997029900550842
203,8.08,10,MOUTH_RIGHT,0.4190341532230377,0.46241551637649536,0.07770271599292755,0.9991123080253601,0.9996687173843384
203,8.08,11,LEFT_SHOULDER,0.3871341049671173,0.4757169187068939,0.04706951603293419,0.9998939633369446,0.9998378753662109
203,8.08,12,RIGHT_SHOULDER,0.4410521388053894,0.473766028881073,-0.051197201013565063,0.9998494982719421,0.9998044371604919
203,8.08,13,LEFT_ELBOW,0.3754039704799652,0.4980520009994507,0.08689609169960022,0.9762145280838013,0.9993128776550293
203,8.08,14,RIGHT_ELBOW,0.4615790843963623,0.4912956953048706,-0.07483422756195068,0.9919404983520508,0.9995205402374268
203,8.08,15,LEFT_WRIST,0.385858416557312,0.5105952620506287,0.13304290175437927,0.7995937466621399,0.9994335770606995
203,8.08,16,RIGHT_WRIST,0.4692642092704773,0.5138434767723083,-0.07236307859420776,0.8134292364120483,0.999337375164032
203,8.08,17,LEFT_PINKY,0.3866003453731537,0.5135233998298645,0.14426535367965698,0.7465221285820007,0.9992930889129639
203,8.08,18,RIGHT_PINKY,0.46970775723457336,0.5187302231788635,-0.07699419558048248,0.7072440981864929,0.9990135431289673
203,8.08,19,LEFT_INDEX,0.39116206765174866,0.510453462600708,0.13929006457328796,0.7410200238227844,0.9992977380752563
203,8.08,20,RIGHT_INDEX,0.4671851694583893,0.518264651298523,-0.0710071250796318,0.6980181932449341,0.9989861845970154
203,8.08,21,LEFT_THUMB,0.3910365104675293,0.5097483396530151,0.1320200264453888,0.6977803707122803,0.9993690848350525
203,8.08,22,RIGHT_THUMB,0.46651339530944824,0.5166922807693481,-0.06936100870370865,0.6546802520751953,0.9991866946220398
203,8.08,23,LEFT_HIP,0.39582839608192444,0.5171834826469421,0.030215220525860786,0.9998148083686829,0.9997007846832275
203,8.08,24,RIGHT_HIP,0.4231739938259125,0.5173926949501038,-0.030186498537659645,0.9996120929718018,0.9988294243812561
203,8.08,25,LEFT_KNEE,0.3947862386703491,0.5470572710037231,0.03550798073410988,0.9283177256584167,0.9989757537841797
203,8.08,26,RIGHT_KNEE,0.4115172326564789,0.5423029065132141,0.001973253907635808,0.9524617195129395,0.9950222969055176
203,8.08,27,LEFT_ANKLE,0.3855088949203491,0.5794041752815247,0.02848982810974121,0.9552193880081177,0.9972733855247498
203,8.08,28,RIGHT_ANKLE,0.3854233920574188,0.5671108365058899,0.01917840726673603,0.9523234963417053,0.9961891770362854
203,8.08,29,LEFT_HEEL,0.3829563558101654,0.5845242738723755,0.02583029679954052,0.9652236104011536,0.9949429631233215
203,8.08,30,RIGHT_HEEL,0.38120660185813904,0.5682689547538757,0.023077966645359993,0.9698304533958435,0.9956678152084351
203,8.08,31,LEFT_FOOT_INDEX,0.3875063955783844,0.5861884951591492,0.0015500520821660757,0.8829686045646667,0.9948386549949646
203,8.08,32,RIGHT_FOOT_INDEX,0.3913032114505768,0.575731098651886,0.01042800024151802,0.9069664478302002,0.9973934888839722
204,8.119,0,NOSE,0.42510250210762024,0.46125635504722595,0.08335854113101959,0.999435305595398,0.999842643737793
204,8.119,1,LEFT_EYE_INNER,0.42265939712524414,0.458893746137619,0.06986582279205322,0.9993586540222168,0.9998363256454468
204,8.119,2,LEFT_EYE,0.4210776686668396,0.45885124802589417,0.06987064331769943,0.9993733763694763,0.9998248219490051
204,8.119,3,LEFT_EYE_OUTER,0.41951784491539,0.45884639024734497,0.06983568519353867,0.9992934465408325,0.9998118281364441
204,8.119,4,RIGHT_EYE_INNER,0.42676541209220886,0.4588192105293274,0.06558866798877716,0.9994084239006042,0.9998675584793091
204,8.119,5,RIGHT_EYE,0.4282459318637848,0.4587171673774719,0.06558912247419357,0.9994330406188965,0.9998624324798584
204,8.119,6,RIGHT_EYE_OUTER,0.42975860834121704,0.45863017439842224,0.06553828716278076,0.9992628693580627,0.9998559951782227
204,8.119,7,LEFT_EAR,0.4165697395801544,0.45977872610092163,0.02349083125591278,0.9992684721946716,0.9998499155044556
204,8.119,8,RIGHT_EAR,0.4312399923801422,0.4594406485557556,0.004831880796700716,0.9993364214897156,0.9998862743377686
204,8.119,9,MOUTH_LEFT,0.4230504035949707,0.4631942808628082,0.0704125463962555,0.998974621295929,0.9997085928916931
204,8.119,10,MOUTH_RIGHT,0.42737576365470886,0.4632205665111542,0.06503380835056305,0.9989151954650879,0.9997602105140686
204,8.119,11,LEFT_SHOULDER,0.39713677763938904,0.4766393303871155,0.040176693350076675,0.9998300671577454,0.9996883869171143
204,8.119,12,RIGHT_SHOULDER,0.4473522901535034,0.4739082157611847,-0.05491257831454277,0.9998486042022705,0.9998717308044434
204,8.119,13,LEFT_ELBOW,0.3868129253387451,0.49876075983047485,0.09846550971269608,0.9570719599723816,0.9993360638618469
204,8.119,14,RIGHT_ELBOW,0.4659157395362854,0.4912586808204651,-0.053232524544000626,0.9926787614822388,0.9998002648353577
204,8.119,15,LEFT_WRIST,0.39757829904556274,0.5028747916221619,0.18155327439308167,0.7291833162307739,0.9995887875556946
204,8.119,16,RIGHT_WRIST,0.4757215082645416,0.5128329992294312,-0.02364187315106392,0.8292677998542786,0.9997490048408508
204,8.119,17,LEFT_PINKY,0.39852970838546753,0.50372314453125,0.19846779108047485,0.679118275642395,0.9995601773262024
204,8.119,18,RIGHT_PINKY,0.4756169021129608,0.5177841782569885,-0.02259412780404091,0.7297128438949585,0.9995887875556946
204,8.119,19,LEFT_INDEX,0.4031636714935303,0.5022859573364258,0.19343538582324982,0.6739961504936218,0.9995580315589905
204,8.119,20,RIGHT_INDEX,0.4732961356639862,0.5174600481987,-0.01938568241894245,0.7213639616966248,0.9995693564414978
204,8.119,21,LEFT_THUMB,0.40394869446754456,0.5014914274215698,0.18196429312229156,0.6355487704277039,0.999576985836029
204,8.119,22,RIGHT_THUMB,0.47285929322242737,0.5158569812774658,-0.020910723134875298,0.6788195371627808,0.9996765851974487
204,8.119,23,LEFT_HIP,0.40298423171043396,0.5177142024040222,0.030513731762766838,0.9998028874397278,0.9999127388000488
204,8.119,24,RIGHT_HIP,0.4292466938495636,0.5179664492607117,-0.030534489080309868,0.9995695948600769,0.9997531771659851
204,8.119,25,LEFT_KNEE,0.39979636669158936,0.5478419065475464,0.04864007234573364,0.9188586473464966,0.9997984766960144
204,8.119,26,RIGHT_KNEE,0.42248421907424927,0.5434011816978455,-0.0004892763681709766,0.9460651874542236,0.9990618824958801
204,8.119,27,LEFT_ANKLE,0.38993480801582336,0.5788415670394897,0.028724918141961098,0.9520525336265564,0.9997218251228333
204,8.119,28,RIGHT_ANKLE,0.4040009379386902,0.5655531287193298,-0.00011781338253058493,0.951836109161377,0.9995891451835632
204,8.119,29,LEFT_HEEL,0.38574182987213135,0.5836473703384399,0.02527395263314247,0.9636883735656738,0.9994988441467285
204,8.119,30,RIGHT_HEEL,0.39862895011901855,0.5667892694473267,0.0009669840219430625,0.9683563709259033,0.9995542168617249
204,8.119,31,LEFT_FOOT_INDEX,0.3911615014076233,0.5867670178413391,0.003246362553909421,0.8763341307640076,0.9990214109420776
204,8.119,32,RIGHT_FOOT_INDEX,0.40083757042884827,0.5748008489608765,-0.011655373498797417,0.9079500436782837,0.9994334578514099
205,8.16,0,NOSE,0.4391004741191864,0.4611130356788635,0.13295568525791168,0.9994738698005676,0.9999927282333374
205,8.16,1,LEFT_EYE_INNER,0.4366070032119751,0.4586848318576813,0.12324011325836182,0.9994012117385864,0.9999914169311523
205,8.16,2,LEFT_EYE,0.43498092889785767,0.4586460292339325,0.1232263520359993,0.9994136095046997,0.9999905824661255
205,8.16,3,LEFT_EYE_OUTER,0.43343907594680786,0.45864948630332947,0.12320069223642349,0.9993433356285095,0.9999898672103882
205,8.16,4,RIGHT_EYE_INNER,0.4412190616130829,0.45861583948135376,0.11580166965723038,0.9994498491287231,0.999992847442627
205,8.16,5,RIGHT_EYE,0.4428233504295349,0.45853063464164734,0.11580154299736023,0.9994730353355408,0.9999922513961792
205,8.16,6,RIGHT_EYE_OUTER,0.4444037675857544,0.45846661925315857,0.11573765426874161,0.9993203282356262,0.9999918937683105
205,8.16,7,LEFT_EAR,0.4310850501060486,0.4595875144004822,0.08455845713615417,0.9993091821670532,0.9999921321868896
205,8.16,8,RIGHT_EAR,0.44612255692481995,0.45936769247055054,0.05309033766388893,0.9993836879730225,0.9999933242797852
205,8.16,9,MOUTH_LEFT,0.43688249588012695,0.46310263872146606,0.12293870747089386,0.9990149140357971,0.9999847412109375
205,8.16,10,MOUTH_RIGHT,0.4414108693599701,0.4631407558917999,0.11341971904039383,0.9989615082740784,0.9999864101409912
205,8.16,11,LEFT_SHOULDER,0.41211646795272827,0.47573259472846985,0.092136450111866,0.9998158812522888,0.9999741315841675
205,8.16,12,RIGHT_SHOULDER,0.46224644780158997,0.4731391966342926,-0.029210975393652916,0.9998595118522644,0.9999876022338867
205,8.16,13,LEFT_ELBOW,0.40508806705474854,0.4963494539260864,0.12400735914707184,0.8980020880699158,0.9999245405197144
205,8.16,14,RIGHT_ELBOW,0.4756224453449249,0.48957929015159607,-0.041373997926712036,0.9932541251182556,0.9999639987945557
205,8.16,15,LEFT_WRIST,0.4193395674228668,0.5029372572898865,0.16399513185024261,0.6639423370361328,0.9998923540115356
205,8.16,16,RIGHT_WRIST,0.4848158061504364,0.5073955655097961,-0.017980370670557022,0.839147686958313,0.999942421913147
205,8.16,17,LEFT_PINKY,0.42159897089004517,0.5048879981040955,0.1775381714105606,0.6189013719558716,0.9998570680618286
205,8.16,18,RIGHT_PINKY,0.4849785268306732,0.5120894908905029,-0.019351156428456306,0.741106390953064,0.9999029636383057
205,8.16,19,LEFT_INDEX,0.42699146270751953,0.5040110349655151,0.17062796652317047,0.6140266060829163,0.9998553991317749
205,8.16,20,RIGHT_INDEX,0.4829118549823761,0.5117116570472717,-0.010908711701631546,0.7331599593162537,0.9999016523361206
205,8.16,21,LEFT_THUMB,0.4273039400577545,0.5031440854072571,0.16247355937957764,0.5792432427406311,0.9998795986175537
205,8.16,22,RIGHT_THUMB,0.482050359249115,0.5102991461753845,-0.013604335486888885,0.6896101832389832,0.9999310970306396
205,8.16,23,LEFT_HIP,0.41316813230514526,0.5171063542366028,0.03653005138039589,0.9998148083686829,0.9999951124191284
205,8.16,24,RIGHT_HIP,0.4417535662651062,0.5167015194892883,-0.03671668842434883,0.9995893836021423,0.999985933303833
205,8.16,25,LEFT_KNEE,0.40392985939979553,0.5482212901115417,0.03907625004649162,0.9258811473846436,0.999977707862854
205,8.16,26,RIGHT_KNEE,0.45343440771102905,0.5392921566963196,-0.045584555715322495,0.9506185054779053,0.9999046325683594
205,8.16,27,LEFT_ANKLE,0.3901963233947754,0.5794123411178589,-0.0816948413848877,0.9561961889266968,0.9999860525131226
205,8.16,28,RIGHT_ANKLE,0.4345967471599579,0.5613812208175659,-0.1432836949825287,0.9560824036598206,0.9999861717224121
205,8.16,29,LEFT_HEEL,0.3885887563228607,0.5836643576622009,-0.09591134637594223,0.9670017957687378,0.9999699592590332
205,8.16,30,RIGHT_HEEL,0.4292359948158264,0.5619789958000183,-0.15252763032913208,0.97097247838974,0.9999842643737793
205,8.16,31,LEFT_FOOT_INDEX,0.38916248083114624,0.5864296555519104,-0.12414557486772537,0.8847095370292664,0.9999274015426636
205,8.16,32,RIGHT_FOOT_INDEX,0.43697983026504517,0.5754314064979553,-0.16749770939350128,0.9155470728874207,0.9999653100967407
206,8.2,0,NOSE,0.44965988397598267,0.4609684646129608,0.12133327126502991,0.9994637966156006,0.9999297857284546
206,8.2,1,LEFT_EYE_INNER,0.44736048579216003,0.4585200846195221,0.11403626948595047,0.9993880391120911,0.9999371767044067
206,8.2,2,LEFT_EYE,0.4458148777484894,0.45849889516830444,0.11399918794631958,0.9993966817855835,0.999936580657959
206,8.2,3,LEFT_EYE_OUTER,0.4443427622318268,0.45852258801460266,0.11394798755645752,0.9993416666984558,0.99993896484375
206,8.2,4,RIGHT_EYE_INNER,0.45132413506507874,0.4584389626979828,0.10285235941410065,0.9994391202926636,0.9999346733093262
206,8.2,5,RIGHT_EYE,0.452759712934494,0.45836272835731506,0.10286311060190201,0.9994595646858215,0.9999265670776367
206,8.2,6,RIGHT_EYE_OUTER,0.45423880219459534,0.4583168029785156,0.10278788954019547,0.999321699142456,0.9999229907989502
206,8.2,7,LEFT_EAR,0.44140660762786865,0.4595218598842621,0.0734085962176323,0.999308168888092,0.9999582767486572
206,8.2,8,RIGHT_EAR,0.4554522633552551,0.45930007100105286,0.03711032122373581,0.9993831515312195,0.9999305009841919
206,8.2,9,MOUTH_LEFT,0.44755247235298157,0.4630584120750427,0.11676616966724396,0.9989615082740784,0.9999182224273682
206,8.2,10,MOUTH_RIGHT,0.45154082775115967,0.4631185829639435,0.10051229596138,0.9989213347434998,0.999914288520813
206,8.2,11,LEFT_SHOULDER,0.4223760962486267,0.4753416180610657,0.07668022066354752,0.9997856020927429,0.9999347925186157
206,8.2,12,RIGHT_SHOULDER,0.46885111927986145,0.4712463319301605,-0.04305137321352959,0.9998677372932434,0.9999392032623291
206,8.2,13,LEFT_ELBOW,0.4135262668132782,0.4952743351459503,0.08833126723766327,0.8437913656234741,0.9997840523719788
206,8.2,14,RIGHT_ELBOW,0.4793180227279663,0.48635292053222656,-0.09736810624599457,0.9936433434486389,0.9998337030410767
206,8.2,15,LEFT_WRIST,0.4293770492076874,0.5024499297142029,0.10531242191791534,0.6048803925514221,0.9997052550315857
206,8.2,16,RIGHT_WRIST,0.48783597350120544,0.5035683512687683,-0.12119140475988388,0.8473092317581177,0.9997956156730652
206,8.2,17,LEFT_PINKY,0.4333839416503906,0.5048311948776245,0.11090418696403503,0.5648078322410583,0.9996351003646851
206,8.2,18,RIGHT_PINKY,0.4888027608394623,0.5079809427261353,-0.130457803606987,0.7513830065727234,0.9997398257255554
206,8.2,19,LEFT_INDEX,0.43798521161079407,0.5040722489356995,0.09816440939903259,0.5601564645767212,0.9996606111526489
206,8.2,20,RIGHT_INDEX,0.48688891530036926,0.5075202584266663,-0.11844202876091003,0.7439913749694824,0.9997422099113464
206,8.2,21,LEFT_THUMB,0.4376491904258728,0.5030543804168701,0.09826879948377609,0.5289512872695923,0.9996919631958008
206,8.2,22,RIGHT_THUMB,0.4859456419944763,0.506267786026001,-0.11661680787801743,0.6985833644866943,0.9998031258583069
206,8.2,23,LEFT_HIP,0.4221866726875305,0.5159099102020264,0.041414856910705566,0.9998196959495544,0.9999791383743286
206,8.2,24,RIGHT_HIP,0.4502701461315155,0.5155087113380432,-0.04158107191324234,0.9995937943458557,0.9999302625656128
206,8.2,25,LEFT_KNEE,0.40719279646873474,0.5479406714439392,0.038283463567495346,0.9323397874832153,0.9999586343765259
206,8.2,26,RIGHT_KNEE,0.46726447343826294,0.5361892580986023,-0.041644319891929626,0.9550650119781494,0.9997909665107727
206,8.2,27,LEFT_ANKLE,0.3904770314693451,0.5788455605506897,-0.044423673301935196,0.9596880674362183,0.9999473094940186
206,8.2,28,RIGHT_ANKLE,0.4472896158695221,0.5615921020507812,-0.09799011051654816,0.9599854350090027,0.9999344348907471
206,8.2,29,LEFT_HEEL,0.38846588134765625,0.5830743312835693,-0.05383382737636566,0.9699172973632812,0.999874472618103
206,8.2,30,RIGHT_HEEL,0.43998056650161743,0.5634602904319763,-0.10219566524028778,0.9733642339706421,0.9999270439147949
206,8.2,31,LEFT_FOOT_INDEX,0.390568345785141,0.5863623023033142,-0.07800693064928055,0.8887766003608704,0.9997643828392029
206,8.2,32,RIGHT_FOOT_INDEX,0.457320898771286,0.5758563280105591,-0.11254210770130157,0.9217020869255066,0.9998594522476196
207,8.24,0,NOSE,0.465751588344574,0.45893675088882446,0.1799495965242386,0.9994970560073853,0.999992847442627
207,8.24,1,LEFT_EYE_INNER,0.4630792438983917,0.456436425447464,0.17512626945972443,0.9994194507598877,0.9999889135360718
207,8.24,2,LEFT_EYE,0.46144941449165344,0.45641326904296875,0.17510360479354858,0.9994249939918518,0.9999880790710449
207,8.24,3,LEFT_EYE_OUTER,0.4599575400352478,0.4564216732978821,0.17508575320243835,0.9993807077407837,0.9999865293502808
207,8.24,4,RIGHT_EYE_INNER,0.4682822525501251,0.4563344717025757,0.16572770476341248,0.999468207359314,0.9999901056289673
207,8.24,5,RIGHT_EYE,0.4700520932674408,0.45626556873321533,0.1657303124666214,0.9994879364967346,0.9999889135360718
207,8.24,6,RIGHT_EYE_OUTER,0.47183263301849365,0.4562232792377472,0.16564813256263733,0.9993669986724854,0.9999878406524658
207,8.24,7,LEFT_EAR,0.45804616808891296,0.45735302567481995,0.1461476981639862,0.999342143535614,0.99998939037323
207,8.24,8,RIGHT_EAR,0.47328513860702515,0.45736297965049744,0.10415538400411606,0.9994171857833862,0.999988317489624
207,8.24,9,MOUTH_LEFT,0.46268361806869507,0.46105092763900757,0.17181695997714996,0.998992919921875,0.9999836683273315
207,8.24,10,MOUTH_RIGHT,0.46787530183792114,0.4610995650291443,0.1592010259628296,0.9989487528800964,0.9999850988388062
207,8.24,11,LEFT_SHOULDER,0.44039222598075867,0.4720979928970337,0.14567740261554718,0.9997503757476807,0.999961256980896
207,8.24,12,RIGHT_SHOULDER,0.4841110110282898,0.46857109665870667,0.015057424083352089,0.9998763203620911,0.9999762773513794
207,8.24,13,LEFT_ELBOW,0.4391584098339081,0.49372586607933044,0.16338974237442017,0.768265426158905,0.9999072551727295
207,8.24,14,RIGHT_ELBOW,0.4913386106491089,0.4853664040565491,-0.06904053688049316,0.993137776851654,0.9999270439147949
207,8.24,15,LEFT_WRIST,0.45502108335494995,0.5021363496780396,0.18300515413284302,0.5501133799552917,0.9998193383216858
207,8.24,16,RIGHT_WRIST,0.49535924196243286,0.5005425214767456,-0.06465176492929459,0.8469763398170471,0.999870777130127
207,8.24,17,LEFT_PINKY,0.45789527893066406,0.5049134492874146,0.19142307341098785,0.5156126022338867,0.9997310042381287
207,8.24,18,RIGHT_PINKY,0.4952310621738434,0.5040870904922485,-0.07142522186040878,0.7521120309829712,0.9998096823692322
207,8.24,19,LEFT_INDEX,0.46317917108535767,0.5043202638626099,0.1850014328956604,0.5113440752029419,0.9997383952140808
207,8.24,20,RIGHT_INDEX,0.4940049946308136,0.5035410523414612,-0.06281449645757675,0.7448992133140564,0.9998045563697815
207,8.24,21,LEFT_THUMB,0.46311330795288086,0.50318443775177,0.18041597306728363,0.48351308703422546,0.9997883439064026
207,8.24,22,RIGHT_THUMB,0.49350714683532715,0.5023409128189087,-0.06121484190225601,0.6996510028839111,0.9998630285263062
207,8.24,23,LEFT_HIP,0.4378339946269989,0.5135065317153931,0.04123057797551155,0.9998268485069275,0.9999932050704956
207,8.24,24,RIGHT_HIP,0.4659873843193054,0.512936532497406,-0.041423406451940536,0.9996067881584167,0.9999810457229614
207,8.24,25,LEFT_KNEE,0.417557030916214,0.5447989106178284,0.030990399420261383,0.938755214214325,0.9999674558639526
207,8.24,26,RIGHT_KNEE,0.4850557744503021,0.5338215231895447,-0.040840037167072296,0.9590343832969666,0.9998795986175537
207,8.24,27,LEFT_ANKLE,0.39358049631118774,0.5752293467521667,-0.07853294163942337,0.9632039070129395,0.9999480247497559
207,8.24,28,RIGHT_ANKLE,0.473449170589447,0.5632292628288269,-0.13180014491081238,0.9635518193244934,0.9999381303787231
207,8.24,29,LEFT_HEEL,0.38993698358535767,0.5789393186569214,-0.09203531593084335,0.9726899862289429,0.9998891353607178
207,8.24,30,RIGHT_HEEL,0.46677687764167786,0.5650956034660339,-0.14072194695472717,0.9755997657775879,0.9999206066131592
207,8.24,31,LEFT_FOOT_INDEX,0.3908008337020874,0.5858330130577087,-0.12285779416561127,0.8936543464660645,0.9997592568397522
207,8.24,32,RIGHT_FOOT_INDEX,0.4842432141304016,0.5747354030609131,-0.16375838220119476,0.9269478917121887,0.9998077750205994
208,8.28,0,NOSE,0.47625964879989624,0.4573385417461395,0.15465156733989716,0.9995179176330566,0.9999750852584839
208,8.28,1,LEFT_EYE_INNER,0.4740220606327057,0.45469731092453003,0.14463530480861664,0.9994273781776428,0.9999724626541138
208,8.28,2,LEFT_EYE,0.47255682945251465,0.4545386731624603,0.14462240040302277,0.9994300603866577,0.9999709129333496
208,8.28,3,LEFT_EYE_OUTER,0.4710502326488495,0.45441246032714844,0.14460720121860504,0.9993959665298462,0.9999700784683228
208,8.28,4,RIGHT_EYE_INNER,0.4781687557697296,0.4549052119255066,0.13784120976924896,0.9994754195213318,0.999972939491272
208,8.28,5,RIGHT_EYE,0.4796891510486603,0.4548983871936798,0.13783688843250275,0.9994919300079346,0.9999693632125854
208,8.28,6,RIGHT_EYE_OUTER,0.481221467256546,0.45491158962249756,0.13776855170726776,0.9993844628334045,0.9999676942825317
208,8.28,7,LEFT_EAR,0.4686586856842041,0.4551774859428406,0.10858854651451111,0.99935382604599,0.999976634979248
208,8.28,8,RIGHT_EAR,0.4824031591415405,0.45596936345100403,0.07245714962482452,0.9994226694107056,0.9999691247940063
208,8.28,9,MOUTH_LEFT,0.4739209711551666,0.4591688811779022,0.14253759384155273,0.9990285038948059,0.9999566078186035
208,8.28,10,MOUTH_RIGHT,0.4780709147453308,0.4594471752643585,0.1333681344985962,0.9989913105964661,0.9999594688415527
208,8.28,11,LEFT_SHOULDER,0.448459267616272,0.47098490595817566,0.10822044312953949,0.9997274279594421,0.9999408721923828
208,8.28,12,RIGHT_SHOULDER,0.49278441071510315,0.46688175201416016,-0.0012813924113288522,0.9998847246170044,0.9999634027481079
208,8.28,13,LEFT_ELBOW,0.4452826976776123,0.49206745624542236,0.11203273385763168,0.7171252369880676,0.9998339414596558
208,8.28,14,RIGHT_ELBOW,0.49637842178344727,0.48347851634025574,-0.07935800403356552,0.992846667766571,0.9999094009399414
208,8.28,15,LEFT_WRIST,0.45526498556137085,0.502251923084259,0.09792397916316986,0.503035843372345,0.9996917247772217
208,8.28,16,RIGHT_WRIST,0.5010684728622437,0.49864405393600464,-0.12045665085315704,0.8502492308616638,0.9998823404312134
208,8.28,17,LEFT_PINKY,0.4574551284313202,0.5052366852760315,0.09721149504184723,0.4730899930000305,0.9995993971824646
208,8.28,18,RIGHT_PINKY,0.4998389482498169,0.502951979637146,-0.13307230174541473,0.757765531539917,0.9998254179954529
208,8.28,19,LEFT_INDEX,0.4612583518028259,0.5046574473381042,0.0906011313199997,0.46895724534988403,0.9996030926704407
208,8.28,20,RIGHT_INDEX,0.4992265999317169,0.5023033618927002,-0.1226048395037651,0.7507364749908447,0.9998185038566589
208,8.28,21,LEFT_THUMB,0.4615972936153412,0.5035914182662964,0.09342952817678452,0.4438031017780304,0.9996640682220459
208,8.28,22,RIGHT_THUMB,0.49826472997665405,0.5012389421463013,-0.11723244190216064,0.7038199305534363,0.9998703002929688
208,8.28,23,LEFT_HIP,0.44724979996681213,0.5118533968925476,0.040855493396520615,0.9998337030410767,0.9999884366989136
208,8.28,24,RIGHT_HIP,0.47313204407691956,0.5116458535194397,-0.04103526473045349,0.9996294379234314,0.9999734163284302
208,8.28,25,LEFT_KNEE,0.4270743429660797,0.5424020886421204,0.03127013519406319,0.9441976547241211,0.9999693632125854
208,8.28,26,RIGHT_KNEE,0.4942227900028229,0.5340335369110107,-0.036495573818683624,0.9625561833381653,0.9999203681945801
208,8.28,27,LEFT_ANKLE,0.3968954384326935,0.5690106749534607,-0.04731927439570427,0.966375470161438,0.9999728202819824
208,8.28,28,RIGHT_ANKLE,0.4838433265686035,0.564062774181366,-0.09997405111789703,0.966881513595581,0.9999538660049438
208,8.28,29,LEFT_HEEL,0.3933005630970001,0.5710407495498657,-0.056409768760204315,0.9751865863800049,0.999944806098938
208,8.28,30,RIGHT_HEEL,0.47835901379585266,0.5661854147911072,-0.1057312861084938,0.9777211546897888,0.9999409914016724
208,8.28,31,LEFT_FOOT_INDEX,0.3934890627861023,0.5841259360313416,-0.08617782592773438,0.8995740413665771,0.9998569488525391
208,8.28,32,RIGHT_FOOT_INDEX,0.4965251684188843,0.5744829773902893,-0.12937870621681213,0.9324912428855896,0.999853253364563
209,8.32,0,NOSE,0.49452346563339233,0.45644232630729675,0.17329005897045135,0.9995557069778442,0.9999885559082031
209,8.32,1,LEFT_EYE_INNER,0.4919477105140686,0.45368388295173645,0.16984577476978302,0.9994674921035767,0.9999834299087524
209,8.32,2,LEFT_EYE,0.4903447926044464,0.4534679651260376,0.1698431819677353,0.9994684457778931,0.9999819993972778
209,8.32,3,LEFT_EYE_OUTER,0.4887753427028656,0.4532836973667145,0.16983269155025482,0.999441921710968,0.9999798536300659
209,8.32,4,RIGHT_EYE_INNER,0.4960905909538269,0.45391687750816345,0.1578693836927414,0.9995148181915283,0.9999843835830688
209,8.32,5,RIGHT_EYE,0.49731704592704773,0.4538933038711548,0.15786264836788177,0.9995288252830505,0.9999823570251465
209,8.32,6,RIGHT_EYE_OUTER,0.49850553274154663,0.4538979232311249,0.15779244899749756,0.9994338154792786,0.9999806880950928
209,8.32,7,LEFT_EAR,0.4859480559825897,0.4538380801677704,0.14560696482658386,0.9993987083435059,0.9999805688858032
209,8.32,8,RIGHT_EAR,0.49840545654296875,0.4549201428890228,0.09118184447288513,0.9994620680809021,0.9999791383743286
209,8.32,9,MOUTH_LEFT,0.49137651920318604,0.458187997341156,0.16612206399440765,0.9990938901901245,0.9999641180038452
209,8.32,10,MOUTH_RIGHT,0.49551165103912354,0.45857763290405273,0.15042726695537567,0.9990630149841309,0.9999706745147705
209,8.32,11,LEFT_SHOULDER,0.4620007872581482,0.4695082902908325,0.14369730651378632,0.9997114539146423,0.9999089241027832
209,8.32,12,RIGHT_SHOULDER,0.5052952766418457,0.46634042263031006,0.0072694323025643826,0.9998932480812073,0.999967098236084
209,8.32,13,LEFT_ELBOW,0.4578655958175659,0.4903503656387329,0.15801934897899628,0.656149685382843,0.9998199343681335
209,8.32,14,RIGHT_ELBOW,0.505051851272583,0.4833553433418274,-0.04413195326924324,0.9921505451202393,0.9999343156814575
209,8.32,15,LEFT_WRIST,0.46971049904823303,0.50091952085495,0.16864526271820068,0.4570193290710449,0.9997166991233826
209,8.32,16,RIGHT_WRIST,0.5142273902893066,0.4996131956577301,-0.04963710904121399,0.8517509698867798,0.9998742341995239
209,8.32,17,LEFT_PINKY,0.4716728627681732,0.504326581954956,0.17355132102966309,0.43140846490859985,0.99962317943573
209,8.32,18,RIGHT_PINKY,0.5157667398452759,0.5037094950675964,-0.0563553050160408,0.7614220380783081,0.9997884631156921
209,8.32,19,LEFT_INDEX,0.47620341181755066,0.5038779377937317,0.16939853131771088,0.42758139967918396,0.9996163845062256
209,8.32,20,RIGHT_INDEX,0.5153698325157166,0.5031859874725342,-0.047949597239494324,0.7545832991600037,0.9997732043266296
209,8.32,21,LEFT_THUMB,0.47670286893844604,0.5025321245193481,0.16615861654281616,0.4053135812282562,0.9996774196624756
209,8.32,22,RIGHT_THUMB,0.5141380429267883,0.502078652381897,-0.0457751601934433,0.7062363624572754,0.9998499155044556
209,8.32,23,LEFT_HIP,0.4615823030471802,0.5103187561035156,0.043288085609674454,0.9998420476913452,0.9999887943267822
209,8.32,24,RIGHT_HIP,0.48748642206192017,0.5092654824256897,-0.04347386956214905,0.9996551275253296,0.9999804496765137
209,8.32,25,LEFT_KNEE,0.45003679394721985,0.5411260724067688,0.03228633105754852,0.9491507411003113,0.9999711513519287
209,8.32,26,RIGHT_KNEE,0.5059301853179932,0.5350045561790466,-0.014345195144414902,0.9653599262237549,0.9999222755432129
209,8.32,27,LEFT_ANKLE,0.4115147590637207,0.5593681335449219,-0.035124849528074265,0.9692279100418091,0.9999644756317139
209,8.32,28,RIGHT_ANKLE,0.4999222457408905,0.5661707520484924,-0.050009094178676605,0.9698416590690613,0.999931812286377
209,8.32,29,LEFT_HEEL,0.40317898988723755,0.5597342252731323,-0.03693164885044098,0.9773620963096619,0.9999340772628784
209,8.32,30,RIGHT_HEEL,0.49524417519569397,0.5709267854690552,-0.05303679034113884,0.9795199036598206,0.9999070167541504
209,8.32,31,LEFT_FOOT_INDEX,0.40709149837493896,0.5757609605789185,-0.05788730829954147,0.9052203297615051,0.9998457431793213
209,8.32,32,RIGHT_FOOT_INDEX,0.5099788308143616,0.5746122002601624,-0.07544741034507751,0.9371252059936523,0.9997655749320984
210,8.36,0,NOSE,0.5052779912948608,0.4565597176551819,0.15919829905033112,0.9995903968811035,0.9999918937683105
210,8.36,1,LEFT_EYE_INNER,0.5027862787246704,0.45382174849510193,0.15336774289608002,0.9995043277740479,0.9999890327453613
210,8.36,2,LEFT_EYE,0.50129634141922,0.45359769463539124,0.15336351096630096,0.9995040893554688,0.9999881982803345
210,8.36,3,LEFT_EYE_OUTER,0.4998188614845276,0.45340144634246826,0.15335297584533691,0.9994834661483765,0.9999868869781494
210,8.36,4,RIGHT_EYE_INNER,0.5060944557189941,0.45403072237968445,0.14274448156356812,0.999549150466919,0.9999885559082031
210,8.36,5,RIGHT_EYE,0.5069860219955444,0.45398321747779846,0.14273704588413239,0.9995606541633606,0.9999861717224121
210,8.36,6,RIGHT_EYE_OUTER,0.507877767086029,0.4539606273174286,0.14267100393772125,0.9994757771492004,0.9999839067459106
210,8.36,7,LEFT_EAR,0.4961560368537903,0.453814834356308,0.13267216086387634,0.9994410872459412,0.9999868869781494
210,8.36,8,RIGHT_EAR,0.5067668557167053,0.4548463225364685,0.07796375453472137,0.9994954466819763,0.999980092048645
210,8.36,9,MOUTH_LEFT,0.5021684765815735,0.45826080441474915,0.1508311927318573,0.9991681575775146,0.9999737739562988
210,8.36,10,MOUTH_RIGHT,0.5053775906562805,0.45857706665992737,0.13711659610271454,0.9991423487663269,0.999976634979248
210,8.36,11,LEFT_SHOULDER,0.4712386429309845,0.46952417492866516,0.13504138588905334,0.9997146725654602,0.9999459981918335
210,8.36,12,RIGHT_SHOULDER,0.512335479259491,0.46627169847488403,-0.0006436664261855185,0.9999021291732788,0.9999699592590332
210,8.36,13,LEFT_ELBOW,0.465445876121521,0.48934656381607056,0.1390279233455658,0.617654025554657,0.9998971223831177
210,8.36,14,RIGHT_ELBOW,0.5099368691444397,0.48289650678634644,-0.05615750700235367,0.9913948178291321,0.9999456405639648
210,8.36,15,LEFT_WRIST,0.47845327854156494,0.5012081861495972,0.141427680850029,0.42533308267593384,0.9998132586479187
210,8.36,16,RIGHT_WRIST,0.5226391553878784,0.5005215406417847,-0.0755230039358139,0.8553851842880249,0.9999117851257324
210,8.36,17,LEFT_PINKY,0.48044151067733765,0.5043789148330688,0.14548523724079132,0.40410560369491577,0.9997442364692688
210,8.36,18,RIGHT_PINKY,0.5246151685714722,0.5048229098320007,-0.08480285853147507,0.768343985080719,0.9998494386672974
210,8.36,19,LEFT_INDEX,0.48434895277023315,0.5040597319602966,0.14119569957256317,0.400221049785614,0.9997327923774719
210,8.36,20,RIGHT_INDEX,0.5240010023117065,0.5043603777885437,-0.07711311429738998,0.7612139582633972,0.999843955039978
210,8.36,21,LEFT_THUMB,0.4845418930053711,0.5027650594711304,0.13892757892608643,0.3793410360813141,0.9997904896736145
210,8.36,22,RIGHT_THUMB,0.5229274034500122,0.5031825304031372,-0.0723971277475357,0.7113677263259888,0.9998942613601685
210,8.36,23,LEFT_HIP,0.470122367143631,0.5095847249031067,0.045062106102705,0.9998500943183899,0.9999845027923584
210,8.36,24,RIGHT_HIP,0.49423080682754517,0.5083231329917908,-0.04523494094610214,0.9996821284294128,0.9999740123748779
210,8.36,25,LEFT_KNEE,0.4643736481666565,0.5399792790412903,0.02492344193160534,0.9527482986450195,0.9999712705612183
210,8.36,26,RIGHT_KNEE,0.5113676190376282,0.5358180999755859,-0.032784391194581985,0.9682666063308716,0.9999414682388306
210,8.36,27,LEFT_ANKLE,0.42338916659355164,0.5539191961288452,-0.016335539519786835,0.9717043042182922,0.9999840259552002
210,8.36,28,RIGHT_ANKLE,0.5025574564933777,0.5688391923904419,-0.06175989285111427,0.9726789593696594,0.9999455213546753
210,8.36,29,LEFT_HEEL,0.41634583473205566,0.5521632432937622,-0.018278956413269043,0.9792402386665344,0.9999713897705078
210,8.36,30,RIGHT_HEEL,0.4967819154262543,0.5731115937232971,-0.06378284096717834,0.9813576936721802,0.9999184608459473
210,8.36,31,LEFT_FOOT_INDEX,0.41939085721969604,0.5693000555038452,-0.041372496634721756,0.911661684513092,0.9999207258224487
210,8.36,32,RIGHT_FOOT_INDEX,0.5160828232765198,0.5751006603240967,-0.10260064154863358,0.9424790143966675,0.9997872710227966
211,8.4,0,NOSE,0.517941951751709,0.4567561745643616,0.16593444347381592,0.999625027179718,0.9999957084655762
211,8.4,1,LEFT_EYE_INNER,0.5156415104866028,0.4540642499923706,0.1616285890340805,0.9995443224906921,0.9999947547912598
211,8.4,2,LEFT_EYE,0.5141284465789795,0.45380356907844543,0.16163280606269836,0.9995437264442444,0.9999942779541016
211,8.4,3,LEFT_EYE_OUTER,0.5125284194946289,0.4535466730594635,0.16161949932575226,0.9995269775390625,0.9999935626983643
211,8.4,4,RIGHT_EYE_INNER,0.5194071531295776,0.4543498456478119,0.1503271758556366,0.9995869994163513,0.9999949932098389
211,8.4,5,RIGHT_EYE,0.5205246210098267,0.45431166887283325,0.150307297706604,0.9995970726013184,0.9999940395355225
211,8.4,6,RIGHT_EYE_OUTER,0.5215701460838318,0.4542914032936096,0.15026018023490906,0.9995210766792297,0.9999933242797852
211,8.4,7,LEFT_EAR,0.5093204379081726,0.45393094420433044,0.1379031538963318,0.9994860291481018,0.9999933242797852
211,8.4,8,RIGHT_EAR,0.5210733413696289,0.45496687293052673,0.08732350915670395,0.9995359182357788,0.9999915361404419
211,8.4,9,MOUTH_LEFT,0.5148888230323792,0.4583119750022888,0.15908795595169067,0.9992402195930481,0.9999834299087524
211,8.4,10,MOUTH_RIGHT,0.5183122754096985,0.4586044251918793,0.14452996850013733,0.9992191195487976,0.9999858140945435
211,8.4,11,LEFT_SHOULDER,0.4831167757511139,0.46963703632354736,0.14166876673698425,0.9997085332870483,0.9999502897262573
211,8.4,12,RIGHT_SHOULDER,0.5264094471931458,0.4663774371147156,0.006511317100375891,0.9999097585678101,0.9999808073043823
211,8.4,13,LEFT_ELBOW,0.4758744537830353,0.489452987909317,0.15285202860832214,0.5814197659492493,0.9999450445175171
211,8.4,14,RIGHT_ELBOW,0.5264379382133484,0.484698086977005,-0.04759668931365013,0.9914579391479492,0.9999713897705078
211,8.4,15,LEFT_WRIST,0.49127593636512756,0.5013840198516846,0.1686040312051773,0.391372948884964,0.9998999834060669
211,8.4,16,RIGHT_WRIST,0.5378285050392151,0.502784013748169,-0.0644620805978775,0.8522838950157166,0.9999524354934692
211,8.4,17,LEFT_PINKY,0.4917234778404236,0.5045458078384399,0.17651768028736115,0.3740764260292053,0.9998747110366821
211,8.4,18,RIGHT_PINKY,0.5402268767356873,0.5072563886642456,-0.0708644762635231,0.7661008238792419,0.9999247789382935
211,8.4,19,LEFT_INDEX,0.49734288454055786,0.5042024254798889,0.17146369814872742,0.37012025713920593,0.9998648166656494
211,8.4,20,RIGHT_INDEX,0.539934515953064,0.5068736672401428,-0.06500451266765594,0.7581865787506104,0.9999213218688965
211,8.4,21,LEFT_THUMB,0.49848800897598267,0.5030065178871155,0.16640475392341614,0.3505530059337616,0.9998979568481445
211,8.4,22,RIGHT_THUMB,0.5381900072097778,0.5056307315826416,-0.06174144148826599,0.7048839926719666,0.9999445676803589
211,8.4,23,LEFT_HIP,0.48212188482284546,0.5101267695426941,0.04739529266953468,0.9998581409454346,0.9999918937683105
211,8.4,24,RIGHT_HIP,0.5079244375228882,0.5094116926193237,-0.04757542535662651,0.9997091293334961,0.99998939037323
211,8.4,25,LEFT_KNEE,0.4876973032951355,0.5407184958457947,0.031940583139657974,0.9563561081886292,0.9999722242355347
211,8.4,26,RIGHT_KNEE,0.5181607604026794,0.540677011013031,-0.06223099306225777,0.9713018536567688,0.9999651908874512
211,8.4,27,LEFT_ANKLE,0.4500613510608673,0.5513250231742859,-0.03427265211939812,0.9742587208747864,0.9999933242797852
211,8.4,28,RIGHT_ANKLE,0.503335177898407,0.5713949799537659,-0.15983036160469055,0.9753729701042175,0.9999880790710449
211,8.4,29,LEFT_HEEL,0.4447811245918274,0.5480301380157471,-0.042973920702934265,0.9811527729034424,0.99998939037323
211,8.4,30,RIGHT_HEEL,0.49734169244766235,0.575792133808136,-0.16983474791049957,0.9831736087799072,0.9999816417694092
211,8.4,31,LEFT_FOOT_INDEX,0.44268640875816345,0.5665567517280579,-0.0689164251089096,0.9193156361579895,0.9999587535858154
211,8.4,32,RIGHT_FOOT_INDEX,0.5145092606544495,0.5776616930961609,-0.2049548327922821,0.948042631149292,0.999932050704956
212,8.44,0,NOSE,0.5245475769042969,0.45740699768066406,0.18916599452495575,0.9996485114097595,0.9999940395355225
212,8.44,1,LEFT_EYE_INNER,0.5221257209777832,0.4546954929828644,0.18265382945537567,0.999566376209259,0.9999935626983643
212,8.44,2,LEFT_EYE,0.5206709504127502,0.4544451832771301,0.1826525777578354,0.9995689392089844,0.9999934434890747
212,8.44,3,LEFT_EYE_OUTER,0.519192099571228,0.4542173743247986,0.18263018131256104,0.999555766582489,0.999992847442627
212,8.44,4,RIGHT_EYE_INNER,0.5260531902313232,0.4549698233604431,0.17340025305747986,0.9996081590652466,0.999993085861206
212,8.44,5,RIGHT_EYE,0.5271827578544617,0.45492297410964966,0.17338135838508606,0.9996188879013062,0.999991774559021
212,8.44,6,RIGHT_EYE_OUTER,0.5283368229866028,0.4549015462398529,0.17333367466926575,0.9995477795600891,0.9999905824661255
212,8.44,7,LEFT_EAR,0.5162757635116577,0.45461317896842957,0.14908979833126068,0.9995161294937134,0.9999932050704956
212,8.44,8,RIGHT_EAR,0.5286293625831604,0.4555533230304718,0.1086869016289711,0.9995588660240173,0.9999892711639404
212,8.44,9,MOUTH_LEFT,0.521637499332428,0.4590035378932953,0.17899662256240845,0.9992910623550415,0.9999821186065674
212,8.44,10,MOUTH_RIGHT,0.525486946105957,0.45921796560287476,0.16713646054267883,0.9992755055427551,0.9999836683273315
212,8.44,11,LEFT_SHOULDER,0.4904196858406067,0.4701221287250519,0.14968812465667725,0.9997053742408752,0.9999697208404541
212,8.44,12,RIGHT_SHOULDER,0.5369296073913574,0.46766185760498047,0.023990914225578308,0.9999162554740906,0.9999798536300659
212,8.44,13,LEFT_ELBOW,0.47956129908561707,0.48960503935813904,0.16997520625591278,0.5540080070495605,0.9999456405639648
212,8.44,14,RIGHT_ELBOW,0.5349743366241455,0.48765984177589417,-0.01881144754588604,0.9912077784538269,0.9999376535415649
212,8.44,15,LEFT_WRIST,0.4944697618484497,0.5001312494277954,0.2025720477104187,0.3616480827331543,0.9998668432235718
212,8.44,16,RIGHT_WRIST,0.5448087453842163,0.5051477551460266,-0.03022824041545391,0.843849778175354,0.9998737573623657
212,8.44,17,LEFT_PINKY,0.49448683857917786,0.5034912824630737,0.21159549057483673,0.3482683002948761,0.9998365640640259
212,8.44,18,RIGHT_PINKY,0.5475021004676819,0.5096296668052673,-0.035829946398735046,0.7590427398681641,0.9998273849487305
212,8.44,19,LEFT_INDEX,0.5006569027900696,0.5031307339668274,0.20691458880901337,0.34421125054359436,0.9998173117637634
212,8.44,20,RIGHT_INDEX,0.5474152565002441,0.5093141198158264,-0.02835177816450596,0.7502908110618591,0.9998056292533875
212,8.44,21,LEFT_THUMB,0.5019702911376953,0.5017092823982239,0.20100735127925873,0.32575052976608276,0.9998631477355957
212,8.44,22,RIGHT_THUMB,0.5456492900848389,0.5078113079071045,-0.026945363730192184,0.694304883480072,0.999854326248169
212,8.44,23,LEFT_HIP,0.48977580666542053,0.5104667544364929,0.05059732124209404,0.9998630881309509,0.9999898672103882
212,8.44,24,RIGHT_HIP,0.5154359936714172,0.5098072290420532,-0.050741709768772125,0.9997314214706421,0.9999823570251465
212,8.44,25,LEFT_KNEE,0.5006017088890076,0.540248692035675,0.04495023936033249,0.9577653408050537,0.9999566078186035
212,8.44,26,RIGHT_KNEE,0.5199950337409973,0.5440298318862915,-0.06919240951538086,0.9740355610847473,0.9999439716339111
212,8.44,27,LEFT_ANKLE,0.4629829227924347,0.5510745644569397,-0.01696939207613468,0.9760869741439819,0.9999886751174927
212,8.44,28,RIGHT_ANKLE,0.5022109150886536,0.5733087658882141,-0.16199471056461334,0.9777833819389343,0.9999819993972778
212,8.44,29,LEFT_HEEL,0.45742976665496826,0.5494428873062134,-0.025527220219373703,0.9826639890670776,0.9999819993972778
212,8.44,30,RIGHT_HEEL,0.49508634209632874,0.5771986842155457,-0.17142744362354279,0.9848045706748962,0.9999730587005615
212,8.44,31,LEFT_FOOT_INDEX,0.4558517038822174,0.5672899484634399,-0.04391755908727646,0.9244416952133179,0.9999340772628784
212,8.44,32,RIGHT_FOOT_INDEX,0.5185748934745789,0.580001175403595,-0.20136521756649017,0.9529315829277039,0.9999033212661743
213,8.48,0,NOSE,0.5366096496582031,0.4574584364891052,0.12980571389198303,0.9996646642684937,0.9998346567153931
213,8.48,1,LEFT_EYE_INNER,0.5341331362724304,0.4547557234764099,0.11550379544496536,0.9995853900909424,0.9998242259025574
213,8.48,2,LEFT_EYE,0.5324282050132751,0.4545172452926636,0.11551880836486816,0.999588668346405,0.9998213648796082
213,8.48,3,LEFT_EYE_OUTER,0.5307539105415344,0.45429983735084534,0.115493543446064,0.9995756149291992,0.9998142123222351
213,8.48,4,RIGHT_EYE_INNER,0.538692831993103,0.45504871010780334,0.10917545855045319,0.9996302127838135,0.9998373985290527
213,8.48,5,RIGHT_EYE,0.5400674939155579,0.4550315737724304,0.10913943499326706,0.9996405243873596,0.9998273849487305
213,8.48,6,RIGHT_EYE_OUTER,0.5413284301757812,0.4550362229347229,0.1090797483921051,0.9995748400688171,0.99982750415802
213,8.48,7,LEFT_EAR,0.5280789136886597,0.45475924015045166,0.06604310125112534,0.999530017375946,0.9998354911804199
213,8.48,8,RIGHT_EAR,0.5419736504554749,0.45585471391677856,0.03867517411708832,0.9995853900909424,0.9998618364334106
213,8.48,9,MOUTH_LEFT,0.5335437059402466,0.459176242351532,0.11536703258752823,0.9993295669555664,0.9997466206550598
213,8.48,10,MOUTH_RIGHT,0.5380204916000366,0.45941394567489624,0.1072172075510025,0.9993290305137634,0.9998176693916321
213,8.48,11,LEFT_SHOULDER,0.5041540265083313,0.4699578583240509,0.07824642956256866,0.9996709823608398,0.9997716546058655
213,8.48,12,RIGHT_SHOULDER,0.5530480742454529,0.46961459517478943,-0.030375121161341667,0.99991774559021,0.9999349117279053
213,8.48,13,LEFT_ELBOW,0.4898226261138916,0.48834460973739624,0.12065640091896057,0.5857419371604919,0.9995484948158264
213,8.48,14,RIGHT_ELBOW,0.5548773407936096,0.4914211630821228,-0.01997797004878521,0.9919409155845642,0.999549925327301
213,8.48,15,LEFT_WRIST,0.4992518723011017,0.49584805965423584,0.17025505006313324,0.336331844329834,0.9990100860595703
213,8.48,16,RIGHT_WRIST,0.5630007982254028,0.5072068572044373,0.035263821482658386,0.8239874243736267,0.998955249786377
213,8.48,17,LEFT_PINKY,0.4987921714782715,0.49888643622398376,0.18031378090381622,0.3226846158504486,0.998965859413147
213,8.48,18,RIGHT_PINKY,0.5663594007492065,0.5112787485122681,0.038555316627025604,0.7325485944747925,0.9988325238227844
213,8.48,19,LEFT_INDEX,0.5035449266433716,0.4986688792705536,0.17557097971439362,0.318302720785141,0.998923122882843
213,8.48,20,RIGHT_INDEX,0.5658146142959595,0.511146605014801,0.041665490716695786,0.7235758900642395,0.9987311959266663
213,8.48,21,LEFT_THUMB,0.5041606426239014,0.496308833360672,0.16888771951198578,0.3006855249404907,0.9990204572677612
213,8.48,22,RIGHT_THUMB,0.563816249370575,0.5095996856689453,0.03878364711999893,0.6654801368713379,0.9989237189292908
213,8.48,23,LEFT_HIP,0.5029807090759277,0.5103865265846252,0.05368939787149429,0.9997770190238953,0.9996403455734253
213,8.48,24,RIGHT_HIP,0.5282076597213745,0.5103710889816284,-0.05376856029033661,0.9997323155403137,0.9997449517250061
213,8.48,25,LEFT_KNEE,0.5176422595977783,0.5368791818618774,0.10138396173715591,0.9530916213989258,0.999674916267395
213,8.48,26,RIGHT_KNEE,0.5297466516494751,0.5447923541069031,-0.06528906524181366,0.9765385985374451,0.9997789263725281
213,8.48,27,LEFT_ANKLE,0.4877583384513855,0.5540148615837097,0.14269563555717468,0.9736000895500183,0.999885082244873
213,8.48,28,RIGHT_ANKLE,0.5024386048316956,0.5730282068252563,-0.0820886567234993,0.9798215627670288,0.9998334646224976
213,8.48,29,LEFT_HEEL,0.48157262802124023,0.5545331835746765,0.14640140533447266,0.9811367392539978,0.9998480081558228
213,8.48,30,RIGHT_HEEL,0.49404647946357727,0.5768964290618896,-0.08243389427661896,0.9860867261886597,0.9997199177742004
213,8.48,31,LEFT_FOOT_INDEX,0.4912551939487457,0.5656955242156982,0.14467985928058624,0.9084311127662659,0.9996579885482788
213,8.48,32,RIGHT_FOOT_INDEX,0.5171787142753601,0.58024001121521,-0.1028425320982933,0.9552994966506958,0.9992238283157349
214,8.52,0,NOSE,0.5439900159835815,0.45715096592903137,0.10715791583061218,0.9996656179428101,0.9997400641441345
214,8.52,1,LEFT_EYE_INNER,0.5417124629020691,0.45436516404151917,0.09494791179895401,0.9995927810668945,0.9997308850288391
214,8.52,2,LEFT_EYE,0.5401860475540161,0.45415183901786804,0.09496849775314331,0.9995930790901184,0.9997312426567078
214,8.52,3,LEFT_EYE_OUTER,0.5385880470275879,0.45397189259529114,0.09495723992586136,0.9995757341384888,0.9997316002845764
214,8.52,4,RIGHT_EYE_INNER,0.5458722114562988,0.454741507768631,0.08737879246473312,0.9996427297592163,0.999758780002594
214,8.52,5,RIGHT_EYE,0.5471821427345276,0.454774409532547,0.08734183013439178,0.9996524453163147,0.9997588992118835
214,8.52,6,RIGHT_EYE_OUTER,0.548455536365509,0.4548153281211853,0.08726904541254044,0.9995896220207214,0.9997678399085999
214,8.52,7,LEFT_EAR,0.5356038212776184,0.45470887422561646,0.052498988807201385,0.999502420425415,0.9997900128364563
214,8.52,8,RIGHT_EAR,0.548957109451294,0.4557231664657593,0.018922660499811172,0.9995962977409363,0.9998528957366943
214,8.52,9,MOUTH_LEFT,0.5411739349365234,0.45891740918159485,0.0947728082537651,0.9993382096290588,0.9997524619102478
214,8.52,10,MOUTH_RIGHT,0.5454546809196472,0.4592744708061218,0.08488219231367111,0.9993621110916138,0.9998244643211365
214,8.52,11,LEFT_SHOULDER,0.5129357576370239,0.46990111470222473,0.06712304055690765,0.9996351599693298,0.9998317956924438
214,8.52,12,RIGHT_SHOULDER,0.5600109696388245,0.47048333287239075,-0.053128376603126526,0.9999209642410278,0.9999699592590332
214,8.52,13,LEFT_ELBOW,0.49496498703956604,0.4867459833621979,0.10943612456321716,0.6225298047065735,0.9993268251419067
214,8.52,14,RIGHT_ELBOW,0.5641762614250183,0.49165746569633484,-0.03152020275592804,0.9925950169563293,0.9995785355567932
214,8.52,15,LEFT_WRIST,0.5015052556991577,0.4909062683582306,0.16299468278884888,0.3213929533958435,0.9989676475524902
214,8.52,16,RIGHT_WRIST,0.5709038376808167,0.5074977278709412,0.028535358607769012,0.8121215105056763,0.9989892840385437
214,8.52,17,LEFT_PINKY,0.4989747703075409,0.49525079131126404,0.17383834719657898,0.30443763732910156,0.9990284442901611
214,8.52,18,RIGHT_PINKY,0.5727777481079102,0.511056661605835,0.03376141935586929,0.7140756845474243,0.9988658428192139
214,8.52,19,LEFT_INDEX,0.5044668316841125,0.4947015345096588,0.16933350265026093,0.29987597465515137,0.9989444613456726
214,8.52,20,RIGHT_INDEX,0.571377694606781,0.5107613205909729,0.03645637258887291,0.7051223516464233,0.9987313151359558
214,8.52,21,LEFT_THUMB,0.5057963132858276,0.4932669699192047,0.16178980469703674,0.2823716700077057,0.999021053314209
214,8.52,22,RIGHT_THUMB,0.570105791091919,0.5094708800315857,0.03223726898431778,0.6444530487060547,0.9989945292472839
214,8.52,23,LEFT_HIP,0.5149089097976685,0.5097952485084534,0.05628432333469391,0.9996685981750488,0.9995973706245422
214,8.52,24,RIGHT_HIP,0.5368537902832031,0.5106140971183777,-0.0563509464263916,0.9997358918190002,0.9998449087142944
214,8.52,25,LEFT_KNEE,0.5291406512260437,0.5342440009117126,0.12923011183738708,0.9400238394737244,0.9997487664222717
214,8.52,26,RIGHT_KNEE,0.5312345027923584,0.5447282791137695,-0.06419450044631958,0.9786863327026367,0.9998688697814941
214,8.52,27,LEFT_ANKLE,0.5068100094795227,0.5559190511703491,0.19220474362373352,0.9686534404754639,0.9998530149459839
214,8.52,28,RIGHT_ANKLE,0.5037071108818054,0.5728650689125061,-0.07734721153974533,0.9814983606338501,0.9998095631599426
214,8.52,29,LEFT_HEEL,0.5004883408546448,0.5566118359565735,0.19791418313980103,0.9772911667823792,0.9998074173927307
214,8.52,30,RIGHT_HEEL,0.4965437054634094,0.5764948725700378,-0.0785394161939621,0.9869008660316467,0.9996298551559448
214,8.52,31,LEFT_FOOT_INDEX,0.5159819722175598,0.5651100277900696,0.198950856924057,0.8946823477745056,0.9997116923332214
214,8.52,32,RIGHT_FOOT_INDEX,0.5172080397605896,0.5801394581794739,-0.1004188135266304,0.9569408893585205,0.9991558790206909
215,8.56,0,NOSE,0.5561707019805908,0.45475465059280396,0.12611962854862213,0.9996842741966248,0.9999655485153198
215,8.56,1,LEFT_EYE_INNER,0.553600549697876,0.45230597257614136,0.11565615981817245,0.9996148347854614,0.9999597072601318
215,8.56,2,LEFT_EYE,0.5521777868270874,0.4522174596786499,0.11566579341888428,0.9996144771575928,0.9999599456787109
215,8.56,3,LEFT_EYE_OUTER,0.5507149696350098,0.45217329263687134,0.11565501242876053,0.9995980858802795,0.9999579191207886
215,8.56,4,RIGHT_EYE_INNER,0.5577631592750549,0.4525313079357147,0.107947438955307,0.9996619820594788,0.9999622106552124
215,8.56,5,RIGHT_EYE,0.5589814186096191,0.4525809586048126,0.10792241245508194,0.999670147895813,0.9999599456787109
215,8.56,6,RIGHT_EYE_OUTER,0.5602129697799683,0.45265960693359375,0.10785697400569916,0.9996128082275391,0.999957799911499
215,8.56,7,LEFT_EAR,0.5482330322265625,0.45337170362472534,0.07479032874107361,0.9995167851448059,0.9999667406082153
215,8.56,8,RIGHT_EAR,0.5607485175132751,0.45395201444625854,0.04103747382760048,0.9996200799942017,0.9999672174453735
215,8.56,9,MOUTH_LEFT,0.5536154508590698,0.45688119530677795,0.11412253975868225,0.9993657469749451,0.9999430179595947
215,8.56,10,MOUTH_RIGHT,0.5575911402702332,0.45706456899642944,0.10411714017391205,0.9993959069252014,0.9999511241912842
215,8.56,11,LEFT_SHOULDER,0.52747642993927,0.46804189682006836,0.07962620258331299,0.9996503591537476,0.9999560117721558
215,8.56,12,RIGHT_SHOULDER,0.572571873664856,0.46858111023902893,-0.033157166093587875,0.9999257326126099,0.9999681711196899
215,8.56,13,LEFT_ELBOW,0.5114371180534363,0.48535260558128357,0.10482372343540192,0.65269535779953,0.9997707009315491
215,8.56,14,RIGHT_ELBOW,0.578294575214386,0.4899217486381531,-0.010847543366253376,0.993202805519104,0.999716579914093
215,8.56,15,LEFT_WRIST,0.5225071907043457,0.49290773272514343,0.139724463224411,0.30753231048583984,0.9996768236160278
215,8.56,16,RIGHT_WRIST,0.5834372639656067,0.505203902721405,0.06785917282104492,0.8124943971633911,0.9995649456977844
215,8.56,17,LEFT_PINKY,0.5233098268508911,0.4962175190448761,0.14994429051876068,0.28632715344429016,0.9995875954627991
215,8.56,18,RIGHT_PINKY,0.5831848382949829,0.5083295106887817,0.07448108494281769,0.707673966884613,0.9994444251060486
215,8.56,19,LEFT_INDEX,0.527961790561676,0.4963228106498718,0.1458011269569397,0.2816247045993805,0.9995480179786682
215,8.56,20,RIGHT_INDEX,0.5820049047470093,0.5077903866767883,0.07897519320249557,0.6979852318763733,0.9993997812271118
215,8.56,21,LEFT_THUMB,0.5281845331192017,0.4947003424167633,0.13807035982608795,0.2655111849308014,0.9996172189712524
215,8.56,22,RIGHT_THUMB,0.5814036130905151,0.5069419145584106,0.07210418581962585,0.6363264918327332,0.9995276927947998
215,8.56,23,LEFT_HIP,0.5323666334152222,0.5072029232978821,0.054827556014060974,0.9996647238731384,0.9998449087142944
215,8.56,24,RIGHT_HIP,0.5535191893577576,0.5076186656951904,-0.05498992279171944,0.999737024307251,0.9998272061347961
215,8.56,25,LEFT_KNEE,0.5464388132095337,0.5339636206626892,0.06476341187953949,0.9237858057022095,0.999886155128479
215,8.56,26,RIGHT_KNEE,0.5490251183509827,0.5376921892166138,-0.07983115315437317,0.9803939461708069,0.999913215637207
215,8.56,27,LEFT_ANKLE,0.5363662838935852,0.5616157054901123,0.09883403033018112,0.962434709072113,0.9998587369918823
215,8.56,28,RIGHT_ANKLE,0.5157149434089661,0.5674387216567993,-0.07770470529794693,0.9827483892440796,0.9998908042907715
215,8.56,29,LEFT_HEEL,0.5336519479751587,0.5653380751609802,0.09443091601133347,0.9722794890403748,0.9997777342796326
215,8.56,30,RIGHT_HEEL,0.5096405744552612,0.5693097710609436,-0.08643390983343124,0.9868229031562805,0.99980229139328
215,8.56,31,LEFT_FOOT_INDEX,0.5464237928390503,0.5687971115112305,0.08744446933269501,0.886249303817749,0.9996064305305481
215,8.56,32,RIGHT_FOOT_INDEX,0.5209757089614868,0.579180896282196,-0.10185032337903976,0.9585448503494263,0.9996054768562317
216,8.6,0,NOSE,0.5623645186424255,0.45365938544273376,0.10909699648618698,0.9997037649154663,0.9999592304229736
216,8.6,1,LEFT_EYE_INNER,0.5601748824119568,0.4512704014778137,0.09758563339710236,0.9996378421783447,0.9999489784240723
216,8.6,2,LEFT_EYE,0.5588036775588989,0.45119398832321167,0.09759727120399475,0.9996343851089478,0.999946117401123
216,8.6,3,LEFT_EYE_OUTER,0.5573291182518005,0.451151967048645,0.09758102148771286,0.9996193647384644,0.999940037727356
216,8.6,4,RIGHT_EYE_INNER,0.5640101432800293,0.45142635703086853,0.09133031964302063,0.9996834993362427,0.9999558925628662
216,8.6,5,RIGHT_EYE,0.5652717351913452,0.45144060254096985,0.09130952507257462,0.9996896386146545,0.9999526739120483
216,8.6,6,RIGHT_EYE_OUTER,0.5665292739868164,0.45147624611854553,0.09123369306325912,0.9996377229690552,0.9999502897262573
216,8.6,7,LEFT_EAR,0.5543745160102844,0.4523647129535675,0.057294320315122604,0.9995198249816895,0.9999496936798096
216,8.6,8,RIGHT_EAR,0.5671902298927307,0.4527621567249298,0.02936141937971115,0.9996405243873596,0.9999628067016602
216,8.6,9,MOUTH_LEFT,0.5599452257156372,0.4556812047958374,0.09722846001386642,0.9993955492973328,0.9999111890792847
216,8.6,10,MOUTH_RIGHT,0.5639892220497131,0.4559301733970642,0.08898381143808365,0.9994305968284607,0.9999337196350098
216,8.6,11,LEFT_SHOULDER,0.5328888297080994,0.4673371911048889,0.06491927057504654,0.9996520280838013,0.9999293088912964
216,8.6,12,RIGHT_SHOULDER,0.5789648294448853,0.4675256907939911,-0.03165251389145851,0.9999271035194397,0.9999493360519409
216,8.6,13,LEFT_ELBOW,0.5191711187362671,0.48478251695632935,0.11031537503004074,0.6757303476333618,0.9996706247329712
216,8.6,14,RIGHT_ELBOW,0.5850279927253723,0.4886586368083954,0.007361173164099455,0.9929492473602295,0.9995896220207214
216,8.6,15,LEFT_WRIST,0.5297151207923889,0.4900091886520386,0.170192688703537,0.2959792912006378,0.999665379524231
216,8.6,16,RIGHT_WRIST,0.5900180339813232,0.5032325387001038,0.1145385280251503,0.7863479852676392,0.9994717240333557
216,8.6,17,LEFT_PINKY,0.5334410071372986,0.4933144748210907,0.18289701640605927,0.2715533375740051,0.9996229410171509
216,8.6,18,RIGHT_PINKY,0.5906606316566467,0.5064791440963745,0.12765119969844818,0.6765222549438477,0.999362051486969
216,8.6,19,LEFT_INDEX,0.5368509292602539,0.4919944107532501,0.178331196308136,0.2673531472682953,0.999578058719635
216,8.6,20,RIGHT_INDEX,0.589318573474884,0.505851686000824,0.12855668365955353,0.6666365265846252,0.9992904663085938
216,8.6,21,LEFT_THUMB,0.5371373891830444,0.49077948927879333,0.16913001239299774,0.25159189105033875,0.9996265172958374
216,8.6,22,RIGHT_THUMB,0.5887032151222229,0.5045605897903442,0.11828278750181198,0.6065959334373474,0.9994344115257263
216,8.6,23,LEFT_HIP,0.5433266758918762,0.5070676803588867,0.050379429012537,0.9996654391288757,0.9999074935913086
216,8.6,24,RIGHT_HIP,0.5609679818153381,0.5077272653579712,-0.050500430166721344,0.9997456073760986,0.9999034404754639
216,8.6,25,LEFT_KNEE,0.5582759976387024,0.5338032841682434,0.05864289402961731,0.9181708097457886,0.999942421913147
216,8.6,26,RIGHT_KNEE,0.5520035028457642,0.5357772707939148,-0.06869649142026901,0.9819194674491882,0.9999421834945679
216,8.6,27,LEFT_ANKLE,0.5575041770935059,0.5629357695579529,0.09207311272621155,0.9625689387321472,0.9999581575393677
216,8.6,28,RIGHT_ANKLE,0.5231040716171265,0.5640721917152405,-0.0467873215675354,0.9840974807739258,0.9999485015869141
216,8.6,29,LEFT_HEEL,0.5514916777610779,0.5658980011940002,0.09383713454008102,0.9706452488899231,0.9999350309371948
216,8.6,30,RIGHT_HEEL,0.5171397924423218,0.5654343962669373,-0.04547606408596039,0.9866234064102173,0.9999101161956787
216,8.6,31,LEFT_FOOT_INDEX,0.5681757926940918,0.569850504398346,0.08123559504747391,0.8884251713752747,0.9998372793197632
216,8.6,32,RIGHT_FOOT_INDEX,0.5229734182357788,0.5778123736381531,-0.06835562735795975,0.9607835412025452,0.9997841715812683
217,8.64,0,NOSE,0.5745991468429565,0.45296192169189453,0.1100957840681076,0.9997288584709167,0.9999923706054688
217,8.64,1,LEFT_EYE_INNER,0.5722224712371826,0.4504903554916382,0.10177280753850937,0.9996691942214966,0.9999889135360718
217,8.64,2,LEFT_EYE,0.5708353519439697,0.45047810673713684,0.10181023180484772,0.9996656179428101,0.9999886751174927
217,8.64,3,LEFT_EYE_OUTER,0.5695597529411316,0.4505130648612976,0.10180391371250153,0.9996523261070251,0.9999873638153076
217,8.64,4,RIGHT_EYE_INNER,0.5759864449501038,0.4505043029785156,0.09300517290830612,0.9997102618217468,0.9999898672103882
217,8.64,5,RIGHT_EYE,0.577215850353241,0.45050671696662903,0.09312745183706284,0.9997153282165527,0.9999886751174927
217,8.64,6,RIGHT_EYE_OUTER,0.5784775018692017,0.45054498314857483,0.09310184419155121,0.9996684193611145,0.9999871253967285
217,8.64,7,LEFT_EAR,0.5672933459281921,0.45182016491889954,0.06849051266908646,0.9995570182800293,0.9999903440475464
217,8.64,8,RIGHT_EAR,0.5791491270065308,0.45190706849098206,0.03700011223554611,0.9996715188026428,0.9999901056289673
217,8.64,9,MOUTH_LEFT,0.5722538232803345,0.4552314877510071,0.10306774079799652,0.9994449019432068,0.9999821186065674
217,8.64,10,MOUTH_RIGHT,0.5758346915245056,0.45533761382102966,0.09062667191028595,0.999476432800293,0.9999845027923584
217,8.64,11,LEFT_SHOULDER,0.5462676286697388,0.46684563159942627,0.07651008665561676,0.9996806383132935,0.9999833106994629
217,8.64,12,RIGHT_SHOULDER,0.5929015874862671,0.466007262468338,-0.025738338008522987,0.999933123588562,0.9999836683273315
217,8.64,13,LEFT_ELBOW,0.5318464636802673,0.48366957902908325,0.11939304322004318,0.6983233690261841,0.9998390674591064
217,8.64,14,RIGHT_ELBOW,0.5979779958724976,0.48609545826911926,0.0112966513261199,0.9933274984359741,0.9998014569282532
217,8.64,15,LEFT_WRIST,0.547473132610321,0.48906975984573364,0.17121584713459015,0.28309208154678345,0.9998292922973633
217,8.64,16,RIGHT_WRIST,0.604324221611023,0.5012120604515076,0.1177143082022667,0.7833331823348999,0.999729335308075
217,8.64,17,LEFT_PINKY,0.5520559549331665,0.49149519205093384,0.18225790560245514,0.2557193338871002,0.9997780919075012
217,8.64,18,RIGHT_PINKY,0.6060999035835266,0.5051307082176208,0.13009798526763916,0.6665250658988953,0.9996213912963867
217,8.64,19,LEFT_INDEX,0.5542945861816406,0.4909050762653351,0.17839069664478302,0.25193628668785095,0.9997660517692566
217,8.64,20,RIGHT_INDEX,0.6052838563919067,0.5050051212310791,0.13379831612110138,0.655724048614502,0.9996190071105957
217,8.64,21,LEFT_THUMB,0.5539750456809998,0.49031147360801697,0.17011557519435883,0.23728354275226593,0.9998056292533875
217,8.64,22,RIGHT_THUMB,0.6039577126502991,0.5035777688026428,0.12272406369447708,0.5976797342300415,0.9997155070304871
217,8.64,23,LEFT_HIP,0.5581908226013184,0.5048229098320007,0.04943913593888283,0.9996917843818665,0.999945878982544
217,8.64,24,RIGHT_HIP,0.5758945941925049,0.50406813621521,-0.04958479106426239,0.9997649192810059,0.9999300241470337
217,8.64,25,LEFT_KNEE,0.5747781991958618,0.5332234501838684,0.03971180319786072,0.9142898917198181,0.9999680519104004
217,8.64,26,RIGHT_KNEE,0.569064736366272,0.5331136584281921,-0.06761690974235535,0.9833373427391052,0.9999606609344482
217,8.64,27,LEFT_ANKLE,0.5904749035835266,0.5637286901473999,0.0561075396835804,0.9634915590286255,0.9999332427978516
217,8.64,28,RIGHT_ANKLE,0.5366981029510498,0.5571014881134033,-0.04937881976366043,0.9852097034454346,0.999941349029541
217,8.64,29,LEFT_HEEL,0.5887677669525146,0.5688066482543945,0.056768808513879776,0.9691745042800903,0.9998887777328491
217,8.64,30,RIGHT_HEEL,0.5323768258094788,0.5580926537513733,-0.04790128394961357,0.9859359860420227,0.9998977184295654
217,8.64,31,LEFT_FOOT_INDEX,0.6090503334999084,0.5682463049888611,0.04278666898608208,0.8928087949752808,0.9997691512107849
217,8.64,32,RIGHT_FOOT_INDEX,0.5345971584320068,0.5712859034538269,-0.06564730405807495,0.9626513123512268,0.9998053908348083
218,8.68,0,NOSE,0.5820174217224121,0.453054279088974,0.15236714482307434,0.9997347593307495,0.9999934434890747
218,8.68,1,LEFT_EYE_INNER,0.5800530910491943,0.45071280002593994,0.14228315651416779,0.9996757507324219,0.9999904632568359
218,8.68,2,LEFT_EYE,0.5789034962654114,0.4506703317165375,0.14228057861328125,0.9996711611747742,0.9999905824661255
218,8.68,3,LEFT_EYE_OUTER,0.5778279304504395,0.45067039132118225,0.14225783944129944,0.9996625185012817,0.9999895095825195
218,8.68,4,RIGHT_EYE_INNER,0.583422064781189,0.45076286792755127,0.13671831786632538,0.9997135400772095,0.9999904632568359
218,8.68,5,RIGHT_EYE,0.5845107436180115,0.450758159160614,0.1367427408695221,0.99971604347229,0.9999892711639404
218,8.68,6,RIGHT_EYE_OUTER,0.5857759714126587,0.45077335834503174,0.13670238852500916,0.9996726512908936,0.9999868869781494
218,8.68,7,LEFT_EAR,0.5752408504486084,0.45176634192466736,0.09926445782184601,0.9995543956756592,0.999991774559021
218,8.68,8,RIGHT_EAR,0.5865278244018555,0.45191657543182373,0.07571553438901901,0.9996715784072876,0.9999881982803345
218,8.68,9,MOUTH_LEFT,0.5800904631614685,0.4551045298576355,0.13960525393486023,0.9994410276412964,0.999981164932251
218,8.68,10,MOUTH_RIGHT,0.5833328366279602,0.4553055167198181,0.13227824866771698,0.9994557499885559,0.9999806880950928
218,8.68,11,LEFT_SHOULDER,0.5537470579147339,0.4664105176925659,0.0921044647693634,0.9997028708457947,0.999984622001648
218,8.68,12,RIGHT_SHOULDER,0.6007057428359985,0.46608293056488037,0.011275826953351498,0.9999358654022217,0.99996018409729
218,8.68,13,LEFT_ELBOW,0.5404518246650696,0.48272091150283813,0.15079036355018616,0.7170168161392212,0.9999009370803833
218,8.68,14,RIGHT_ELBOW,0.6071470379829407,0.48527657985687256,0.036439523100852966,0.99330735206604,0.9998394250869751
218,8.68,15,LEFT_WRIST,0.5532482862472534,0.48776212334632874,0.22662928700447083,0.26956748962402344,0.999883770942688
218,8.68,16,RIGHT_WRIST,0.6125691533088684,0.5006948709487915,0.1253710389137268,0.7764687538146973,0.9998050332069397
218,8.68,17,LEFT_PINKY,0.5537493228912354,0.48895499110221863,0.2413617968559265,0.24053765833377838,0.9998581409454346
218,8.68,18,RIGHT_PINKY,0.6126923561096191,0.5042322278022766,0.137430340051651,0.6553530693054199,0.9997219443321228
218,8.68,19,LEFT_INDEX,0.5579873919487,0.4884681701660156,0.23911398649215698,0.2373657077550888,0.9998365640640259
218,8.68,20,RIGHT_INDEX,0.6115766167640686,0.5038534998893738,0.14047235250473022,0.6432979702949524,0.9996939897537231
218,8.68,21,LEFT_THUMB,0.5578655004501343,0.4879293143749237,0.22728455066680908,0.22426898777484894,0.9998676776885986
218,8.68,22,RIGHT_THUMB,0.6109251976013184,0.5025858879089355,0.12962281703948975,0.5868380665779114,0.9997804760932922
218,8.68,23,LEFT_HIP,0.5645885467529297,0.5032537579536438,0.038851477205753326,0.9997196793556213,0.9999865293502808
218,8.68,24,RIGHT_HIP,0.5856993198394775,0.5028632283210754,-0.03904613107442856,0.9997819066047668,0.9999585151672363
218,8.68,25,LEFT_KNEE,0.5824214220046997,0.5324487090110779,0.014248725026845932,0.9133272171020508,0.9999693632125854
218,8.68,26,RIGHT_KNEE,0.5794232487678528,0.5314935445785522,-0.024846503511071205,0.9836697578430176,0.9998977184295654
218,8.68,27,LEFT_ANKLE,0.6043781042098999,0.563615083694458,-0.019193576648831367,0.9652441143989563,0.9999103546142578
218,8.68,28,RIGHT_ANKLE,0.546154797077179,0.5514929294586182,-0.03412620723247528,0.9857792854309082,0.9998953342437744
218,8.68,29,LEFT_HEEL,0.603165864944458,0.5690157413482666,-0.023970648646354675,0.9695819616317749,0.9998488426208496
218,8.68,30,RIGHT_HEEL,0.542514443397522,0.5512160062789917,-0.03487947955727577,0.9844154715538025,0.9998706579208374
218,8.68,31,LEFT_FOOT_INDEX,0.6172826290130615,0.5670778751373291,-0.04699857160449028,0.8992413878440857,0.9996418952941895
218,8.68,32,RIGHT_FOOT_INDEX,0.5405245423316956,0.5649482607841492,-0.0505056269466877,0.9639113545417786,0.9998015761375427
219,8.72,0,NOSE,0.5938064455986023,0.45329761505126953,0.15440966188907623,0.9997145533561707,0.9999861717224121
219,8.72,1,LEFT_EYE_INNER,0.5912815928459167,0.45086750388145447,0.14461743831634521,0.9996423721313477,0.9999804496765137
219,8.72,2,LEFT_EYE,0.5899268388748169,0.4507695734500885,0.14460112154483795,0.9996353387832642,0.999981164932251
219,8.72,3,LEFT_EYE_OUTER,0.5885745286941528,0.4507240056991577,0.1445692777633667,0.9996415376663208,0.9999793767929077
219,8.72,4,RIGHT_EYE_INNER,0.595261812210083,0.4509570002555847,0.1379614919424057,0.9996866583824158,0.9999798536300659
219,8.72,5,RIGHT_EYE,0.5963912606239319,0.4509211480617523,0.13797198235988617,0.9996843338012695,0.9999780654907227
219,8.72,6,RIGHT_EYE_OUTER,0.5975524187088013,0.45090246200561523,0.13792313635349274,0.9996431469917297,0.9999723434448242
219,8.72,7,LEFT_EAR,0.5859630107879639,0.4519535005092621,0.10152938961982727,0.9994997978210449,0.999981164932251
219,8.72,8,RIGHT_EAR,0.598074734210968,0.45218199491500854,0.07270167022943497,0.9996299743652344,0.999972939491272
219,8.72,9,MOUTH_LEFT,0.5915218591690063,0.45514556765556335,0.14140813052654266,0.9993332028388977,0.999957799911499
219,8.72,10,MOUTH_RIGHT,0.5952200889587402,0.45534470677375793,0.13273358345031738,0.999315619468689,0.9999567270278931
219,8.72,11,LEFT_SHOULDER,0.5639846920967102,0.46657517552375793,0.09752050042152405,0.9997149705886841,0.9999645948410034
219,8.72,12,RIGHT_SHOULDER,0.6097539067268372,0.466223806142807,0.0024251043796539307,0.9999377131462097,0.9999406337738037
219,8.72,13,LEFT_ELBOW,0.551848828792572,0.4828966557979584,0.1571338027715683,0.7295622229576111,0.9997923970222473
219,8.72,14,RIGHT_ELBOW,0.6187605261802673,0.48506468534469604,0.01250303816050291,0.9937967658042908,0.9998103976249695
219,8.72,15,LEFT_WRIST,0.5663281083106995,0.48772525787353516,0.22667288780212402,0.25711575150489807,0.9997581839561462
219,8.72,16,RIGHT_WRIST,0.6271131038665771,0.5011498332023621,0.12296406924724579,0.7916473150253296,0.9996521472930908
219,8.72,17,LEFT_PINKY,0.57059645652771,0.4900238811969757,0.24130257964134216,0.22683000564575195,0.9997417330741882
219,8.72,18,RIGHT_PINKY,0.628849446773529,0.5044329166412354,0.11508319526910782,0.6741225719451904,0.9995120763778687
219,8.72,19,LEFT_INDEX,0.5731356143951416,0.48854848742485046,0.23707981407642365,0.22424405813217163,0.9997013211250305
219,8.72,20,RIGHT_INDEX,0.6270435452461243,0.5039072632789612,0.12765651941299438,0.6619512438774109,0.9994865655899048
219,8.72,21,LEFT_THUMB,0.5731789469718933,0.4877602756023407,0.22648026049137115,0.21301023662090302,0.9997377991676331
219,8.72,22,RIGHT_THUMB,0.6260108351707458,0.5027559995651245,0.1275433450937271,0.6055195927619934,0.9996310472488403
219,8.72,23,LEFT_HIP,0.5746278166770935,0.5040900111198425,0.04039831832051277,0.9997432231903076,0.9999669790267944
219,8.72,24,RIGHT_HIP,0.5973659157752991,0.5034591555595398,-0.04056522250175476,0.9997883439064026,0.9999034404754639
219,8.72,25,LEFT_KNEE,0.5953762531280518,0.5329778790473938,-0.0026788616087287664,0.9147114753723145,0.9999523162841797
219,8.72,26,RIGHT_KNEE,0.5958571434020996,0.5303676128387451,-0.03024202212691307,0.9844087362289429,0.9997616410255432
219,8.72,27,LEFT_ANKLE,0.6214644312858582,0.5641949772834778,-0.015648987144231796,0.9672079682350159,0.9997043013572693
219,8.72,28,RIGHT_ANKLE,0.5655112266540527,0.5460076928138733,-0.009307273663580418,0.9862426519393921,0.9997050166130066
219,8.72,29,LEFT_HEEL,0.6220328211784363,0.5687862038612366,-0.018245751038193703,0.9695088863372803,0.9994837045669556
219,8.72,30,RIGHT_HEEL,0.5623364448547363,0.5459480881690979,-0.006457371637225151,0.9816107153892517,0.9996992349624634
219,8.72,31,LEFT_FOOT_INDEX,0.6311317682266235,0.5677862167358398,-0.04424848407506943,0.9055784940719604,0.9990637898445129
219,8.72,32,RIGHT_FOOT_INDEX,0.559863269329071,0.5591592192649841,-0.018312694504857063,0.9648260474205017,0.9996464252471924
220,8.76,0,NOSE,0.6010658740997314,0.45433294773101807,0.11491838842630386,0.9997244477272034,0.9999896287918091
220,8.76,1,LEFT_EYE_INNER,0.5985521078109741,0.45195719599723816,0.10577718913555145,0.9996529221534729,0.9999858140945435
220,8.76,2,LEFT_EYE,0.5971171259880066,0.45182958245277405,0.10576315224170685,0.9996427297592163,0.999985933303833
220,8.76,3,LEFT_EYE_OUTER,0.5957778692245483,0.45175009965896606,0.10572445392608643,0.999652087688446,0.9999843835830688
220,8.76,4,RIGHT_EYE_INNER,0.6022065877914429,0.45203086733818054,0.09952489286661148,0.9996986389160156,0.999985933303833
220,8.76,5,RIGHT_EYE,0.6034082174301147,0.4519646465778351,0.09953927993774414,0.9996936917304993,0.9999841451644897
220,8.76,6,RIGHT_EYE_OUTER,0.6045631170272827,0.4518996477127075,0.09951161593198776,0.9996559023857117,0.9999802112579346
220,8.76,7,LEFT_EAR,0.5926925539970398,0.45251551270484924,0.06945548951625824,0.9995059370994568,0.9999864101409912
220,8.76,8,RIGHT_EAR,0.6047119498252869,0.45266589522361755,0.04248948022723198,0.9996377825737,0.9999818801879883
220,8.76,9,MOUTH_LEFT,0.5988155603408813,0.4559844732284546,0.10485164821147919,0.9993324279785156,0.999969482421875
220,8.76,10,MOUTH_RIGHT,0.6023669242858887,0.4561329185962677,0.09670309722423553,0.9993090033531189,0.9999679327011108
220,8.76,11,LEFT_SHOULDER,0.5691601634025574,0.46732500195503235,0.0760219469666481,0.9997233152389526,0.9999715089797974
220,8.76,12,RIGHT_SHOULDER,0.6149494051933289,0.46637406945228577,-0.016408665105700493,0.9999393820762634,0.9999442100524902
220,8.76,13,LEFT_ELBOW,0.55828458070755,0.4832356572151184,0.14523908495903015,0.7450075149536133,0.9998399019241333
220,8.76,14,RIGHT_ELBOW,0.623839795589447,0.4852425456047058,-0.0011240366147831082,0.9942579865455627,0.9998563528060913
220,8.76,15,LEFT_WRIST,0.5714519619941711,0.48779329657554626,0.22339752316474915,0.24477101862430573,0.999828577041626
220,8.76,16,RIGHT_WRIST,0.6334708333015442,0.5012450814247131,0.06599128991365433,0.8042146563529968,0.9997695088386536
220,8.76,17,LEFT_PINKY,0.5738890767097473,0.4891289174556732,0.24066433310508728,0.21327939629554749,0.9998109936714172
220,8.76,18,RIGHT_PINKY,0.6359778046607971,0.5052021145820618,0.06797981262207031,0.6903737783432007,0.9996521472930908
220,8.76,19,LEFT_INDEX,0.5788941979408264,0.488158255815506,0.23583011329174042,0.2110772728919983,0.9997878670692444
220,8.76,20,RIGHT_INDEX,0.6347535252571106,0.5049108862876892,0.07416141033172607,0.678263247013092,0.9996488094329834
220,8.76,21,LEFT_THUMB,0.5791349411010742,0.4874561131000519,0.22362889349460602,0.20131748914718628,0.9998179078102112
220,8.76,22,RIGHT_THUMB,0.6335499882698059,0.5034680962562561,0.0700024962425232,0.6209286451339722,0.9997517466545105
220,8.76,23,LEFT_HIP,0.57835853099823,0.504643440246582,0.03969594091176987,0.9997618198394775,0.999964714050293
220,8.76,24,RIGHT_HIP,0.6018385887145996,0.5041793584823608,-0.03985459730029106,0.9997909665107727,0.9998828172683716
220,8.76,25,LEFT_KNEE,0.6015293598175049,0.5333051085472107,0.0031918915919959545,0.9164820909500122,0.9999436140060425
220,8.76,26,RIGHT_KNEE,0.6056819558143616,0.5309279561042786,-0.030519340187311172,0.985093355178833,0.999661922454834
220,8.76,27,LEFT_ANKLE,0.6272649168968201,0.5648305416107178,-0.022512000054121017,0.9691880345344543,0.9997609257698059
220,8.76,28,RIGHT_ANKLE,0.5780931115150452,0.5453116297721863,-0.027006153017282486,0.9866949319839478,0.9996384382247925
220,8.76,29,LEFT_HEEL,0.6268721222877502,0.569152295589447,-0.026116512715816498,0.9704958200454712,0.9995884299278259
220,8.76,30,RIGHT_HEEL,0.5746091604232788,0.5462930798530579,-0.02610139548778534,0.9801514148712158,0.999642014503479
220,8.76,31,LEFT_FOOT_INDEX,0.6394645571708679,0.5680029988288879,-0.05048639327287674,0.9119766354560852,0.9989338517189026
220,8.76,32,RIGHT_FOOT_INDEX,0.5764724016189575,0.5577109456062317,-0.03752536326646805,0.9661507606506348,0.9995025396347046
221,8.8,0,NOSE,0.6113432049751282,0.4559902250766754,0.08889921754598618,0.9997354745864868,0.9999808073043823
221,8.8,1,LEFT_EYE_INNER,0.6087841987609863,0.45368990302085876,0.08121971040964127,0.999667763710022,0.9999780654907227
221,8.8,2,LEFT_EYE,0.6072168946266174,0.4535874128341675,0.08121196180582047,0.9996552467346191,0.9999779462814331
221,8.8,3,LEFT_EYE_OUTER,0.6056405901908875,0.45348769426345825,0.08117233216762543,0.9996640086174011,0.9999765157699585
221,8.8,4,RIGHT_EYE_INNER,0.6128200888633728,0.45371773838996887,0.07482097297906876,0.9997138977050781,0.9999794960021973
221,8.8,5,RIGHT_EYE,0.613986074924469,0.45365360379219055,0.07482080906629562,0.9997084736824036,0.9999771118164062
221,8.8,6,RIGHT_EYE_OUTER,0.6150432825088501,0.45359542965888977,0.07479284703731537,0.9996731877326965,0.9999727010726929
221,8.8,7,LEFT_EAR,0.6025764346122742,0.45414379239082336,0.04936198145151138,0.9995251893997192,0.9999828338623047
221,8.8,8,RIGHT_EAR,0.6153810024261475,0.4544563293457031,0.021586377173662186,0.9996576309204102,0.9999783039093018
221,8.8,9,MOUTH_LEFT,0.6086257100105286,0.4576703608036041,0.07992822676897049,0.9993178248405457,0.9999535083770752
221,8.8,10,MOUTH_RIGHT,0.6125462651252747,0.45783814787864685,0.07171569019556046,0.9993008375167847,0.9999524354934692
221,8.8,11,LEFT_SHOULDER,0.581569492816925,0.470244437456131,0.058915939182043076,0.9997171759605408,0.9999582767486572
221,8.8,12,RIGHT_SHOULDER,0.6250019073486328,0.46784546971321106,-0.0407019779086113,0.999941349029541,0.9999426603317261
221,8.8,13,LEFT_ELBOW,0.5700207352638245,0.48837944865226746,0.11392173171043396,0.7602846622467041,0.9997072815895081
221,8.8,14,RIGHT_ELBOW,0.6320862770080566,0.4859314560890198,-0.05466286092996597,0.9947640895843506,0.9997239708900452
221,8.8,15,LEFT_WRIST,0.5809555649757385,0.49099215865135193,0.19011983275413513,0.23126231133937836,0.999697208404541
221,8.8,16,RIGHT_WRIST,0.6458874940872192,0.503462553024292,-0.031014863401651382,0.8187056183815002,0.9995511174201965
221,8.8,17,LEFT_PINKY,0.5818053483963013,0.49268242716789246,0.21250593662261963,0.19900000095367432,0.9996674060821533
221,8.8,18,RIGHT_PINKY,0.6479392051696777,0.5082675218582153,-0.029680432751774788,0.7093629837036133,0.999337375164032
221,8.8,19,LEFT_INDEX,0.5867195725440979,0.492143452167511,0.2065589278936386,0.19692935049533844,0.9996352195739746
221,8.8,20,RIGHT_INDEX,0.6472862362861633,0.5079748034477234,-0.020809296518564224,0.6977238655090332,0.9993519186973572
221,8.8,21,LEFT_THUMB,0.5872789621353149,0.4913107454776764,0.19080564379692078,0.1884705275297165,0.9996919631958008
221,8.8,22,RIGHT_THUMB,0.6464883089065552,0.5066322088241577,-0.0261048786342144,0.6395401954650879,0.999535322189331
221,8.8,23,LEFT_HIP,0.5933374762535095,0.5079912543296814,0.03857405111193657,0.9997750520706177,0.9999659061431885
221,8.8,24,RIGHT_HIP,0.6159688234329224,0.5058558583259583,-0.038708724081516266,0.9997779726982117,0.9998468160629272
221,8.8,25,LEFT_KNEE,0.6144736409187317,0.5346134901046753,0.0173992570489645,0.9119266271591187,0.9998879432678223
221,8.8,26,RIGHT_KNEE,0.6255142092704773,0.5307058691978455,-0.024159535765647888,0.9849640130996704,0.9989579916000366
221,8.8,27,LEFT_ANKLE,0.6310164928436279,0.5654597878456116,-0.033540356904268265,0.9695441126823425,0.9995168447494507
221,8.8,28,RIGHT_ANKLE,0.6032382845878601,0.543357789516449,-0.03790690749883652,0.9855143427848816,0.9994194507598877
221,8.8,29,LEFT_HEEL,0.6308106780052185,0.5693863034248352,-0.040113676339387894,0.9706587791442871,0.9990793466567993
221,8.8,30,RIGHT_HEEL,0.5968126654624939,0.5421317219734192,-0.0376979224383831,0.9773117303848267,0.9994710087776184
221,8.8,31,LEFT_FOOT_INDEX,0.6389755606651306,0.5683429837226868,-0.061099573969841,0.9158627986907959,0.9980698227882385
221,8.8,32,RIGHT_FOOT_INDEX,0.6085212230682373,0.5556153059005737,-0.04392838850617409,0.9655327200889587,0.9993671774864197
222,8.84,0,NOSE,0.6177114248275757,0.457487016916275,0.09321219474077225,0.9995617866516113,0.9996976852416992
222,8.84,1,LEFT_EYE_INNER,0.6149044632911682,0.455229252576828,0.08539403229951859,0.9994581341743469,0.9996744394302368
222,8.84,2,LEFT_EYE,0.6134107112884521,0.4551254212856293,0.08538853377103806,0.9994186758995056,0.9996801614761353
222,8.84,3,LEFT_EYE_OUTER,0.6118432283401489,0.45503920316696167,0.0853528380393982,0.9994165301322937,0.9996694326400757
222,8.84,4,RIGHT_EYE_INNER,0.6188889741897583,0.4552513360977173,0.07813647389411926,0.9995631575584412,0.9997153878211975
222,8.84,5,RIGHT_EYE,0.6200122833251953,0.455167293548584,0.07813309878110886,0.9995425343513489,0.9996930360794067
222,8.84,6,RIGHT_EYE_OUTER,0.6210677623748779,0.45508310198783875,0.07808320969343185,0.9994924664497375,0.999658465385437
222,8.84,7,LEFT_EAR,0.6086580157279968,0.4557601809501648,0.054530318826436996,0.999159038066864,0.999755322933197
222,8.84,8,RIGHT_EAR,0.6212975382804871,0.4558640122413635,0.02325006015598774,0.9994992613792419,0.9997257590293884
222,8.84,9,MOUTH_LEFT,0.6152020692825317,0.4591423273086548,0.08480358123779297,0.9987922310829163,0.9995113611221313
222,8.84,10,MOUTH_RIGHT,0.6190781593322754,0.4592086672782898,0.07553412020206451,0.9988410472869873,0.9995416402816772
222,8.84,11,LEFT_SHOULDER,0.5891985893249512,0.47182372212409973,0.06569172441959381,0.9996415972709656,0.9998117089271545
222,8.84,12,RIGHT_SHOULDER,0.6323666572570801,0.4691791236400604,-0.039604831486940384,0.9999304413795471,0.9997599720954895
222,8.84,13,LEFT_ELBOW,0.5785791873931885,0.48918333649635315,0.10929302871227264,0.7740564942359924,0.999152421951294
222,8.84,14,RIGHT_ELBOW,0.6385384798049927,0.48712778091430664,-0.0430418886244297,0.9951924085617065,0.9993917942047119
222,8.84,15,LEFT_WRIST,0.5846443176269531,0.49389970302581787,0.1573411077260971,0.2284717857837677,0.9986147880554199
222,8.84,16,RIGHT_WRIST,0.6536622643470764,0.5045363306999207,-0.0035067435819655657,0.8323840498924255,0.9988129138946533
222,8.84,17,LEFT_PINKY,0.5849087834358215,0.49605879187583923,0.17086255550384521,0.19289521872997284,0.9985007047653198
222,8.84,18,RIGHT_PINKY,0.6568030118942261,0.5095609426498413,-0.0014270370593294501,0.7284452319145203,0.9983341097831726
222,8.84,19,LEFT_INDEX,0.5891868472099304,0.49533623456954956,0.16587083041667938,0.1909702569246292,0.9983711838722229
222,8.84,20,RIGHT_INDEX,0.6554595828056335,0.5092867612838745,0.005004826467484236,0.7174301147460938,0.9982439279556274
222,8.84,21,LEFT_THUMB,0.5899648070335388,0.4942390024662018,0.15650935471057892,0.18277575075626373,0.998464822769165
222,8.84,22,RIGHT_THUMB,0.6541053652763367,0.5078524947166443,0.0009273160248994827,0.6600175499916077,0.9985887408256531
222,8.84,23,LEFT_HIP,0.5994934439659119,0.5097194314002991,0.039086367934942245,0.9997332692146301,0.9997585415840149
222,8.84,24,RIGHT_HIP,0.6234496235847473,0.5076538920402527,-0.03920693323016167,0.999640703201294,0.9991903901100159
222,8.84,25,LEFT_KNEE,0.6187509894371033,0.5370030999183655,0.02190897800028324,0.906406044960022,0.9992314577102661
222,8.84,26,RIGHT_KNEE,0.6306996941566467,0.531391441822052,-0.01646263338625431,0.9837589263916016,0.9962236881256104
222,8.84,27,LEFT_ANKLE,0.6333216428756714,0.565517008304596,0.02069614641368389,0.9635258316993713,0.9971315860748291
222,8.84,28,RIGHT_ANKLE,0.6174366474151611,0.5476083755493164,0.008897506631910801,0.9816203713417053,0.9969196319580078
222,8.84,29,LEFT_HEEL,0.6340534687042236,0.5697287917137146,0.019378792494535446,0.9645545482635498,0.995599627494812
222,8.84,30,RIGHT_HEEL,0.608538031578064,0.5479691624641418,0.01190588716417551,0.9720765352249146,0.9968087077140808
222,8.84,31,LEFT_FOOT_INDEX,0.6414409279823303,0.5689457058906555,-0.003869808977469802,0.9042870402336121,0.9927302002906799
222,8.84,32,RIGHT_FOOT_INDEX,0.6255260705947876,0.5591587424278259,-0.0009035011171363294,0.9567047953605652,0.9970043301582336
223,8.88,0,NOSE,0.6273487210273743,0.4573186933994293,0.08258213102817535,0.9995677471160889,0.9999427795410156
223,8.88,1,LEFT_EYE_INNER,0.6249469518661499,0.45505544543266296,0.07236701250076294,0.9994719624519348,0.9999338388442993
223,8.88,2,LEFT_EYE,0.6233605742454529,0.4549761712551117,0.07236754894256592,0.999431848526001,0.9999289512634277
223,8.88,3,LEFT_EYE_OUTER,0.6218515038490295,0.454924613237381,0.07234920561313629,0.999423623085022,0.9999253749847412
223,8.88,4,RIGHT_EYE_INNER,0.6290634274482727,0.4550563097000122,0.06734756380319595,0.9995791912078857,0.9999465942382812
223,8.88,5,RIGHT_EYE,0.6303182244300842,0.45498430728912354,0.06734054535627365,0.9995612502098083,0.9999419450759888
223,8.88,6,RIGHT_EYE_OUTER,0.6314669251441956,0.4549192190170288,0.06730359047651291,0.9995154142379761,0.9999393224716187
223,8.88,7,LEFT_EAR,0.6191052198410034,0.45574745535850525,0.032913681119680405,0.9991932511329651,0.999946117401123
223,8.88,8,RIGHT_EAR,0.632003128528595,0.4557811915874481,0.011252975091338158,0.9995224475860596,0.9999535083770752
223,8.88,9,MOUTH_LEFT,0.6247357726097107,0.45901376008987427,0.07122035324573517,0.9988033771514893,0.9998977184295654
223,8.88,10,MOUTH_RIGHT,0.6288179159164429,0.4590902030467987,0.06483843177556992,0.9988621473312378,0.999910831451416
223,8.88,11,LEFT_SHOULDER,0.6002451181411743,0.47153282165527344,0.03481527417898178,0.9996245503425598,0.9998893737792969
223,8.88,12,RIGHT_SHOULDER,0.6432169079780579,0.46905717253685,-0.04234249144792557,0.9999297857284546,0.9999302625656128
223,8.88,13,LEFT_ELBOW,0.5917220711708069,0.48886924982070923,0.07070907205343246,0.7692563533782959,0.9995266199111938
223,8.88,14,RIGHT_ELBOW,0.6460705399513245,0.4871159791946411,-0.05524623394012451,0.9954307675361633,0.9998098015785217
223,8.88,15,LEFT_WRIST,0.6029738187789917,0.4920409023761749,0.11505823582410812,0.21338264644145966,0.9993746876716614
223,8.88,16,RIGHT_WRIST,0.6598768830299377,0.504464328289032,-0.04437932372093201,0.8386354446411133,0.9996439218521118
223,8.88,17,LEFT_PINKY,0.6037922501564026,0.493418425321579,0.1264946013689041,0.17948061227798462,0.9993509650230408
223,8.88,18,RIGHT_PINKY,0.6622709035873413,0.5093000531196594,-0.043719515204429626,0.7368005514144897,0.9995062351226807
223,8.88,19,LEFT_INDEX,0.6090333461761475,0.4924617409706116,0.12321057915687561,0.17764665186405182,0.9993888139724731
223,8.88,20,RIGHT_INDEX,0.6615256667137146,0.5090155005455017,-0.03681245446205139,0.7265764474868774,0.9994903802871704
223,8.88,21,LEFT_THUMB,0.6100203990936279,0.4918476343154907,0.11509387940168381,0.1703820675611496,0.9994188547134399
223,8.88,22,RIGHT_THUMB,0.6601270437240601,0.5076509714126587,-0.04056244716048241,0.6669436097145081,0.9996316432952881
223,8.88,23,LEFT_HIP,0.6118900179862976,0.5094575881958008,0.028481533750891685,0.9997348189353943,0.9999653100967407
223,8.88,24,RIGHT_HIP,0.6373375654220581,0.5075241923332214,-0.028678903356194496,0.9996252655982971,0.9998935461044312
223,8.88,25,LEFT_KNEE,0.6250416040420532,0.5368595719337463,0.030869636684656143,0.9108917117118835,0.9998431205749512
223,8.88,26,RIGHT_KNEE,0.6475700736045837,0.5297110676765442,-0.004117385018616915,0.9823018312454224,0.9992367029190063
223,8.88,27,LEFT_ANKLE,0.637315034866333,0.565455973148346,-0.040316637605428696,0.9634906053543091,0.9997895359992981
223,8.88,28,RIGHT_ANKLE,0.6411091685295105,0.5486115217208862,-0.05526522919535637,0.9806976914405823,0.9997455477714539
223,8.88,29,LEFT_HEEL,0.6372359395027161,0.5696045756340027,-0.04888487607240677,0.966430127620697,0.9996280670166016
223,8.88,30,RIGHT_HEEL,0.6381930708885193,0.5497967004776001,-0.06040801480412483,0.9725126624107361,0.999758780002594
223,8.88,31,LEFT_FOOT_INDEX,0.6427275538444519,0.5704028606414795,-0.07429075241088867,0.8989288210868835,0.999195396900177
223,8.88,32,RIGHT_FOOT_INDEX,0.6468600034713745,0.5606652498245239,-0.07029297947883606,0.9539394378662109,0.9995812773704529
224,8.92,0,NOSE,0.6358346939086914,0.45730626583099365,0.07157141715288162,0.9994857907295227,0.9996609687805176
224,8.92,1,LEFT_EYE_INNER,0.6333258152008057,0.45498427748680115,0.06249558553099632,0.9993757009506226,0.9996621608734131
224,8.92,2,LEFT_EYE,0.6319773197174072,0.45488935708999634,0.06248876824975014,0.9993231892585754,0.9996500015258789
224,8.92,3,LEFT_EYE_OUTER,0.6306619048118591,0.45482057332992554,0.06246886029839516,0.9993048906326294,0.9996453523635864
224,8.92,4,RIGHT_EYE_INNER,0.6366336941719055,0.4549938142299652,0.056153323501348495,0.9995279312133789,0.9997130036354065
224,8.92,5,RIGHT_EYE,0.6374723315238953,0.45491522550582886,0.05615724250674248,0.9995123147964478,0.9996888637542725
224,8.92,6,RIGHT_EYE_OUTER,0.6383084654808044,0.45484545826911926,0.05610853433609009,0.9994725584983826,0.9996826648712158
224,8.92,7,LEFT_EAR,0.6275091767311096,0.45558834075927734,0.029830077663064003,0.999077320098877,0.9997565150260925
224,8.92,8,RIGHT_EAR,0.6378200054168701,0.4556683599948883,0.002238633343949914,0.9994831681251526,0.9997736811637878
224,8.92,9,MOUTH_LEFT,0.6332891583442688,0.4589812159538269,0.06305103003978729,0.9985778331756592,0.9995853304862976
224,8.92,10,MOUTH_RIGHT,0.6365866661071777,0.4590459167957306,0.054888445883989334,0.9987097978591919,0.9996589422225952
224,8.92,11,LEFT_SHOULDER,0.6065216660499573,0.47146621346473694,0.038276609033346176,0.9995747208595276,0.9998155236244202
224,8.92,12,RIGHT_SHOULDER,0.6485801935195923,0.46837157011032104,-0.05026857927441597,0.9999289512634277,0.9998570680618286
224,8.92,13,LEFT_ELBOW,0.5971225500106812,0.4875122904777527,0.07968876510858536,0.754787027835846,0.9992750287055969
224,8.92,14,RIGHT_ELBOW,0.6498029828071594,0.48671063780784607,-0.05197036266326904,0.995518684387207,0.9995378255844116
224,8.92,15,LEFT_WRIST,0.6099380850791931,0.4878077208995819,0.12334517389535904,0.198696106672287,0.9991452693939209
224,8.92,16,RIGHT_WRIST,0.6616805791854858,0.5033619999885559,-0.023308703675866127,0.8382360339164734,0.9991623163223267
224,8.92,17,LEFT_PINKY,0.6113284826278687,0.4886396825313568,0.13517028093338013,0.16733646392822266,0.9991288781166077
224,8.92,18,RIGHT_PINKY,0.66389000415802,0.5088238716125488,-0.022172285243868828,0.7354283332824707,0.9990068078041077
224,8.92,19,LEFT_INDEX,0.6166341304779053,0.48714250326156616,0.13018599152565002,0.16553117334842682,0.9992163181304932
224,8.92,20,RIGHT_INDEX,0.6638297438621521,0.5081295967102051,-0.01551886834204197,0.7256999015808105,0.9989859461784363
224,8.92,21,LEFT_THUMB,0.6173577904701233,0.4868462383747101,0.12269026786088943,0.15898790955543518,0.9992109537124634
224,8.92,22,RIGHT_THUMB,0.6625218391418457,0.5068283677101135,-0.018945319578051567,0.6619405150413513,0.9991990923881531
224,8.92,23,LEFT_HIP,0.6197685599327087,0.5092739462852478,0.0320744551718235,0.9997184872627258,0.9999074935913086
224,8.92,24,RIGHT_HIP,0.6429892778396606,0.5068830251693726,-0.0322377048432827,0.9995928406715393,0.9997151494026184
224,8.92,25,LEFT_KNEE,0.6305721998214722,0.5367164611816406,0.039766229689121246,0.9166930317878723,0.9997788071632385
224,8.92,26,RIGHT_KNEE,0.6587797999382019,0.5289488434791565,-0.015069205313920975,0.9834420680999756,0.9990090131759644
224,8.92,27,LEFT_ANKLE,0.6353421211242676,0.5645548701286316,-0.021551048383116722,0.9635868668556213,0.999495267868042
224,8.92,28,RIGHT_ANKLE,0.6520657539367676,0.5494592189788818,-0.05041913688182831,0.9812869429588318,0.9994304776191711
224,8.92,29,LEFT_HEEL,0.6345505118370056,0.5692379474639893,-0.02584819495677948,0.9678074717521667,0.9990196228027344
224,8.92,30,RIGHT_HEEL,0.6474207639694214,0.5498486757278442,-0.05351928249001503,0.9734562635421753,0.9994387030601501
224,8.92,31,LEFT_FOOT_INDEX,0.6449305415153503,0.5702553391456604,-0.05192461609840393,0.8897734880447388,0.997967541217804
224,8.92,32,RIGHT_FOOT_INDEX,0.6646833419799805,0.5613884329795837,-0.05236590653657913,0.9526824355125427,0.9988771080970764
225,8.96,0,NOSE,0.645675003528595,0.45638757944107056,0.13426384329795837,0.999527096748352,0.9999905824661255
225,8.96,1,LEFT_EYE_INNER,0.6433917284011841,0.454205721616745,0.1249648779630661,0.999426543712616,0.9999890327453613
225,8.96,2,LEFT_EYE,0.641933023929596,0.4541223347187042,0.12497148662805557,0.9993797540664673,0.9999886751174927
225,8.96,3,LEFT_EYE_OUTER,0.6404802799224854,0.45405346155166626,0.12496818602085114,0.9993625283241272,0.9999876022338867
225,8.96,4,RIGHT_EYE_INNER,0.646923840045929,0.4541686773300171,0.12029329687356949,0.9995661973953247,0.9999901056289673
225,8.96,5,RIGHT_EYE,0.6478688716888428,0.45409390330314636,0.12029660493135452,0.999552845954895,0.9999891519546509
225,8.96,6,RIGHT_EYE_OUTER,0.648780107498169,0.4540331959724426,0.12025472521781921,0.999517560005188,0.9999884366989136
225,8.96,7,LEFT_EAR,0.6373005509376526,0.4546017348766327,0.08431906998157501,0.9991544485092163,0.9999916553497314
225,8.96,8,RIGHT_EAR,0.6483471989631653,0.4548153877258301,0.06403573602437973,0.9995253682136536,0.9999915361404419
225,8.96,9,MOUTH_LEFT,0.6427062153816223,0.45797199010849,0.12229146808385849,0.9986799359321594,0.9999817609786987
225,8.96,10,MOUTH_RIGHT,0.646235466003418,0.4580181837081909,0.11616554111242294,0.9988082051277161,0.9999834299087524
225,8.96,11,LEFT_SHOULDER,0.6168506145477295,0.46941179037094116,0.06961223483085632,0.999576985836029,0.9999403953552246
225,8.96,12,RIGHT_SHOULDER,0.6587905883789062,0.4671001732349396,0.010238353163003922,0.9999309182167053,0.9999595880508423
225,8.96,13,LEFT_ELBOW,0.6071664094924927,0.484852135181427,0.09661611169576645,0.7401322722434998,0.9997738003730774
225,8.96,14,RIGHT_ELBOW,0.6595686674118042,0.4851582944393158,-0.008473408408463001,0.9938147664070129,0.9998708963394165
225,8.96,15,LEFT_WRIST,0.6226854920387268,0.4816845953464508,0.14738743007183075,0.1913057118654251,0.9998661279678345
225,8.96,16,RIGHT_WRIST,0.6675718426704407,0.5001035928726196,-0.005889812484383583,0.8235522508621216,0.999870777130127
225,8.96,17,LEFT_PINKY,0.6254088282585144,0.48072826862335205,0.157840758562088,0.16170591115951538,0.9998431205749512
225,8.96,18,RIGHT_PINKY,0.6704522371292114,0.5047792792320251,-0.003042627591639757,0.7220630049705505,0.9998252987861633
225,8.96,19,LEFT_INDEX,0.6318446397781372,0.4800647795200348,0.15595151484012604,0.1599726676940918,0.9998562335968018
225,8.96,20,RIGHT_INDEX,0.6702166795730591,0.5039669871330261,0.003037773072719574,0.7131127119064331,0.9998220801353455
225,8.96,21,LEFT_THUMB,0.6316930651664734,0.48042789101600647,0.14964362978935242,0.1542382687330246,0.9998834133148193
225,8.96,22,RIGHT_THUMB,0.6678674817085266,0.5030586123466492,-0.0014126276364549994,0.6494466662406921,0.9998759031295776
225,8.96,23,LEFT_HIP,0.6294568181037903,0.5071221590042114,0.024075182154774666,0.9997311234474182,0.9999912977218628
225,8.96,24,RIGHT_HIP,0.6548609137535095,0.5043249726295471,-0.024301400408148766,0.9996155500411987,0.9999791383743286
225,8.96,25,LEFT_KNEE,0.6336666345596313,0.5329216718673706,0.03759545087814331,0.9244073629379272,0.9999433755874634
225,8.96,26,RIGHT_KNEE,0.6717369556427002,0.525260329246521,0.00032550079049542546,0.984633207321167,0.9998766183853149
225,8.96,27,LEFT_ANKLE,0.6391569972038269,0.5617821216583252,-0.10303014516830444,0.966688871383667,0.9999483823776245
225,8.96,28,RIGHT_ANKLE,0.6730250120162964,0.5496033430099487,-0.1245700865983963,0.9828426837921143,0.9999402761459351
225,8.96,29,LEFT_HEEL,0.6401035189628601,0.5658045411109924,-0.11866611987352371,0.9707686901092529,0.9998986721038818
225,8.96,30,RIGHT_HEEL,0.6698304414749146,0.5517085194587708,-0.13693563640117645,0.9757270216941833,0.9999269247055054
225,8.96,31,LEFT_FOOT_INDEX,0.6467624306678772,0.5700807571411133,-0.1454288810491562,0.8972561955451965,0.9996213912963867
225,8.96,32,RIGHT_FOOT_INDEX,0.683756411075592,0.5611417293548584,-0.15015347301959991,0.9562135934829712,0.9997579455375671
226,9.0,0,NOSE,0.6513452529907227,0.45536893606185913,0.12348487228155136,0.9995675683021545,0.9999855756759644
226,9.0,1,LEFT_EYE_INNER,0.6487422585487366,0.45317891240119934,0.11419595032930374,0.999476432800293,0.9999837875366211
226,9.0,2,LEFT_EYE,0.6473333835601807,0.453057199716568,0.11420346796512604,0.9994337558746338,0.9999831914901733
226,9.0,3,LEFT_EYE_OUTER,0.6459058523178101,0.45295339822769165,0.11418960243463516,0.9994189143180847,0.9999819993972778
226,9.0,4,RIGHT_EYE_INNER,0.6523780822753906,0.4532231092453003,0.10863318294286728,0.9996045231819153,0.9999854564666748
226,9.0,5,RIGHT_EYE,0.6533441543579102,0.4531668424606323,0.10864219814538956,0.9995925426483154,0.9999840259552002
226,9.0,6,RIGHT_EYE_OUTER,0.6543184518814087,0.45312345027923584,0.1086030900478363,0.999561607837677,0.9999829530715942
226,9.0,7,LEFT_EAR,0.6429861187934875,0.453519731760025,0.07559173554182053,0.9992286562919617,0.9999876022338867
226,9.0,8,RIGHT_EAR,0.6537187099456787,0.45401808619499207,0.051665984094142914,0.9995669722557068,0.9999876022338867
226,9.0,9,MOUTH_LEFT,0.6486351490020752,0.4570029079914093,0.11238908022642136,0.9987857937812805,0.9999749660491943
226,9.0,10,MOUTH_RIGHT,0.6521896123886108,0.457140177488327,0.10522879660129547,0.9989095330238342,0.9999786615371704
226,9.0,11,LEFT_SHOULDER,0.6225139498710632,0.46785321831703186,0.07133206725120544,0.99958336353302,0.9999443292617798
226,9.0,12,RIGHT_SHOULDER,0.6635206341743469,0.46548140048980713,-0.006732468493282795,0.9999357461929321,0.9999754428863525
226,9.0,13,LEFT_ELBOW,0.6110852956771851,0.48366880416870117,0.13713501393795013,0.7349916696548462,0.9998593330383301
226,9.0,14,RIGHT_ELBOW,0.6621540784835815,0.4839331805706024,-0.013324950821697712,0.9940875172615051,0.9999405145645142
226,9.0,15,LEFT_WRIST,0.6286144852638245,0.47936952114105225,0.21864713728427887,0.17920981347560883,0.9999213218688965
226,9.0,16,RIGHT_WRIST,0.6743128299713135,0.49919188022613525,-0.00045817336649633944,0.831015408039093,0.999933123588562
226,9.0,17,LEFT_PINKY,0.6327835917472839,0.478974848985672,0.23549862205982208,0.15152029693126678,0.999904990196228
226,9.0,18,RIGHT_PINKY,0.6773290634155273,0.5032483339309692,0.002383877756074071,0.7312347292900085,0.9998992681503296
226,9.0,19,LEFT_INDEX,0.6361417770385742,0.47987598180770874,0.2292962223291397,0.1498267650604248,0.9999125003814697
226,9.0,20,RIGHT_INDEX,0.6771266460418701,0.5028801560401917,0.007590999361127615,0.7231124043464661,0.9998971223831177
226,9.0,21,LEFT_THUMB,0.6359272003173828,0.4800063669681549,0.21882684528827667,0.1451360434293747,0.9999284744262695
226,9.0,22,RIGHT_THUMB,0.6751812696456909,0.5015370845794678,0.003878967836499214,0.6583215594291687,0.9999305009841919
226,9.0,23,LEFT_HIP,0.6363487243652344,0.5044087767601013,0.02584061026573181,0.9997320771217346,0.9999797344207764
226,9.0,24,RIGHT_HIP,0.6594859957695007,0.5023542046546936,-0.026045728474855423,0.9996379017829895,0.999961256980896
226,9.0,25,LEFT_KNEE,0.6374178528785706,0.5306374430656433,0.03762075677514076,0.9304971694946289,0.9999291896820068
226,9.0,26,RIGHT_KNEE,0.6780095100402832,0.5257236957550049,-0.017411118373274803,0.9858887195587158,0.999911904335022
226,9.0,27,LEFT_ANKLE,0.6413565874099731,0.5581943988800049,-0.0496237650513649,0.968271791934967,0.9999204874038696
226,9.0,28,RIGHT_ANKLE,0.6824723482131958,0.5520566701889038,-0.11011053621768951,0.9842681884765625,0.9999148845672607
226,9.0,29,LEFT_HEEL,0.6416413187980652,0.5618413686752319,-0.05845078080892563,0.972823977470398,0.9998518228530884
226,9.0,30,RIGHT_HEEL,0.6807615160942078,0.5567525029182434,-0.11712481081485748,0.9777494072914124,0.9998868703842163
226,9.0,31,LEFT_FOOT_INDEX,0.6478822827339172,0.5690643787384033,-0.07900803536176682,0.8945782780647278,0.9996126294136047
226,9.0,32,RIGHT_FOOT_INDEX,0.6982897520065308,0.5587974786758423,-0.12788228690624237,0.9588578343391418,0.9996685981750488
227,9.04,0,NOSE,0.6619597673416138,0.4550454020500183,0.11809919029474258,0.9996088743209839,0.9999969005584717
227,9.04,1,LEFT_EYE_INNER,0.6598231196403503,0.45284566283226013,0.11136852204799652,0.9995267987251282,0.9999964237213135
227,9.04,2,LEFT_EYE,0.6584948301315308,0.4527510702610016,0.11140162497758865,0.9994879961013794,0.9999961853027344
227,9.04,3,LEFT_EYE_OUTER,0.6571810841560364,0.45266687870025635,0.11139915138483047,0.9994750618934631,0.9999959468841553
227,9.04,4,RIGHT_EYE_INNER,0.6627309918403625,0.4528524577617645,0.10466139763593674,0.9996426701545715,0.999996542930603
227,9.04,5,RIGHT_EYE,0.6634974479675293,0.4527997374534607,0.10470124334096909,0.9996318221092224,0.9999961853027344
227,9.04,6,RIGHT_EYE_OUTER,0.6642307043075562,0.4527634382247925,0.10472699254751205,0.999604344367981,0.9999959468841553
227,9.04,7,LEFT_EAR,0.6539235711097717,0.45324596762657166,0.07262042909860611,0.9993024468421936,0.9999970197677612
227,9.04,8,RIGHT_EAR,0.6635280847549438,0.45362991094589233,0.0505017526447773,0.9996080994606018,0.9999970197677612
227,9.04,9,MOUTH_LEFT,0.6593206524848938,0.456686407327652,0.10905000567436218,0.9988994598388672,0.9999924898147583
227,9.04,10,MOUTH_RIGHT,0.6621766090393066,0.4568905532360077,0.10067465156316757,0.9990135431289673,0.9999940395355225
227,9.04,11,LEFT_SHOULDER,0.6330864429473877,0.46737658977508545,0.07077839970588684,0.9996071457862854,0.999972939491272
227,9.04,12,RIGHT_SHOULDER,0.671413779258728,0.4653922915458679,-0.011804317124187946,0.9999414086341858,0.9999935626983643
227,9.04,13,LEFT_ELBOW,0.6200639605522156,0.4805678427219391,0.1427287608385086,0.7214703559875488,0.9999309778213501
227,9.04,14,RIGHT_ELBOW,0.6724463701248169,0.4826333224773407,-0.014856585301458836,0.9938448071479797,0.9999784231185913
227,9.04,15,LEFT_WRIST,0.634204089641571,0.48022404313087463,0.23757539689540863,0.16563203930854797,0.9999575614929199
227,9.04,16,RIGHT_WRIST,0.6828635334968567,0.49717625975608826,-0.006985503248870373,0.8356211185455322,0.9999706745147705
227,9.04,17,LEFT_PINKY,0.6373052000999451,0.4802675247192383,0.25621575117111206,0.14050932228565216,0.9999517202377319
227,9.04,18,RIGHT_PINKY,0.6849343776702881,0.5012514591217041,-0.005920215509831905,0.738917887210846,0.9999533891677856
227,9.04,19,LEFT_INDEX,0.6421687006950378,0.48001304268836975,0.25141438841819763,0.13884364068508148,0.9999537467956543
227,9.04,20,RIGHT_INDEX,0.6845657825469971,0.5010448694229126,-0.002513387007638812,0.7313207983970642,0.9999511241912842
227,9.04,21,LEFT_THUMB,0.6422536969184875,0.48002514243125916,0.23852454125881195,0.13508887588977814,0.9999637603759766
227,9.04,22,RIGHT_THUMB,0.6832450032234192,0.4994417428970337,-0.003792016999796033,0.6638556122779846,0.9999693632125854
227,9.04,23,LEFT_HIP,0.6450154185295105,0.5034217238426208,0.02620980329811573,0.9997511506080627,0.9999957084655762
227,9.04,24,RIGHT_HIP,0.6684385538101196,0.5017141103744507,-0.026381202042102814,0.9996716380119324,0.9999948740005493
227,9.04,25,LEFT_KNEE,0.6475489139556885,0.5280559659004211,0.06451641023159027,0.9354729056358337,0.9999904632568359
227,9.04,26,RIGHT_KNEE,0.6881392002105713,0.5257598161697388,-0.03184475377202034,0.9869932532310486,0.9999923706054688
227,9.04,27,LEFT_ANKLE,0.6421584486961365,0.5508533120155334,-0.003961298149079084,0.970623791217804,0.9999912977218628
227,9.04,28,RIGHT_ANKLE,0.6991832852363586,0.5536618828773499,-0.1300652176141739,0.9857251048088074,0.9999877214431763
227,9.04,29,LEFT_HEEL,0.6404321789741516,0.5529969930648804,-0.010806949809193611,0.9750327467918396,0.9999834299087524
227,9.04,30,RIGHT_HEEL,0.6980088949203491,0.5580254793167114,-0.13812102377414703,0.979749858379364,0.999980092048645
227,9.04,31,LEFT_FOOT_INDEX,0.646818220615387,0.562865674495697,-0.02360893227159977,0.8996066451072693,0.9999538660049438
227,9.04,32,RIGHT_FOOT_INDEX,0.7135912179946899,0.5578734278678894,-0.15330061316490173,0.9623324275016785,0.9999264478683472
228,9.08,0,NOSE,0.6666679382324219,0.45476582646369934,0.10596989095211029,0.9996457099914551,0.9999914169311523
228,9.08,1,LEFT_EYE_INNER,0.6644784808158875,0.4525412619113922,0.09778612107038498,0.9995720982551575,0.9999911785125732
228,9.08,2,LEFT_EYE,0.6630623936653137,0.45243552327156067,0.09781104326248169,0.9995366930961609,0.9999909400939941
228,9.08,3,LEFT_EYE_OUTER,0.6616395711898804,0.4523414969444275,0.09778961539268494,0.9995253682136536,0.9999901056289673
228,9.08,4,RIGHT_EYE_INNER,0.6677230000495911,0.4525933861732483,0.09163840860128403,0.9996769428253174,0.9999912977218628
228,9.08,5,RIGHT_EYE,0.6685763597488403,0.45255807042121887,0.09165999293327332,0.9996669888496399,0.9999905824661255
228,9.08,6,RIGHT_EYE_OUTER,0.6693687438964844,0.4525455832481384,0.09167074412107468,0.9996426701545715,0.9999898672103882
228,9.08,7,LEFT_EAR,0.6586900353431702,0.45298004150390625,0.06345153599977493,0.9993695616722107,0.999992847442627
228,9.08,8,RIGHT_EAR,0.6689208149909973,0.45349881052970886,0.03870334103703499,0.9996451139450073,0.9999929666519165
228,9.08,9,MOUTH_LEFT,0.6640296578407288,0.45642316341400146,0.09677077829837799,0.9990044236183167,0.999984860420227
228,9.08,10,MOUTH_RIGHT,0.6673116087913513,0.45671185851097107,0.08890314400196075,0.9991090893745422,0.9999879598617554
228,9.08,11,LEFT_SHOULDER,0.6377719640731812,0.46741852164268494,0.06284154206514359,0.9996236562728882,0.9999362230300903
228,9.08,12,RIGHT_SHOULDER,0.6777750253677368,0.46535930037498474,-0.013353015296161175,0.9999459981918335,0.9999895095825195
228,9.08,13,LEFT_ELBOW,0.6237727403640747,0.4800693094730377,0.1322903037071228,0.7268255352973938,0.9997908473014832
228,9.08,14,RIGHT_ELBOW,0.679556667804718,0.48251011967658997,-0.025271350517868996,0.9935676455497742,0.9999549388885498
228,9.08,15,LEFT_WRIST,0.639625608921051,0.4773041307926178,0.22611470520496368,0.15326635539531708,0.9998610019683838
228,9.08,16,RIGHT_WRIST,0.6908125281333923,0.4969502389431,-0.023269567638635635,0.8337455987930298,0.999924898147583
228,9.08,17,LEFT_PINKY,0.6421960592269897,0.47864893078804016,0.24330562353134155,0.12989625334739685,0.9998478889465332
228,9.08,18,RIGHT_PINKY,0.6930606365203857,0.501034677028656,-0.024769889190793037,0.7385420799255371,0.9998724460601807
228,9.08,19,LEFT_INDEX,0.6472088098526001,0.478007972240448,0.23904837667942047,0.12829039990901947,0.9998575448989868
228,9.08,20,RIGHT_INDEX,0.6926379799842834,0.5006684064865112,-0.022022031247615814,0.7317948341369629,0.9998769760131836
228,9.08,21,LEFT_THUMB,0.6476211547851562,0.477946400642395,0.22701619565486908,0.12538190186023712,0.9998860359191895
228,9.08,22,RIGHT_THUMB,0.6909341216087341,0.49950167536735535,-0.020958038046956062,0.6609575748443604,0.9999173879623413
228,9.08,23,LEFT_HIP,0.6510522365570068,0.503509521484375,0.028989220038056374,0.9997575283050537,0.999983549118042
228,9.08,24,RIGHT_HIP,0.6734573841094971,0.5015659928321838,-0.02918114699423313,0.9997010827064514,0.9999892711639404
228,9.08,25,LEFT_KNEE,0.6539767980575562,0.5272471904754639,0.06643860042095184,0.9386181235313416,0.9999594688415527
228,9.08,26,RIGHT_KNEE,0.6939569711685181,0.5262548327445984,-0.03911205008625984,0.9879630208015442,0.999981164932251
228,9.08,27,LEFT_ANKLE,0.6445601582527161,0.5455092191696167,0.05495932698249817,0.971799910068512,0.9999608993530273
228,9.08,28,RIGHT_ANKLE,0.7069615721702576,0.5540996193885803,-0.10213631391525269,0.9869980812072754,0.9999529123306274
228,9.08,29,LEFT_HEEL,0.6413351893424988,0.546935498714447,0.05410342290997505,0.9762408137321472,0.9999312162399292
228,9.08,30,RIGHT_HEEL,0.7056639194488525,0.5586711168289185,-0.10785109549760818,0.9815348386764526,0.9999152421951294
228,9.08,31,LEFT_FOOT_INDEX,0.647019624710083,0.5566892027854919,0.045041706413030624,0.8986510634422302,0.9998570680618286
228,9.08,32,RIGHT_FOOT_INDEX,0.7193862795829773,0.5572706460952759,-0.1213405579328537,0.9649791717529297,0.9997403025627136
229,9.12,0,NOSE,0.6762200593948364,0.4548164904117584,0.11355365067720413,0.9996805191040039,0.9999994039535522
229,9.12,1,LEFT_EYE_INNER,0.6740130186080933,0.45261067152023315,0.10517044365406036,0.9996141791343689,0.9999992847442627
229,9.12,2,LEFT_EYE,0.6726872324943542,0.4525095224380493,0.10517903417348862,0.9995822906494141,0.9999992847442627
229,9.12,3,LEFT_EYE_OUTER,0.6712521910667419,0.45241931080818176,0.1051538959145546,0.9995721578598022,0.9999992847442627
229,9.12,4,RIGHT_EYE_INNER,0.6771990656852722,0.45265981554985046,0.09994207322597504,0.9997087717056274,0.9999992847442627
229,9.12,5,RIGHT_EYE,0.6781346797943115,0.4526273310184479,0.09995178133249283,0.9996997714042664,0.9999992847442627
229,9.12,6,RIGHT_EYE_OUTER,0.6790048480033875,0.4526158571243286,0.09995777159929276,0.9996779561042786,0.9999992847442627
229,9.12,7,LEFT_EAR,0.6682767868041992,0.45306211709976196,0.06966652721166611,0.9994317293167114,0.9999995231628418
229,9.12,8,RIGHT_EAR,0.6790788769721985,0.4535408020019531,0.04720371216535568,0.9996797442436218,0.9999995231628418
229,9.12,9,MOUTH_LEFT,0.6740312576293945,0.4564604163169861,0.1031588539481163,0.9991025328636169,0.9999986886978149
229,9.12,10,MOUTH_RIGHT,0.6770675778388977,0.45676177740097046,0.09628003090620041,0.999197244644165,0.9999990463256836
229,9.12,11,LEFT_SHOULDER,0.647351086139679,0.4674456715583801,0.0672386959195137,0.9996525645256042,0.9999886751174927
229,9.12,12,RIGHT_SHOULDER,0.687944769859314,0.46549826860427856,-0.007350647356361151,0.9999511241912842,0.999998927116394
229,9.12,13,LEFT_ELBOW,0.6302024722099304,0.47984543442726135,0.1394132673740387,0.7477057576179504,0.9999562501907349
229,9.12,14,RIGHT_ELBOW,0.6943526268005371,0.48284584283828735,-0.0328996516764164,0.9938246607780457,0.9999911785125732
229,9.12,15,LEFT_WRIST,0.6461371183395386,0.4778016209602356,0.24632862210273743,0.15772409737110138,0.9999722242355347
229,9.12,16,RIGHT_WRIST,0.7098010182380676,0.4976610243320465,-0.04311896860599518,0.8390515446662903,0.9999827146530151
229,9.12,17,LEFT_PINKY,0.6487388610839844,0.4782026708126068,0.2679477035999298,0.13461057841777802,0.9999731779098511
229,9.12,18,RIGHT_PINKY,0.713482141494751,0.501846194267273,-0.04428498446941376,0.7486699819564819,0.9999696016311646
229,9.12,19,LEFT_INDEX,0.6541385650634766,0.47771045565605164,0.26398196816444397,0.1329258233308792,0.9999724626541138
229,9.12,20,RIGHT_INDEX,0.7131792902946472,0.5014422535896301,-0.04016413167119026,0.7421237230300903,0.999970555305481
229,9.12,21,LEFT_THUMB,0.6543627977371216,0.4776059091091156,0.24835355579853058,0.1302948296070099,0.9999792575836182
229,9.12,22,RIGHT_THUMB,0.7115470170974731,0.5002084970474243,-0.04056986793875694,0.6700379252433777,0.9999803304672241
229,9.12,23,LEFT_HIP,0.6619834303855896,0.5038946270942688,0.030303115025162697,0.9997787475585938,0.9999988079071045
229,9.12,24,RIGHT_HIP,0.6851557493209839,0.5020007491111755,-0.03048575296998024,0.99973064661026,0.9999995231628418
229,9.12,25,LEFT_KNEE,0.6721268892288208,0.522834837436676,0.09590510278940201,0.9420592188835144,0.9999918937683105
229,9.12,26,RIGHT_KNEE,0.7016502022743225,0.5266804099082947,-0.05700061097741127,0.9890324473381042,0.9999984502792358
229,9.12,27,LEFT_ANKLE,0.6545683145523071,0.5348678827285767,0.03751199319958687,0.9741054773330688,0.9999971389770508
229,9.12,28,RIGHT_ANKLE,0.7130575180053711,0.5539830923080444,-0.19330154359340668,0.9882786870002747,0.9999971389770508
229,9.12,29,LEFT_HEEL,0.6494773030281067,0.5338401198387146,0.03121449425816536,0.9783657789230347,0.9999958276748657
229,9.12,30,RIGHT_HEEL,0.7107865214347839,0.5584051609039307,-0.20636017620563507,0.9833595156669617,0.9999939203262329
229,9.12,31,LEFT_FOOT_INDEX,0.6551013588905334,0.5478163957595825,0.021457713097333908,0.9070207476615906,0.9999866485595703
229,9.12,32,RIGHT_FOOT_INDEX,0.7261972427368164,0.5574398040771484,-0.22991153597831726,0.9683957099914551,0.999968409538269
230,9.16,0,NOSE,0.6811243891716003,0.45553693175315857,0.06834201514720917,0.999707043170929,0.9999881982803345
230,9.16,1,LEFT_EYE_INNER,0.6786710619926453,0.45332467555999756,0.059488069266080856,0.9996475577354431,0.9999865293502808
230,9.16,2,LEFT_EYE,0.6773236393928528,0.45319607853889465,0.05948510393500328,0.9996177554130554,0.9999862909317017
230,9.16,3,LEFT_EYE_OUTER,0.6759316325187683,0.45309391617774963,0.05945863202214241,0.9996085166931152,0.9999854564666748
230,9.16,4,RIGHT_EYE_INNER,0.6823068261146545,0.4534589946269989,0.05460021644830704,0.9997345805168152,0.9999880790710449
230,9.16,5,RIGHT_EYE,0.6832706332206726,0.45344820618629456,0.05461963638663292,0.9997258186340332,0.9999872446060181
230,9.16,6,RIGHT_EYE_OUTER,0.6841978430747986,0.4534459710121155,0.05460407957434654,0.9997068047523499,0.9999866485595703
230,9.16,7,LEFT_EAR,0.6730663180351257,0.4538373351097107,0.02602711133658886,0.9994789361953735,0.9999908208847046
230,9.16,8,RIGHT_EAR,0.6839858293533325,0.45440512895584106,0.005667143501341343,0.9997053146362305,0.9999929666519165
230,9.16,9,MOUTH_LEFT,0.6786297559738159,0.4571084678173065,0.05923653766512871,0.999173641204834,0.9999819993972778
230,9.16,10,MOUTH_RIGHT,0.6822840571403503,0.45743826031684875,0.05314260721206665,0.9992672801017761,0.9999868869781494
230,9.16,11,LEFT_SHOULDER,0.6516053676605225,0.46812108159065247,0.03378977254033089,0.9996651411056519,0.9999333620071411
230,9.16,12,RIGHT_SHOULDER,0.6937246918678284,0.46703818440437317,-0.04024151712656021,0.9999552965164185,0.9999945163726807
230,9.16,13,LEFT_ELBOW,0.6323283314704895,0.479733407497406,0.10387074202299118,0.7649970650672913,0.9996695518493652
230,9.16,14,RIGHT_ELBOW,0.7032314538955688,0.4839417636394501,-0.03753302991390228,0.9940112233161926,0.9999408721923828
230,9.16,15,LEFT_WRIST,0.6522469520568848,0.4783116281032562,0.20356224477291107,0.15611635148525238,0.9997848868370056
230,9.16,16,RIGHT_WRIST,0.7193318605422974,0.4985746741294861,-0.029022283852100372,0.8446698188781738,0.9998356103897095
230,9.16,17,LEFT_PINKY,0.6547340154647827,0.4792327284812927,0.22467651963233948,0.1316075176000595,0.9998059868812561
230,9.16,18,RIGHT_PINKY,0.7237911224365234,0.5022536516189575,-0.02295476756989956,0.7558820843696594,0.9997403025627136
230,9.16,19,LEFT_INDEX,0.6591039896011353,0.4783332049846649,0.22120504081249237,0.1297469139099121,0.9998058676719666
230,9.16,20,RIGHT_INDEX,0.723733127117157,0.5019927024841309,-0.02805422805249691,0.7498288750648499,0.9997432827949524
230,9.16,21,LEFT_THUMB,0.6586671471595764,0.478203684091568,0.20594342052936554,0.12728044390678406,0.9998421669006348
230,9.16,22,RIGHT_THUMB,0.7220929861068726,0.5011465549468994,-0.028159700334072113,0.6764797568321228,0.9998220801353455
230,9.16,23,LEFT_HIP,0.6649383902549744,0.5040510892868042,0.030690878629684448,0.999779224395752,0.9999657869338989
230,9.16,24,RIGHT_HIP,0.6886993646621704,0.503011167049408,-0.030860738828778267,0.9997559785842896,0.9999899864196777
230,9.16,25,LEFT_KNEE,0.6731777787208557,0.520075261592865,0.11717194318771362,0.9319892525672913,0.9999098777770996
230,9.16,26,RIGHT_KNEE,0.7052258253097534,0.5272939205169678,-0.04616406187415123,0.9892330765724182,0.9999887943267822
230,9.16,27,LEFT_ANKLE,0.6611034274101257,0.5328173637390137,0.10483118146657944,0.972404420375824,0.9999418258666992
230,9.16,28,RIGHT_ANKLE,0.7145797610282898,0.5549829602241516,-0.13551929593086243,0.9892733693122864,0.9999572038650513
230,9.16,29,LEFT_HEEL,0.6569792032241821,0.5331070423126221,0.10366419702768326,0.9775297045707703,0.9999188184738159
230,9.16,30,RIGHT_HEEL,0.7114243507385254,0.559928297996521,-0.1433020383119583,0.9847508072853088,0.9998949766159058
230,9.16,31,LEFT_FOOT_INDEX,0.6623420715332031,0.5431950688362122,0.10177257657051086,0.9085791110992432,0.9998817443847656
230,9.16,32,RIGHT_FOOT_INDEX,0.7263501882553101,0.5578991174697876,-0.1618971973657608,0.9711260795593262,0.9997187256813049
231,9.2,0,NOSE,0.6886029243469238,0.4574558436870575,0.08044465631246567,0.9997274875640869,0.9999936819076538
231,9.2,1,LEFT_EYE_INNER,0.6863053441047668,0.4553307294845581,0.06996931880712509,0.999675989151001,0.9999916553497314
231,9.2,2,LEFT_EYE,0.6848259568214417,0.45522210001945496,0.0699702799320221,0.999647855758667,0.9999911785125732
231,9.2,3,LEFT_EYE_OUTER,0.6832775473594666,0.45512086153030396,0.06995467841625214,0.9996395111083984,0.9999902248382568
231,9.2,4,RIGHT_EYE_INNER,0.6902934312820435,0.4554733633995056,0.06657454371452332,0.9997553825378418,0.9999938011169434
231,9.2,5,RIGHT_EYE,0.6914701461791992,0.45547395944595337,0.06658615916967392,0.9997463822364807,0.9999938011169434
231,9.2,6,RIGHT_EYE_OUTER,0.692565381526947,0.45548486709594727,0.06656347215175629,0.99973064661026,0.9999936819076538
231,9.2,7,LEFT_EAR,0.680670976638794,0.4559367895126343,0.029145630076527596,0.9995163679122925,0.9999934434890747
231,9.2,8,RIGHT_EAR,0.6932677030563354,0.45644673705101013,0.016181139275431633,0.9997232556343079,0.9999966621398926
231,9.2,9,MOUTH_LEFT,0.686296284198761,0.4590422213077545,0.0685892105102539,0.9992290735244751,0.9999880790710449
231,9.2,10,MOUTH_RIGHT,0.6901504397392273,0.45942777395248413,0.06464250385761261,0.9993210434913635,0.9999915361404419
231,9.2,11,LEFT_SHOULDER,0.6610462069511414,0.46981433033943176,0.03100595809519291,0.9996752142906189,0.9999244213104248
231,9.2,12,RIGHT_SHOULDER,0.7059560418128967,0.47031182050704956,-0.03196549043059349,0.9999583959579468,0.9999955892562866
231,9.2,13,LEFT_ELBOW,0.639483630657196,0.47969454526901245,0.08581510931253433,0.7802503705024719,0.9995822310447693
231,9.2,14,RIGHT_ELBOW,0.718989908695221,0.48758065700531006,-0.022051779553294182,0.9942578077316284,0.9999501705169678
231,9.2,15,LEFT_WRIST,0.6587088704109192,0.47921669483184814,0.16591741144657135,0.1554008275270462,0.9996625185012817
231,9.2,16,RIGHT_WRIST,0.7357607483863831,0.5024784803390503,0.027051057666540146,0.8473919630050659,0.9998466968536377
231,9.2,17,LEFT_PINKY,0.6626610159873962,0.47955605387687683,0.18230114877223969,0.1290721893310547,0.9997052550315857
231,9.2,18,RIGHT_PINKY,0.7402222752571106,0.5060599446296692,0.0346168577671051,0.7582107186317444,0.9997299313545227
231,9.2,19,LEFT_INDEX,0.6670980453491211,0.4792202413082123,0.17876863479614258,0.12723034620285034,0.9996916055679321
231,9.2,20,RIGHT_INDEX,0.7396765947341919,0.506020188331604,0.03516056388616562,0.7524734139442444,0.9997404217720032
231,9.2,21,LEFT_THUMB,0.6653710603713989,0.47909265756607056,0.16728609800338745,0.12457630038261414,0.9997523427009583
231,9.2,22,RIGHT_THUMB,0.7378389239311218,0.5050600171089172,0.029734229668974876,0.6791393160820007,0.9998233914375305
231,9.2,23,LEFT_HIP,0.6728720664978027,0.5058596730232239,0.02798996865749359,0.999774694442749,0.9999719858169556
231,9.2,24,RIGHT_HIP,0.6975467801094055,0.5055648684501648,-0.02818240225315094,0.9997777938842773,0.9999933242797852
231,9.2,25,LEFT_KNEE,0.6775286197662354,0.5207321643829346,0.08692041039466858,0.9108772873878479,0.9998786449432373
231,9.2,26,RIGHT_KNEE,0.7100802063941956,0.5307404398918152,-0.04917032644152641,0.9883100986480713,0.9999839067459106
231,9.2,27,LEFT_ANKLE,0.6731258034706116,0.53079754114151,0.048727333545684814,0.9662380218505859,0.9999208450317383
231,9.2,28,RIGHT_ANKLE,0.7173667550086975,0.5576859712600708,-0.17662091553211212,0.9898836016654968,0.9999537467956543
231,9.2,29,LEFT_HEEL,0.671679675579071,0.5319237112998962,0.044437386095523834,0.9744065999984741,0.999891996383667
231,9.2,30,RIGHT_HEEL,0.7143144011497498,0.562447190284729,-0.18936803936958313,0.9857635498046875,0.9998884201049805
231,9.2,31,LEFT_FOOT_INDEX,0.6753831505775452,0.5404754281044006,0.03290886804461479,0.9102756381034851,0.9999018907546997
231,9.2,32,RIGHT_FOOT_INDEX,0.7269158363342285,0.5609532594680786,-0.21298912167549133,0.9733511209487915,0.999776303768158
232,9.24,0,NOSE,0.6915037631988525,0.45884427428245544,0.0873531922698021,0.9997410774230957,0.9999948740005493
232,9.24,1,LEFT_EYE_INNER,0.689732015132904,0.4567227363586426,0.07759799063205719,0.9996978640556335,0.9999947547912598
232,9.24,2,LEFT_EYE,0.688498854637146,0.4566590189933777,0.0776185393333435,0.9996713995933533,0.9999949932098389
232,9.24,3,LEFT_EYE_OUTER,0.6871225833892822,0.45662519335746765,0.07760149985551834,0.9996651411056519,0.9999947547912598
232,9.24,4,RIGHT_EYE_INNER,0.6934072971343994,0.4568142890930176,0.07220326364040375,0.9997702240943909,0.9999953508377075
232,9.24,5,RIGHT_EYE,0.694595456123352,0.4568159282207489,0.07218490540981293,0.9997596740722656,0.999995231628418
232,9.24,6,RIGHT_EYE_OUTER,0.6958394050598145,0.45682552456855774,0.07215605676174164,0.9997469186782837,0.9999948740005493
232,9.24,7,LEFT_EAR,0.6843960285186768,0.45767098665237427,0.04018814489245415,0.9995492696762085,0.9999967813491821
232,9.24,8,RIGHT_EAR,0.6966050267219543,0.45790159702301025,0.017740681767463684,0.9997290372848511,0.9999967813491821
232,9.24,9,MOUTH_LEFT,0.6895053386688232,0.46061086654663086,0.07708041369915009,0.9992774128913879,0.9999923706054688
232,9.24,10,MOUTH_RIGHT,0.6930851340293884,0.46087440848350525,0.07038044929504395,0.9993667006492615,0.9999934434890747
232,9.24,11,LEFT_SHOULDER,0.6664187908172607,0.4713062345981598,0.04031665623188019,0.9996821284294128,0.9999551773071289
232,9.24,12,RIGHT_SHOULDER,0.7096297144889832,0.4714430272579193,-0.024571675807237625,0.9999611973762512,0.9999961853027344
232,9.24,13,LEFT_ELBOW,0.6442028880119324,0.4800446927547455,0.08358048647642136,0.7989566922187805,0.9997922778129578
232,9.24,14,RIGHT_ELBOW,0.7235082983970642,0.4883285462856293,-0.02314727194607258,0.9947299957275391,0.9999688863754272
232,9.24,15,LEFT_WRIST,0.6615741848945618,0.48312488198280334,0.14960183203220367,0.15544754266738892,0.99982750415802
232,9.24,16,RIGHT_WRIST,0.7410499453544617,0.5039418935775757,0.011973222717642784,0.8557542562484741,0.999915361404419
232,9.24,17,LEFT_PINKY,0.6652039289474487,0.4837513864040375,0.16433581709861755,0.12633226811885834,0.9998525381088257
232,9.24,18,RIGHT_PINKY,0.7449649572372437,0.5079312920570374,0.015517148189246655,0.7670283317565918,0.9998438358306885
232,9.24,19,LEFT_INDEX,0.6690822839736938,0.4833506643772125,0.1605381965637207,0.12444155663251877,0.9998475313186646
232,9.24,20,RIGHT_INDEX,0.7444668412208557,0.5077771544456482,0.018351739272475243,0.7612894773483276,0.9998602867126465
232,9.24,21,LEFT_THUMB,0.6684779524803162,0.48339879512786865,0.15041935443878174,0.12154098600149155,0.9998787641525269
232,9.24,22,RIGHT_THUMB,0.7432641386985779,0.506729245185852,0.01473092008382082,0.6877202391624451,0.9999066591262817
232,9.24,23,LEFT_HIP,0.6788346767425537,0.5079300403594971,0.023220684379339218,0.9997725486755371,0.999984860420227
232,9.24,24,RIGHT_HIP,0.7009543776512146,0.5072399377822876,-0.023368677124381065,0.9997957944869995,0.9999946355819702
232,9.24,25,LEFT_KNEE,0.6851630806922913,0.5218875408172607,0.03835202008485794,0.9018601179122925,0.9998971223831177
232,9.24,26,RIGHT_KNEE,0.7105574607849121,0.5313320755958557,-0.04547381401062012,0.9870982766151428,0.9999752044677734
232,9.24,27,LEFT_ANKLE,0.6794388294219971,0.5324621200561523,-0.04010715335607529,0.9578526020050049,0.9999361038208008
232,9.24,28,RIGHT_ANKLE,0.7189265489578247,0.558283805847168,-0.2068689912557602,0.9898598194122314,0.9999368190765381
232,9.24,29,LEFT_HEEL,0.6777616739273071,0.5339638590812683,-0.04884335771203041,0.971286952495575,0.9999004602432251
232,9.24,30,RIGHT_HEEL,0.7155162692070007,0.5629057288169861,-0.22414472699165344,0.9865046739578247,0.9998519420623779
232,9.24,31,LEFT_FOOT_INDEX,0.6797447800636292,0.5414692759513855,-0.06092609837651253,0.9105974435806274,0.9999120235443115
232,9.24,32,RIGHT_FOOT_INDEX,0.7281633615493774,0.5622078776359558,-0.2501435875892639,0.9748278856277466,0.9997639060020447
233,9.28,0,NOSE,0.6972258687019348,0.4603429436683655,0.08773517608642578,0.9997290372848511,0.9999212026596069
233,9.28,1,LEFT_EYE_INNER,0.6951621174812317,0.45832559466362,0.08203151822090149,0.9996740221977234,0.9999104738235474
233,9.28,2,LEFT_EYE,0.6937905550003052,0.45829305052757263,0.08203978091478348,0.9996569752693176,0.9999077320098877
233,9.28,3,LEFT_EYE_OUTER,0.6924900412559509,0.4582931697368622,0.08202154189348221,0.999633252620697,0.9999041557312012
233,9.28,4,RIGHT_EYE_INNER,0.6991882920265198,0.4583015739917755,0.07427673041820526,0.9997535943984985,0.9999326467514038
233,9.28,5,RIGHT_EYE,0.7006978392601013,0.4582585394382477,0.07433745265007019,0.9997496008872986,0.9999356269836426
233,9.28,6,RIGHT_EYE_OUTER,0.7021320462226868,0.4582238495349884,0.07433068007230759,0.9997273087501526,0.9999403953552246
233,9.28,7,LEFT_EAR,0.6905840039253235,0.4592919945716858,0.03819384425878525,0.9995298385620117,0.9999281167984009
233,9.28,8,RIGHT_EAR,0.7037114500999451,0.45922863483428955,0.021003995090723038,0.9997115135192871,0.9999585151672363
233,9.28,9,MOUTH_LEFT,0.6954895853996277,0.46212631464004517,0.08094325661659241,0.9993002414703369,0.9999109506607056
233,9.28,10,MOUTH_RIGHT,0.6995182037353516,0.46223121881484985,0.07119753956794739,0.9993891716003418,0.9999407529830933
233,9.28,11,LEFT_SHOULDER,0.6751542091369629,0.4720301032066345,0.03482653573155403,0.9996412992477417,0.9998206496238708
233,9.28,12,RIGHT_SHOULDER,0.7190207242965698,0.47344252467155457,-0.024179577827453613,0.999960720539093,0.9999840259552002
233,9.28,13,LEFT_ELBOW,0.655612051486969,0.4810534417629242,0.04787713661789894,0.8180593252182007,0.9996488094329834
233,9.28,14,RIGHT_ELBOW,0.7318363189697266,0.4895840287208557,-0.04890390858054161,0.994899332523346,0.9998971223831177
233,9.28,15,LEFT_WRIST,0.6499791741371155,0.4892762005329132,0.0815187469124794,0.212982639670372,0.9990862607955933
233,9.28,16,RIGHT_WRIST,0.7430359721183777,0.5045888423919678,-0.050949614495038986,0.8570969700813293,0.9996799230575562
233,9.28,17,LEFT_PINKY,0.6567990183830261,0.4913078546524048,0.09007251262664795,0.17588523030281067,0.9991819262504578
233,9.28,18,RIGHT_PINKY,0.7453082203865051,0.5082152485847473,-0.055727723985910416,0.7694969177246094,0.9996472597122192
233,9.28,19,LEFT_INDEX,0.6608024835586548,0.4913577735424042,0.0881408229470253,0.17311018705368042,0.9991809725761414
233,9.28,20,RIGHT_INDEX,0.7437819242477417,0.5080038905143738,-0.04832768067717552,0.7626848816871643,0.9995948672294617
233,9.28,21,LEFT_THUMB,0.6643126606941223,0.4909801185131073,0.08244185149669647,0.15952323377132416,0.9992583394050598
233,9.28,22,RIGHT_THUMB,0.742591142654419,0.5070058107376099,-0.04780764877796173,0.6885848045349121,0.9996722936630249
233,9.28,23,LEFT_HIP,0.6848357319831848,0.5091177225112915,0.03022376447916031,0.9997654557228088,0.9999141693115234
233,9.28,24,RIGHT_HIP,0.7097641825675964,0.5084215998649597,-0.030461208894848824,0.9998126029968262,0.9999799728393555
233,9.28,25,LEFT_KNEE,0.6975266337394714,0.524707555770874,0.13771024346351624,0.9091232419013977,0.9998342990875244
233,9.28,26,RIGHT_KNEE,0.716194212436676,0.5327428579330444,-0.034387845546007156,0.9883330464363098,0.9999761581420898
233,9.28,27,LEFT_ANKLE,0.6892372369766235,0.5340877771377563,0.14023956656455994,0.9605320692062378,0.9999790191650391
233,9.28,28,RIGHT_ANKLE,0.718482255935669,0.5587703585624695,-0.099851094186306,0.9908348917961121,0.9999884366989136
233,9.28,29,LEFT_HEEL,0.6876655220985413,0.5353380441665649,0.1397259384393692,0.9734697937965393,0.9999755620956421
233,9.28,30,RIGHT_HEEL,0.7155376076698303,0.5626246333122253,-0.10694026947021484,0.9878159761428833,0.999975323677063
233,9.28,31,LEFT_FOOT_INDEX,0.6910969018936157,0.5422852039337158,0.130189910531044,0.9104742407798767,0.9999586343765259
233,9.28,32,RIGHT_FOOT_INDEX,0.7302382588386536,0.5627302527427673,-0.1424063891172409,0.9768242239952087,0.9999196529388428
234,9.32,0,NOSE,0.7001838684082031,0.4602214992046356,0.09118860214948654,0.9996446967124939,0.999448835849762
234,9.32,1,LEFT_EYE_INNER,0.6985456943511963,0.4581739604473114,0.0802900493144989,0.9995558261871338,0.9993571639060974
234,9.32,2,LEFT_EYE,0.6972355842590332,0.45816436409950256,0.08027458935976028,0.9995574355125427,0.9993634819984436
234,9.32,3,LEFT_EYE_OUTER,0.6958946585655212,0.45819413661956787,0.08027622103691101,0.9995017051696777,0.9993828535079956
234,9.32,4,RIGHT_EYE_INNER,0.7022329568862915,0.45807501673698425,0.0771598070859909,0.9996517896652222,0.9994040727615356
234,9.32,5,RIGHT_EYE,0.7035975456237793,0.45800578594207764,0.07717670500278473,0.9996545314788818,0.9993689656257629
234,9.32,6,RIGHT_EYE_OUTER,0.7050103545188904,0.4579506814479828,0.07715179771184921,0.9995842576026917,0.9993683695793152
234,9.32,7,LEFT_EAR,0.6943433880805969,0.4592567980289459,0.032439280301332474,0.9993857741355896,0.9994729161262512
234,9.32,8,RIGHT_EAR,0.7069850564002991,0.4590270221233368,0.024320943281054497,0.9995459914207458,0.9993108510971069
234,9.32,9,MOUTH_LEFT,0.69868403673172,0.46194007992744446,0.07856612652540207,0.9992634057998657,0.9993865489959717
234,9.32,10,MOUTH_RIGHT,0.7026119232177734,0.46201273798942566,0.07448184490203857,0.9993396997451782,0.9993979930877686
234,9.32,11,LEFT_SHOULDER,0.6811402440071106,0.47185757756233215,0.01996261440217495,0.9996125102043152,0.9997605681419373
234,9.32,12,RIGHT_SHOULDER,0.7228507399559021,0.4736689329147339,-0.018760444596409798,0.9999210834503174,0.9996898174285889
234,9.32,13,LEFT_ELBOW,0.6609192490577698,0.4820459187030792,0.004485466983169317,0.836037814617157,0.9998175501823425
234,9.32,14,RIGHT_ELBOW,0.7328838109970093,0.48992234468460083,-0.04112447425723076,0.994343101978302,0.9993579983711243
234,9.32,15,LEFT_WRIST,0.6471318602561951,0.49104759097099304,-0.0018578094895929098,0.29000037908554077,0.9993657469749451
234,9.32,16,RIGHT_WRIST,0.7396988272666931,0.5041838884353638,-0.03480830416083336,0.8425330519676208,0.9975577592849731
234,9.32,17,LEFT_PINKY,0.6432802677154541,0.4931606650352478,-0.003886749967932701,0.25468918681144714,0.9991329312324524
234,9.32,18,RIGHT_PINKY,0.7410933971405029,0.5079166889190674,-0.0399998240172863,0.7524321675300598,0.9976533055305481
234,9.32,19,LEFT_INDEX,0.6423009634017944,0.4931654632091522,-0.005223452113568783,0.25193092226982117,0.9992127418518066
234,9.32,20,RIGHT_INDEX,0.7396436333656311,0.5075687170028687,-0.03538002446293831,0.7433804273605347,0.9974368214607239
234,9.32,21,LEFT_THUMB,0.6458409428596497,0.49259594082832336,-0.0019895306322723627,0.23572838306427002,0.9993155002593994
234,9.32,22,RIGHT_THUMB,0.7387397885322571,0.5065100789070129,-0.03281139209866524,0.6678141355514526,0.997748076915741
234,9.32,23,LEFT_HIP,0.6914346218109131,0.5087228417396545,0.03027738630771637,0.9996798634529114,0.9995518326759338
234,9.32,24,RIGHT_HIP,0.7152334451675415,0.5080966949462891,-0.030504286289215088,0.999801516532898,0.9997519850730896
234,9.32,25,LEFT_KNEE,0.7026554942131042,0.5267041325569153,0.10990309715270996,0.9150371551513672,0.9994596838951111
234,9.32,26,RIGHT_KNEE,0.7189446091651917,0.5322909951210022,-0.02678261697292328,0.9894377589225769,0.9997751116752625
234,9.32,27,LEFT_ANKLE,0.697486937046051,0.5446439385414124,0.1449139416217804,0.9614178538322449,0.9999074935913086
234,9.32,28,RIGHT_ANKLE,0.7203313112258911,0.5587113499641418,-0.04230362921953201,0.9916218519210815,0.9999288320541382
234,9.32,29,LEFT_HEEL,0.6957790851593018,0.5480099320411682,0.14782990515232086,0.9747241139411926,0.9998821020126343
234,9.32,30,RIGHT_HEEL,0.7152295708656311,0.5621442198753357,-0.044821567833423615,0.9889177083969116,0.9998699426651001
234,9.32,31,LEFT_FOOT_INDEX,0.7013619542121887,0.5472710728645325,0.132783904671669,0.8986554741859436,0.9998086094856262
234,9.32,32,RIGHT_FOOT_INDEX,0.7297201752662659,0.5633067488670349,-0.07790931314229965,0.976370096206665,0.9996053576469421
